Gender,Age,Department,Attendance (%),Participation_Score,Projects_Score,Total_Score,Grade,Study_Hours_per_Week,Extracurricular_Activities,Internet_Access_at_Home,Family_Income_Level,Stress_Level (1-10),Sleep_Hours_per_Night,Sleep_Hours_per_Night_Entier,Country
Female,22,Engineering,47.50823,5.188714154,50.79,56.09,F,14.0225,No,Yes,Low,5,4.7,5,US
Male,18,Engineering,45.62664,4.855225312,48.37,50.64,A,12.66,No,No,Low,4,9,9,Japan
Male,24,Business,65.3087,6.865234375,69.22,70.3,D,17.575,No,Yes,Low,6,6.2,6,Japan
Female,24,Mathematics,53.67973,5.401402279,61.52,61.63,A,15.4075,No,Yes,Low,3,6.7,7,Canada
Female,23,CS,62.02994,5.575885329,63.12,66.13,F,16.5325,No,Yes,Low,2,7.1,7,Japan
Male,21,Engineering,62.01792,5.88436019,55.35,62.08,B,15.52,No,Yes,Low,1,5,5,Japan
Male,24,Business,77.21888,6.792653061,76.14,83.21,F,20.8025,Yes,Yes,High,5,6.4,6,Japan
Male,19,Engineering,66.93681,7.26974268,74.15,81.93,F,20.4825,Yes,Yes,High,4,4.3,4,Japan
Female,21,CS,83.38064,8.387719298,91.31,95.62,A,23.905,Yes,Yes,High,9,8.8,9,Japan
Female,22,Engineering,72.58146,7.521238938,78.68,84.99,A,21.2475,Yes,Yes,High,10,6.4,6,Canada
Female,23,CS,50.2115,4.508513932,49.28,58.25,A,14.5625,No,Yes,Low,1,4.1,4,Australia
Female,20,Engineering,70.32674,8.071889401,85.15,87.58,C,21.895,Yes,Yes,High,9,7,7,Canada
Male,21,Engineering,49.6104,5.71732817,53.15,59.06,F,14.765,No,Yes,Low,8,4.5,5,Canada
Male,18,Business,71.85146,7.700592885,73.16,77.93,A,19.4825,Yes,Yes,High,10,7.9,8,Japan
Male,19,Engineering,47.11875,4.536647009,53.27,53.85,B,13.4625,No,No,Low,4,8.8,9,US
Male,18,CS,49.2278,4.630415561,47.33,52.37,A,13.0925,No,No,Low,2,8.6,9,Japan
Female,21,CS,61.78924,6.496007098,64.34,73.21,F,18.3025,No,Yes,Low,3,6.1,6,Australia
Female,23,Business,47.073,5.05952381,49.97,55.25,F,13.8125,No,Yes,Low,10,7.6,8,France
Male,20,CS,52.98263,5.403639371,56.96,65.33,B,16.3325,No,Yes,Low,9,4.8,5,France
Male,20,Engineering,58.10392,5.376706827,63.53,66.94,D,16.735,No,Yes,Low,10,4.4,4,US
Male,18,CS,87.40836,7.673026886,80.03,88.47,D,22.1175,Yes,Yes,High,2,8.1,8,US
Male,22,Business,56.30235,5.855008787,59.87,66.63,C,16.6575,No,Yes,Low,8,7.5,8,France
Male,22,Engineering,63.66144,6.653606411,70.45,74.72,C,18.68,No,Yes,Low,10,8.5,9,US
Female,23,CS,77.19673,6.844015444,80.1,88.63,D,22.1575,Yes,Yes,High,1,8.6,9,US
Female,20,CS,53.49312,5.521539872,56.32,60.24,A,15.06,No,Yes,Low,4,5.7,6,Canada
Male,18,Business,82.20864,7.360522023,84.46,90.24,C,22.56,Yes,Yes,High,3,5.6,6,Australia
Male,18,Engineering,91.13205,9.005899705,88.5,91.59,A,22.8975,Yes,Yes,High,10,6.2,6,US
Male,18,Business,93.9708,9.701463415,89.65,99.44,D,24.86,Yes,Yes,High,2,7.3,7,France
Female,21,Business,70.1784,6.181506849,62.64,72.2,D,18.05,No,Yes,Low,3,4,4,Australia
Female,23,Mathematics,58.9358,5.897590361,58.99,68.53,A,17.1325,No,Yes,Low,3,6.7,7,Canada
Female,22,CS,72.7605,8.020735156,77.09,85.1,F,21.275,Yes,Yes,High,9,4.1,4,US
Male,22,Mathematics,45.18514,4.153061224,44.96,52.91,B,13.2275,No,No,Low,3,6.3,6,Australia
Female,21,CS,43.77558,4.641964286,45.41,51.99,D,12.9975,No,No,Low,9,4.4,4,Canada
Male,19,CS,60.00825,5.178432894,58.22,66.75,D,16.6875,No,Yes,Low,4,6.8,7,Japan
Female,21,Business,76.5348,8.037174721,81.77,86.48,F,21.62,Yes,Yes,High,1,5.6,6,France
Female,23,CS,51.68932,5.47254902,53.03,55.82,A,13.955,No,Yes,Low,8,6.4,6,Australia
Female,18,CS,77.44566,6.912933221,80.69,81.78,F,20.445,Yes,Yes,High,10,8.8,9,US
Male,21,CS,51.48228,6.31641791,63.09,63.48,A,15.87,No,Yes,Low,5,5.7,6,Canada
Male,18,Engineering,77.70778,6.796707819,81.85,82.58,A,20.645,Yes,Yes,High,2,7.6,8,Australia
Female,23,Engineering,60.53835,5.913149351,64.05,72.85,A,18.2125,No,Yes,Low,9,7.4,7,Australia
Male,24,Business,46.89416,4.947648625,45.89,55.76,C,13.94,No,Yes,Low,7,8.3,8,Japan
Male,23,Business,50.88576,5.721100917,55.19,62.36,A,15.59,No,Yes,Low,6,5.7,6,France
Male,20,Engineering,55.25694,5.590284143,54.2,60.99,A,15.2475,No,Yes,Low,2,4.3,4,US
Male,18,CS,52.34877,5.08558952,51.76,58.23,A,14.5575,No,Yes,Low,6,8.9,9,Canada
Male,22,Mathematics,62.55384,6.62037872,63.83,73.42,D,18.355,No,Yes,Low,7,5.8,6,France
Male,21,CS,91.76847,7.683176101,97.63,97.73,C,24.4325,Yes,Yes,High,5,5,5,Australia
Male,24,CS,75.7706,8.2160555,81.58,82.9,C,20.725,Yes,Yes,High,5,8.6,9,Canada
Female,23,CS,84.456,7.786259542,82.87,91.8,A,22.95,Yes,Yes,High,4,5,5,US
Male,18,Engineering,95.78135,9.505758157,89.92,99.05,B,24.7625,Yes,Yes,High,10,6.6,7,Canada
Male,24,CS,62.00915,6.1624,74.95,77.03,B,19.2575,Yes,Yes,High,1,7.8,8,Canada
Female,19,CS,53.9768,4.92442323,54.17,61.9,A,15.475,No,Yes,Low,10,7.7,8,Australia
Female,20,CS,89.54631,8.352686308,95.85,96.39,D,24.0975,Yes,Yes,High,7,4.1,4,Australia
Female,19,CS,76.37005,7.162731872,83.01,84.95,B,21.2375,Yes,Yes,High,3,5,5,US
Female,23,Engineering,95.7951,8.539668701,91.97,97.95,C,24.4875,Yes,Yes,High,5,8.4,8,France
Male,19,Business,80.65135,7.914669223,77.84,82.55,B,20.6375,Yes,Yes,High,8,6.8,7,France
Female,19,Business,75.26848,6.972505892,83.12,88.76,A,22.19,Yes,Yes,High,2,7.4,7,Japan
Female,20,CS,80.63409,8.43264942,86.89,94.53,F,23.6325,Yes,Yes,High,4,6,6,Canada
Male,20,CS,70.54392,7.281456954,82.1,87.96,A,21.99,Yes,Yes,High,9,7.7,8,Japan
Male,20,Mathematics,70.70765,6.847502191,69.17,78.13,B,19.5325,Yes,Yes,High,2,5.4,5,France
Male,24,CS,72.7904,5.873902634,69.82,73.6,F,18.4,No,Yes,Low,8,5.2,5,US
Female,20,Business,76.49163,7.04015444,84.83,91.17,D,22.7925,Yes,Yes,High,9,9,9,Canada
Male,19,CS,72.8292,6.90568979,79.59,88.6,B,22.15,Yes,Yes,High,3,4.8,5,Japan
Female,22,Mathematics,64.2208,5.844311377,60.03,68.32,A,17.08,No,Yes,Low,5,8.9,9,Japan
Male,22,CS,67.87752,7.034741784,69.84,74.92,F,18.73,No,Yes,Low,4,8.6,9,Canada
Male,20,Engineering,75.0465,6.756198347,72.73,81.75,C,20.4375,Yes,Yes,High,10,7.6,8,Japan
Female,24,Business,46.89504,4.915869981,49.48,51.42,F,12.855,No,No,Low,10,6.9,7,US
Male,21,Engineering,56.64104,5.198333333,54.75,62.38,A,15.595,No,Yes,Low,8,4,4,Australia
Male,18,CS,51.19569,5.708675799,57.53,62.51,D,15.6275,No,Yes,Low,8,7.2,7,Australia
Male,23,Engineering,90.95856,7.32192846,94.16,94.16,A,23.54,Yes,Yes,High,5,7.9,8,Japan
Male,24,Business,65.83773,5.552126772,66.51,66.57,A,16.6425,No,Yes,Low,5,7.7,8,US
Male,21,CS,67.9888,6.306938776,75.55,77.26,B,19.315,Yes,Yes,High,1,4.9,5,France
Female,23,CS,87.82522,7.137957911,81.95,91.58,C,22.895,Yes,Yes,High,5,6.7,7,Japan
Female,21,Engineering,54.91856,5.196369637,55.26,62.98,B,15.745,No,Yes,Low,1,6.8,7,Japan
Male,21,CS,45.12057,4.92462752,51.33,56.19,A,14.0475,No,Yes,Low,4,7.3,7,Japan
Female,22,Engineering,85.92444,8.333618477,89.24,97.42,A,24.355,Yes,Yes,High,7,8.2,8,US
Female,18,CS,74.06487,6.986065574,82.58,85.23,F,21.3075,Yes,Yes,High,2,7.5,8,Australia
Female,21,Engineering,53.96545,5.249776985,50.03,58.85,A,14.7125,No,Yes,Low,1,4.7,5,US
Male,20,CS,86.62248,7.086448598,90.94,90.99,D,22.7475,Yes,Yes,High,2,4.1,4,France
Male,23,Engineering,74.88368,8.374882849,84.24,89.36,A,22.34,Yes,Yes,High,7,4.7,5,Japan
Male,24,CS,79.29244,7.362179487,83,91.88,A,22.97,Yes,Yes,High,3,4.2,4,Canada
Female,22,CS,60.36426,5.251851852,55,63.81,A,15.9525,No,Yes,Low,5,6.2,6,France
Female,23,CS,59.89961,5.685243328,65.52,72.43,D,18.1075,No,Yes,Low,1,5.4,5,Japan
Male,20,Mathematics,81.37748,7.928838951,83.81,84.68,A,21.17,Yes,Yes,High,10,4,4,US
Male,20,CS,64.94102,6.449907236,61.85,69.53,D,17.3825,No,Yes,Low,10,4.4,4,Australia
Female,21,Business,45.3145,4.854809437,43.63,53.5,F,13.375,No,No,Low,10,6,6,US
Female,20,CS,50.45616,5.315247895,49.46,56.82,C,14.205,No,Yes,Low,8,8.7,9,US
Male,18,CS,68.44002,7.333333333,74.89,79.86,C,19.965,Yes,Yes,High,4,9,9,Canada
Female,20,Engineering,56.52072,6.701754386,65.39,68.76,B,17.19,No,Yes,Low,10,4.3,4,Canada
Female,21,Engineering,43.53382,4.574158326,46.12,50.27,C,12.5675,No,No,Low,2,8.2,8,Japan
Female,23,Mathematics,82.95126,7.235053235,84.49,88.34,F,22.085,Yes,Yes,High,8,6.4,6,Japan
Female,20,Mathematics,57.80544,6.639175258,62.39,70.84,C,17.71,No,Yes,Low,10,7.1,7,Japan
Female,22,Business,63.52223,5.988149499,64.43,65.69,B,16.4225,No,Yes,Low,5,6.5,7,Australia
Female,24,Engineering,79.93944,7.218197136,78.58,85.68,D,21.42,Yes,Yes,High,2,8.6,9,US
Female,22,Engineering,58.35352,6.15046492,66.81,72.76,A,18.19,No,Yes,Low,9,6.4,6,US
Male,22,CS,69.74102,6.911908646,80.45,84.74,F,21.185,Yes,Yes,High,6,4.8,5,Australia
Male,23,Mathematics,42.25044,4.618049225,48.58,50.66,D,12.665,No,No,Low,8,7.9,8,Australia
Female,19,Engineering,46.68475,4.011923688,50.11,50.47,A,12.6175,No,No,Low,2,6.6,7,US
Female,24,Engineering,68.094,6.812227074,70.38,78,A,19.5,Yes,Yes,High,5,4.6,5,Japan
Female,22,CS,97.92068,8.03811841,95.23,99.11,B,24.7775,Yes,Yes,High,3,6.3,6,Australia
Male,22,CS,61.90226,5.073365231,57.86,63.62,B,15.905,No,Yes,Low,8,7.4,7,Canada
Male,19,Mathematics,69.24722,7.726354454,83.19,84.14,A,21.035,Yes,Yes,High,1,5.5,6,Japan
Female,23,CS,56.08977,4.607704403,56.77,58.61,F,14.6525,No,Yes,Low,9,8.6,9,Canada
Male,24,Engineering,55.67742,5.49706622,62.19,65.58,F,16.395,No,Yes,Low,6,8.2,8,Canada
Female,22,CS,45.3299,4.75308642,44.81,53.9,D,13.475,No,No,Low,1,6.8,7,Canada
Female,21,Business,86.23468,7.553413655,89.2,94.04,A,23.51,Yes,Yes,High,3,4.3,4,Australia
Female,23,CS,53.00568,5.313868613,58.31,65.52,A,16.38,No,Yes,Low,8,6.9,7,Japan
Female,24,Business,58.56704,5.847908745,57.86,61.52,D,15.38,No,Yes,Low,8,6.1,6,US
Female,22,CS,79.69413,7.234949833,82.83,86.53,F,21.6325,Yes,Yes,High,3,7.6,8,France
Female,22,Business,48.09594,5.417344173,54.78,59.97,A,14.9925,No,Yes,Low,10,5.3,5,Japan
Female,19,Business,54.01071,5.581458146,56.61,62.01,B,15.5025,No,Yes,Low,8,7,7,Japan
Male,24,CS,46.6271,4.861674009,51.11,55.18,F,13.795,No,Yes,Low,6,6.8,7,Canada
Female,21,Engineering,92.34974,8.453057709,93.68,98.14,B,24.535,Yes,Yes,High,7,6.6,7,US
Male,23,CS,54.39536,5.067424858,53.49,62.38,B,15.595,No,Yes,Low,2,4.6,5,France
Female,20,CS,81.12114,7.95059761,92.53,99.78,C,24.945,Yes,Yes,High,1,6.4,6,Australia
Female,18,Business,54.28163,5.127288579,53.81,58.81,C,14.7025,No,Yes,Low,1,6.8,7,Japan
Male,21,Engineering,50.46867,4.760261194,50.38,51.03,B,12.7575,No,No,Low,3,8.6,9,Australia
Male,20,CS,82.64816,8.40248227,90.86,94.78,D,23.695,Yes,Yes,High,7,6.3,6,Australia
Female,21,CS,71.89,6.7927773,73.91,79,B,19.75,Yes,Yes,High,9,7.2,7,Canada
Male,24,CS,62.29954,5.687710438,62.97,67.57,B,16.8925,No,Yes,Low,2,6.8,7,Japan
Female,20,Business,60.99002,6.910502283,69.89,75.67,A,18.9175,Yes,Yes,High,6,5,5,Canada
Female,24,CS,59.63584,5.669064748,55.78,63.04,B,15.76,No,Yes,Low,8,4.9,5,Australia
Male,20,Mathematics,78.96084,7.653558052,76.49,81.74,C,20.435,Yes,Yes,High,9,7.7,8,Japan
Male,21,Mathematics,67.8888,6.221709007,71.43,80.82,B,20.205,Yes,Yes,High,10,6.6,7,Japan
Male,19,CS,44.88231,4.696521739,49,54.01,D,13.5025,No,No,Low,3,8.5,9,Japan
Male,21,CS,94.5747,8.853568119,86.34,95.53,D,23.8825,Yes,Yes,High,5,8.5,9,Japan
Female,24,Business,65.80003,7.252234359,63.97,73.03,C,18.2575,No,Yes,Low,5,5.5,6,France
Male,21,CS,53.24616,5.422867514,58.42,59.76,F,14.94,No,Yes,Low,8,4.5,5,Japan
Male,20,CS,64.65093,6.390029326,58.35,65.37,A,16.3425,No,Yes,Low,1,5.7,6,Japan
Male,18,CS,93.12338,9.041666667,85.1,93.31,D,23.3275,Yes,Yes,High,3,4.3,4,US
Male,20,Engineering,64.04216,6.688588008,67.6,69.16,A,17.29,No,Yes,Low,6,7.9,8,US
Male,22,Business,73.7264,7.02970297,73.05,78.1,A,19.525,Yes,Yes,High,6,4.7,5,France
Female,21,CS,96.01668,8.796747967,91.92,97.38,A,24.345,Yes,Yes,High,4,8.3,8,US
Female,23,CS,73.75287,6.975506757,78.44,82.59,D,20.6475,Yes,Yes,High,5,6.1,6,Japan
Male,21,Mathematics,74.23794,6.571764706,75.15,83.79,D,20.9475,Yes,Yes,High,10,5.4,5,France
Male,19,Business,53.62737,5.071486596,57.51,62.43,A,15.6075,No,Yes,Low,3,6.5,7,US
Female,24,Engineering,76.65379,6.651515152,78.35,83.41,A,20.8525,Yes,Yes,High,4,7,7,Japan
Male,23,Business,68.22651,6.611954459,68.04,69.69,F,17.4225,No,Yes,Low,10,7.5,8,France
Female,20,Engineering,88.2882,7.529550827,88.52,95.55,C,23.8875,Yes,Yes,High,10,5.7,6,France
Female,19,Business,56.02816,4.860585198,55.16,56.48,A,14.12,No,Yes,Low,1,8.9,9,Japan
Male,21,CS,59.1376,5.406223717,61.2,64.28,D,16.07,No,Yes,Low,6,6.1,6,Japan
Female,20,CS,44.3989,4.634782609,48.27,53.3,D,13.325,No,No,Low,5,8.2,8,France
Male,20,Business,68.6357,6.089065256,62.49,69.05,B,17.2625,No,Yes,Low,5,4.2,4,Australia
Male,22,Engineering,46.45278,5.489483748,56.31,57.42,A,14.355,No,Yes,Low,4,7.9,8,Japan
Female,22,Mathematics,82.5727,7.707602339,89.95,92.26,B,23.065,Yes,Yes,High,9,6.8,7,Japan
Female,18,CS,95.38375,9.003741815,88.79,96.25,D,24.0625,Yes,Yes,High,9,7.2,7,France
Male,22,Mathematics,79.96426,7.347711268,76.79,83.47,F,20.8675,Yes,Yes,High,5,5.9,6,France
Female,24,Mathematics,48.65994,5.43546798,47.65,55.17,F,13.7925,No,Yes,Low,7,6.7,7,Japan
Male,23,CS,62.58564,6.328301887,62.82,67.08,A,16.77,No,Yes,Low,3,8.7,9,Australia
Female,20,Business,97.7289,8.969863014,98.14,98.22,D,24.555,Yes,Yes,High,1,5.9,6,US
Female,22,Engineering,45.68328,5.160762943,46.84,56.82,C,14.205,No,Yes,Low,1,4.5,5,US
Male,18,Mathematics,64.74624,6.679828326,77.45,77.82,C,19.455,Yes,Yes,High,3,7.6,8,Australia
Male,21,Engineering,58.0437,5.207852194,66.58,67.65,A,16.9125,No,Yes,Low,3,6.5,7,Australia
Male,23,Business,95.06196,8.240725474,96,99.96,C,24.99,Yes,Yes,High,5,6.1,6,Japan
Female,22,Engineering,59.83537,5.346921797,63.28,64.27,D,16.0675,No,Yes,Low,8,7.9,8,Japan
Male,20,CS,48.04163,4.447368421,46.82,52.39,A,13.0975,No,No,Low,6,6.8,7,Japan
Male,21,CS,81.19494,7.511915269,80,85.11,F,21.2775,Yes,Yes,High,8,7.2,7,US
Female,24,Engineering,63.28836,5.464579901,59.49,66.34,D,16.585,No,Yes,Low,7,8.6,9,Japan
Female,20,Business,81.88544,8.263210369,75.57,82.88,B,20.72,Yes,Yes,High,1,4.3,4,US
Male,21,Engineering,52.24758,4.909333333,47.83,55.23,F,13.8075,No,Yes,Low,10,5.3,5,US
Male,24,Engineering,65.0321,6.685689201,67.38,76.15,D,19.0375,Yes,Yes,High,8,8.5,9,Australia
Male,24,CS,56.58948,6.068843778,66.37,68.76,A,17.19,No,Yes,Low,1,8,8,US
Male,23,Engineering,71.8454,7.467444121,74.59,76.84,C,19.21,Yes,Yes,High,5,4.9,5,Japan
Female,20,CS,78.86217,8.734213007,91.63,92.67,D,23.1675,Yes,Yes,High,3,4.8,5,Japan
Female,22,Business,97.45632,8.46695279,94.59,98.64,A,24.66,Yes,Yes,High,7,8.1,8,US
Male,22,Mathematics,72.67014,8.485963214,85.33,87.66,F,21.915,Yes,Yes,High,5,6.8,7,Japan
Male,18,Engineering,85.15976,8.279287723,86.12,88.34,D,22.085,Yes,Yes,High,2,8.3,8,Australia
Male,21,CS,64.60025,6.584840655,73.06,76.45,C,19.1125,Yes,Yes,High,1,8.6,9,Australia
Female,18,CS,47.24307,4.754766031,46.54,54.87,A,13.7175,No,No,Low,10,4.3,4,Japan
Male,19,Engineering,68.6804,6.957429048,73.98,83.35,A,20.8375,Yes,Yes,High,6,8.8,9,Canada
Male,22,Engineering,46.83024,4.646963563,56.36,57.39,D,14.3475,No,Yes,Low,6,7.6,8,Japan
Female,21,Business,59.53968,5.600719424,60.43,62.28,D,15.57,No,Yes,Low,8,8.2,8,Japan
Female,23,CS,84.5262,7.297435897,79.84,85.38,C,21.345,Yes,Yes,High,9,7.2,7,US
Male,18,Business,74.48215,6.523622047,82.22,82.85,F,20.7125,Yes,Yes,High,2,5.5,6,Japan
Male,23,Engineering,57.04496,6.073937153,55.84,65.72,B,16.43,No,Yes,Low,5,7,7,Australia
Female,23,CS,79.2084,8.406072106,87.29,88.6,C,22.15,Yes,Yes,High,5,6.6,7,Canada
Male,23,Engineering,88.82452,8.373920553,89.8,96.97,A,24.2425,Yes,Yes,High,10,8.7,9,France
Male,18,CS,76.33288,6.825088339,71.47,77.26,F,19.315,Yes,Yes,High,8,6.8,7,Canada
Female,19,Engineering,83.12508,7.913207547,75.28,83.88,A,20.97,Yes,Yes,High,9,4.1,4,Canada
Female,24,Business,51.25354,5.178338762,54.57,63.59,B,15.8975,No,Yes,Low,5,7.4,7,Japan
Female,24,Engineering,88.58746,9.278719397,97.44,98.54,F,24.635,Yes,Yes,High,5,4.3,4,Japan
Male,18,Business,56.93886,6.065714286,62.73,63.69,A,15.9225,No,Yes,Low,3,8.7,9,Japan
Female,24,Engineering,86.53729,7.598228663,88.65,94.37,A,23.5925,Yes,Yes,High,6,6.4,6,France
Female,20,CS,84.43764,8.309482759,94.81,96.39,A,24.0975,Yes,Yes,High,7,8.8,9,Australia
Male,24,Engineering,84.08844,6.917135961,76.47,85.98,C,21.495,Yes,Yes,High,3,4.1,4,US
Male,22,Engineering,76.81184,7.449013158,83.51,90.58,D,22.645,Yes,Yes,High,2,6.7,7,Canada
Female,18,CS,60.35292,5.955065359,65.32,72.89,A,18.2225,No,Yes,Low,2,5.1,5,Australia
Female,24,CS,93.38854,7.906095552,90.22,95.98,A,23.995,Yes,Yes,High,9,7.2,7,US
Male,18,Engineering,71.53373,6.812353401,78.01,87.13,F,21.7825,Yes,Yes,High,6,6.5,7,US
Male,19,CS,62.95666,6.366602687,65.91,66.34,A,16.585,No,Yes,Low,2,6.8,7,Australia
Female,20,CS,43.10775,4.287489644,49.72,51.75,A,12.9375,No,No,Low,5,5.8,6,Australia
Female,18,Engineering,64.94472,6.133757962,74.85,77.04,F,19.26,Yes,Yes,High,7,4.3,4,Canada
Male,22,CS,75.55663,7.759696459,89.65,92.03,F,23.0075,Yes,Yes,High,1,4.5,5,Japan
Female,24,Mathematics,75.16824,7.688429752,92.49,93.03,B,23.2575,Yes,Yes,High,8,8.3,8,US
Male,22,CS,79.28064,8.077464789,85.8,91.76,F,22.94,Yes,Yes,High,6,7.5,8,Japan
Female,24,Business,59.95038,5.531876138,58.34,60.74,A,15.185,No,Yes,Low,1,7.8,8,Canada
Male,18,Engineering,58.26027,5.755447942,69.41,71.31,C,17.8275,No,Yes,Low,8,4.6,5,Japan
Male,23,Business,69.87754,6.393819334,72,80.69,C,20.1725,Yes,Yes,High,5,4.2,4,Canada
Female,24,CS,67.37104,6.873866447,78.21,83.38,D,20.845,Yes,Yes,High,7,4.1,4,France
Female,23,Mathematics,56.65377,5.659881255,60.59,66.73,D,16.6825,No,Yes,Low,10,6.6,7,Japan
Male,20,Engineering,83.10666,6.959703947,76.97,84.63,A,21.1575,Yes,Yes,High,4,6.5,7,Japan
Female,22,Business,71.74508,6.689655172,77.96,79.54,C,19.885,Yes,Yes,High,2,4.6,5,US
Female,23,CS,70.97604,7.057657658,69.75,78.34,C,19.585,Yes,Yes,High,8,5.7,6,Canada
Female,22,CS,75.1676,6.821164889,82.19,83.15,B,20.7875,Yes,Yes,High,4,6.7,7,France
Male,24,Engineering,78.48643,7.274954628,76.27,80.17,A,20.0425,Yes,Yes,High,8,7.4,7,Japan
Female,24,CS,56.23976,5.255855856,48.7,58.34,C,14.585,No,Yes,Low,9,8,8,Japan
Female,20,Engineering,84.72288,7.594813614,91.37,93.72,C,23.43,Yes,Yes,High,4,7.2,7,Australia
Male,24,CS,50.30633,5.538392857,55.79,62.03,D,15.5075,No,Yes,Low,8,4.2,4,France
Female,20,Engineering,77.88746,7.907524932,84.93,87.22,B,21.805,Yes,Yes,High,4,6.9,7,Australia
Female,23,Mathematics,50.34992,4.698083067,53.64,58.82,B,14.705,No,Yes,Low,8,4.4,4,Australia
Male,24,Engineering,76.82125,7.57064722,79.19,83.05,D,20.7625,Yes,Yes,High,1,6.8,7,US
Male,18,Business,87.6715,8.409937888,87.23,94.78,C,23.695,Yes,Yes,High,2,5.9,6,France
Female,21,Engineering,43.06797,4.89244186,47.98,50.49,F,12.6225,No,No,Low,10,5.4,5,US
Female,19,Engineering,83.6381,7.962992759,90.8,98.98,B,24.745,Yes,Yes,High,3,6.4,6,Australia
Male,21,Mathematics,42.2136,4.366412214,47.7,51.48,A,12.87,No,No,Low,2,5.9,6,US
Male,21,Business,43.33849,4.761770245,46.12,50.57,A,12.6425,No,No,Low,10,8.2,8,Australia
Female,22,Business,92.4156,8.397830018,83.71,92.88,B,23.22,Yes,Yes,High,8,5.1,5,US
Female,20,CS,78.1776,7.918443003,78.66,85.44,D,21.36,Yes,Yes,High,10,4.7,5,Australia
Female,22,Engineering,44.232,5.105263158,46.92,55.29,B,13.8225,No,Yes,Low,9,8.2,8,US
Male,23,CS,86.50491,7.474537037,95.28,96.87,C,24.2175,Yes,Yes,High,9,5.2,5,Japan
Female,19,Engineering,74.7384,6.858080394,74.72,83.6,A,20.9,Yes,Yes,High,1,4.2,4,Japan
Male,23,Engineering,52.05035,4.629166667,52.98,55.55,F,13.8875,No,Yes,Low,9,5.9,6,Australia
Male,18,Business,77.77308,8.388638413,92.8,93.03,A,23.2575,Yes,Yes,High,8,8.1,8,US
Male,19,Business,59.3881,7.099712368,70.87,74.05,A,18.5125,No,Yes,Low,8,6.2,6,France
Female,22,Engineering,55.79343,5.044198895,61.62,63.91,B,15.9775,No,Yes,Low,3,6.4,6,Australia
Female,24,CS,76.37625,7.156862745,90.09,91.25,A,22.8125,Yes,Yes,High,8,4.2,4,Japan
Female,24,Business,72.31744,7.830630631,78.68,86.92,B,21.73,Yes,Yes,High,2,7.6,8,Canada
Male,22,CS,80.6631,7.833011583,75.19,81.15,B,20.2875,Yes,Yes,High,2,5.7,6,US
Female,23,Engineering,92.84154,7.717886179,93.81,94.93,B,23.7325,Yes,Yes,High,4,7.6,8,US
Male,22,CS,75.8439,7.208365608,92.46,93.06,D,23.265,Yes,Yes,High,7,6.1,6,US
Male,22,CS,52.56838,6.079286422,54.12,61.34,B,15.335,No,Yes,Low,4,6.6,7,US
Male,21,Mathematics,78.80727,7.41943128,91.67,93.93,D,23.4825,Yes,Yes,High,2,6.9,7,Canada
Male,18,CS,59.1507,5.792580101,66.82,68.7,B,17.175,No,Yes,Low,5,5,5,Australia
Male,24,Engineering,70.58774,6.000838223,66.66,71.59,C,17.8975,No,Yes,Low,8,5.5,6,Japan
Male,21,CS,82.15046,7.747054203,94.48,98.62,A,24.655,Yes,Yes,High,7,6.9,7,France
Female,22,Mathematics,77.16723,7.38790932,79.47,87.99,D,21.9975,Yes,Yes,High,7,8.1,8,Australia
Male,20,Business,59.00051,6.13463324,59.97,66.07,D,16.5175,No,Yes,Low,9,8.8,9,Japan
Female,21,CS,67.4856,6.988973707,78.62,82.4,D,20.6,Yes,Yes,High,5,6.6,7,Japan
Male,22,CS,63.73116,6.074980268,72.17,76.97,B,19.2425,Yes,Yes,High,4,4.4,4,Canada
Female,24,Engineering,52.75935,4.45215311,49.69,55.83,B,13.9575,No,Yes,Low,10,8.8,9,Australia
Female,22,CS,93.91805,8.172294372,92.37,94.39,F,23.5975,Yes,Yes,High,9,6.1,6,Canada
Female,18,Engineering,81.88991,7.584512906,86.52,91.09,F,22.7725,Yes,Yes,High,1,4.5,5,Japan
Female,23,CS,74.93427,7.520304569,86.31,88.89,D,22.2225,Yes,Yes,High,6,8.9,9,Canada
Male,19,CS,75.85508,7.004492363,72.83,77.96,D,19.49,Yes,Yes,High,3,5.4,5,Canada
Male,21,Engineering,50.60216,5.078202995,57.18,61.04,F,15.26,No,Yes,Low,6,7.3,7,Canada
Male,21,CS,89.4805,8.379893238,90.52,94.19,B,23.5475,Yes,Yes,High,7,4.7,5,Japan
Male,21,Business,61.62915,5.420673077,59.91,67.65,B,16.9125,No,Yes,Low,1,7.6,8,US
Female,22,CS,47.28627,3.982045277,43.01,51.01,C,12.7525,No,No,Low,6,8.9,9,Canada
Female,18,CS,87.00102,9.32173095,92.73,99.09,B,24.7725,Yes,Yes,High,8,8.9,9,US
Female,22,Mathematics,85.05684,8.608695652,86.05,93.06,B,23.265,Yes,Yes,High,5,4.6,5,Canada
Male,22,Engineering,75.12638,6.834877843,79.64,81.13,B,20.2825,Yes,Yes,High,5,7.8,8,Japan
Female,23,Business,43.5332,4.479646018,49.91,50.62,A,12.655,No,No,Low,7,7.3,7,Canada
Male,20,CS,52.7954,5.031967213,60.18,61.39,D,15.3475,No,Yes,Low,8,8,8,France
Female,18,Engineering,63.888,7.138643068,70.52,72.6,C,18.15,No,Yes,Low,7,5.7,6,France
Female,21,Business,80.9116,6.666666667,80.55,81.4,C,20.35,Yes,Yes,High,3,6,6,France
Female,19,CS,76.78359,8.36532811,78.36,85.41,C,21.3525,Yes,Yes,High,6,5.7,6,Australia
Female,21,Business,73.94207,8.870039683,85.16,89.41,C,22.3525,Yes,Yes,High,9,7.8,8,Japan
Female,22,Engineering,63.70182,6.963294539,70.37,77.78,A,19.445,Yes,Yes,High,2,8,8,France
Male,18,CS,66.99329,6.988185654,78.39,82.81,A,20.7025,Yes,Yes,High,9,5.2,5,Japan
Female,24,Engineering,74.07808,6.982266769,90.45,90.56,D,22.64,Yes,Yes,High,3,6.9,7,France
Male,18,Engineering,79.36877,6.754909662,78.34,85.99,C,21.4975,Yes,Yes,High,3,4.6,5,US
Male,18,CS,87.28182,9.416184971,96.32,97.74,A,24.435,Yes,Yes,High,10,4.1,4,Canada
Male,20,Engineering,88.48112,7.75910596,90.08,93.73,F,23.4325,Yes,Yes,High,2,7.1,7,Canada
Male,21,CS,49.64103,5.783382789,58.2,58.47,A,14.6175,No,Yes,Low,3,8.2,8,Canada
Male,20,Engineering,84.41979,8.372312984,88.28,97.37,C,24.3425,Yes,Yes,High,7,8.5,9,Australia
Male,24,Business,51.1785,4.801435407,58.23,60.21,B,15.0525,No,Yes,Low,3,7.1,7,France
Male,24,Engineering,82.53524,9.050909091,92.14,99.56,F,24.89,Yes,Yes,High,1,8,8,US
Male,23,Mathematics,75.7123,7.203217612,78.25,85.07,D,21.2675,Yes,Yes,High,4,6,6,Japan
Female,19,CS,71.37026,7.677358491,75.48,81.38,F,20.345,Yes,Yes,High,7,8.4,8,Australia
Female,23,Engineering,58.67092,6.524137931,59.8,66.22,B,16.555,No,Yes,Low,6,7.9,8,Canada
Male,22,Business,50.08744,4.733500418,52.88,56.66,B,14.165,No,Yes,Low,10,5.5,6,Canada
Male,20,Engineering,54.00129,4.696413678,50.58,56.31,C,14.0775,No,Yes,Low,3,7,7,France
Male,20,Engineering,81.01044,7.902624894,85.02,93.33,B,23.3325,Yes,Yes,High,1,4.3,4,US
Female,23,CS,67.82414,6.762983947,65.67,71.62,F,17.905,No,Yes,Low,8,4.7,5,France
Female,22,CS,62.62597,7.261638734,72.67,77.99,F,19.4975,Yes,Yes,High,2,8.7,9,Japan
Male,18,CS,84.32307,8.178662151,90.78,96.59,B,24.1475,Yes,Yes,High,5,4,4,Japan
Male,22,Mathematics,60.38474,6.245771144,54.14,62.77,B,15.6925,No,Yes,Low,3,5,5,Australia
Female,21,CS,86.7888,7.205882353,83.17,88.2,F,22.05,Yes,Yes,High,4,4.7,5,France
Female,23,Business,72.12312,6.629395852,66.71,73.52,B,18.38,No,Yes,Low,3,7.5,8,Japan
Male,22,Engineering,55.97072,4.682625483,55.71,60.64,C,15.16,No,Yes,Low,3,4.5,5,Japan
Male,18,CS,74.12,7.132409546,91.52,92.65,D,23.1625,Yes,Yes,High,3,4.1,4,Canada
Male,22,Engineering,80.64,8.219178082,75.7,84,F,21,Yes,Yes,High,10,8.7,9,France
Male,20,Business,51.08175,5.325875486,48.63,54.75,D,13.6875,No,No,Low,8,8.4,8,Japan
Female,19,Business,66.91412,7.62512364,77.01,77.09,D,19.2725,Yes,Yes,High,1,5.8,6,Japan
Female,20,CS,90.92338,9.131163708,86.5,92.59,F,23.1475,Yes,Yes,High,2,4.5,5,Japan
Male,24,CS,44.4939,4.200787402,48.08,53.35,C,13.3375,No,No,Low,2,7.4,7,US
Male,19,CS,66.84464,6.184279476,65.52,70.81,F,17.7025,No,Yes,Low,9,8.4,8,Canada
Male,24,CS,88.81584,8.160940325,87.8,90.26,A,22.565,Yes,Yes,High,7,8.9,9,Japan
Female,22,Engineering,88.274,7.380460683,87.88,92.92,B,23.23,Yes,Yes,High,10,4.7,5,Canada
Male,21,Business,71.45985,7.366804979,88.15,88.77,A,22.1925,Yes,Yes,High,7,7,7,Canada
Male,22,CS,61.04615,5.747359155,59.69,65.29,F,16.3225,No,Yes,Low,8,6.2,6,Canada
Male,18,Business,62.31445,6.071716358,71.58,75.35,B,18.8375,Yes,Yes,High,2,4.8,5,Australia
Female,22,Engineering,74.08806,7.441025641,80.42,87.06,B,21.765,Yes,Yes,High,10,8,8,Japan
Male,19,CS,49.5618,5.055263158,54.96,57.63,A,14.4075,No,Yes,Low,1,7.9,8,Japan
Female,20,CS,78.9525,7.69045323,72.34,79.75,B,19.9375,Yes,Yes,High,6,8.8,9,France
Male,21,Business,84.04154,7.987000929,76.54,86.02,F,21.505,Yes,Yes,High,3,4.4,4,Japan
Male,24,Business,91.205,7.232212666,84.6,92.5,D,23.125,Yes,Yes,High,2,5.2,5,Japan
Male,22,Engineering,45.24212,4.600993377,47.47,55.58,C,13.895,No,Yes,Low,3,8.1,8,Canada
Female,22,CS,58.10352,6.367816092,58.36,66.48,A,16.62,No,Yes,Low,4,6,6,Japan
Male,20,CS,70.99068,7.579154376,67.26,77.08,A,19.27,Yes,Yes,High,5,6.4,6,Japan
Male,21,CS,83.94435,7.948598131,79.81,85.05,A,21.2625,Yes,Yes,High,10,7.1,7,Japan
Female,23,Engineering,79.926,7.554585153,76.79,86.5,B,21.625,Yes,Yes,High,10,6,6,US
Female,24,Business,62.22138,4.868686869,59.46,62.66,C,15.665,No,Yes,Low,4,4.2,4,Australia
Female,22,CS,45.46893,4.620783956,46.84,50.69,C,12.6725,No,No,Low,8,7,7,France
Male,22,Business,76.89852,7.110831234,82.14,84.69,B,21.1725,Yes,Yes,High,6,5.1,5,Japan
Female,23,Engineering,83.14566,8.822550832,90.61,95.46,D,23.865,Yes,Yes,High,7,8.8,9,Australia
Male,24,Engineering,84.21756,7.196156926,80.5,89.88,A,22.47,Yes,Yes,High,4,7.5,8,France
Female,19,Mathematics,77.63184,6.951156812,75.24,81.12,B,20.28,Yes,Yes,High,7,8.2,8,US
Female,19,CS,91.66176,7.653250774,93.63,98.88,D,24.72,Yes,Yes,High,5,8.8,9,Australia
Female,18,Mathematics,65.5689,6.455855856,62.21,71.66,B,17.915,No,Yes,Low,2,4.3,4,France
Male,20,CS,74.49625,7.542037587,72.54,76.25,C,19.0625,Yes,Yes,High,9,4.7,5,Japan
Male,21,CS,43.72704,4.643119266,47.6,50.61,C,12.6525,No,No,Low,2,8,8,France
Male,22,Business,96.4243,7.490377213,92.23,97.3,F,24.325,Yes,Yes,High,2,8.4,8,Canada
Male,24,Mathematics,77.50743,7.106822262,69.54,79.17,F,19.7925,Yes,Yes,High,3,4,4,Australia
Male,22,Engineering,66.54978,6.554194156,66.91,69.54,D,17.385,No,Yes,Low,4,8.7,9,France
Male,18,Engineering,42.56745,4.17172524,48.95,52.23,B,13.0575,No,No,Low,7,6.3,6,Canada
Male,24,Business,58.5832,5.782682513,62.24,68.12,A,17.03,No,Yes,Low,5,6.3,6,Japan
Male,24,Business,40.54544,4.325862069,48.37,50.18,F,12.545,No,No,Low,7,8.4,8,Australia
Male,22,CS,63.2401,5.564705882,58.41,66.22,B,16.555,No,Yes,Low,1,5.4,5,Japan
Female,20,Business,82.83693,9.679563492,89.68,97.57,C,24.3925,Yes,Yes,High,4,6.9,7,Australia
Female,18,Engineering,53.43946,5.41369606,51.22,57.71,B,14.4275,No,Yes,Low,2,5.7,6,Canada
Male,20,Engineering,66.52947,7.296506138,69.69,77.27,D,19.3175,Yes,Yes,High,6,4.6,5,US
Male,18,Engineering,53.75298,5.613055818,51.18,59.33,A,14.8325,No,Yes,Low,2,5.8,6,France
Male,22,Engineering,88.45664,6.928515929,81.84,89.17,A,22.2925,Yes,Yes,High,4,4.9,5,France
Male,18,Mathematics,68.27688,6.654173765,72.25,78.12,C,19.53,Yes,Yes,High,5,6.6,7,Japan
Female,19,Engineering,52.11537,4.871150729,54.03,60.11,C,15.0275,No,Yes,Low,8,6.6,7,US
Female,24,Mathematics,90.79063,7.814907873,86.79,93.31,C,23.3275,Yes,Yes,High,5,6.2,6,US
Male,21,CS,78.4068,7.804024497,83.42,89.2,D,22.3,Yes,Yes,High,2,4.9,5,Japan
Female,22,Business,93.47206,9.07627907,89.95,97.57,C,24.3925,Yes,Yes,High,10,4.6,5,Australia
Female,23,Business,47.37841,4.221940928,42.03,50.03,D,12.5075,No,No,Low,8,4.5,5,Japan
Male,21,Engineering,68.05124,5.613251156,66.97,72.86,A,18.215,No,Yes,Low,8,4.6,5,Canada
Male,22,Engineering,98.89011,9.318732526,97.47,99.99,B,24.9975,Yes,Yes,High,10,5.5,6,US
Male,21,Engineering,80.41728,8.188065099,87.07,90.56,C,22.64,Yes,Yes,High,1,4,4,France
Male,19,Business,80.48124,7.3248,84.72,91.56,C,22.89,Yes,Yes,High,9,4.3,4,Japan
Female,21,Business,77.08806,7.389243391,71.5,81.06,D,20.265,Yes,Yes,High,8,6.4,6,Canada
Male,18,CS,71.25248,7.966511628,82.38,85.64,A,21.41,Yes,Yes,High,1,4.9,5,US
Female,21,Business,89.90892,7.890734266,88.78,90.27,A,22.5675,Yes,Yes,High,9,5.3,5,Canada
Male,22,Engineering,54.50078,5.333007813,53.15,54.61,D,13.6525,No,No,Low,9,5.8,6,Canada
Female,23,CS,71.85087,6.925531915,80.97,84.63,A,21.1575,Yes,Yes,High,8,4.2,4,US
Male,23,Business,81.60223,7.06381323,89.38,90.77,A,22.6925,Yes,Yes,High,10,5.1,5,Japan
Male,20,Engineering,50.79104,4.796313364,48.4,52.04,F,13.01,No,No,Low,7,7.9,8,Australia
Female,24,Business,60.0511,5.624457936,60.28,64.85,A,16.2125,No,Yes,Low,6,5.7,6,Japan
Female,21,CS,55.277,5.184025059,65.8,66.2,A,16.55,No,Yes,Low,5,4.9,5,Japan
Female,23,CS,89.57718,7.818718381,91.02,92.73,D,23.1825,Yes,Yes,High,6,5,5,Japan
Male,21,Engineering,82.7886,8.107468124,84.34,89.02,D,22.255,Yes,Yes,High,1,8.9,9,US
Female,24,CS,74.20672,7.322723254,79.99,82.82,A,20.705,Yes,Yes,High,1,4.7,5,Canada
Female,23,Business,90.14976,8,81.69,90.24,B,22.56,Yes,Yes,High,9,8.5,9,US
Female,24,CS,60.46144,6.397007042,71.66,72.67,A,18.1675,No,Yes,Low,6,4.4,4,Japan
Female,21,Engineering,92.3339,8.695732839,86.49,93.74,D,23.435,Yes,Yes,High,3,8.4,8,Canada
Female,22,CS,57.02004,5.490213523,52.72,61.71,A,15.4275,No,Yes,Low,9,6.5,7,Japan
Female,21,CS,71.67843,8.210982659,76.18,85.23,A,21.3075,Yes,Yes,High,3,7,7,France
Female,24,Business,60.97238,5.935946463,57.07,62.09,F,15.5225,No,Yes,Low,9,5.2,5,Japan
Female,22,CS,47.67483,4.890874882,51.71,51.99,A,12.9975,No,No,Low,5,8.5,9,Australia
Female,22,Engineering,63.76053,5.120414673,61.12,64.21,B,16.0525,No,Yes,Low,1,6.9,7,France
Male,20,Mathematics,64.87085,6.03476152,68.46,74.65,A,18.6625,No,Yes,Low,5,7.4,7,Canada
Male,23,Engineering,77.79148,8.479300828,89.05,92.17,A,23.0425,Yes,Yes,High,10,6.8,7,US
Female,18,Business,64.35032,6.747763864,65.56,75.44,F,18.86,Yes,Yes,High,2,4.6,5,US
Male,22,CS,52.12064,5.283154122,53.25,58.96,A,14.74,No,Yes,Low,2,8.2,8,Australia
Male,24,CS,79.91128,7.9712,89.83,99.64,D,24.91,Yes,Yes,High,1,4.9,5,US
Female,23,Business,60.0075,6.243854474,55.14,63.5,A,15.875,No,Yes,Low,10,5.5,6,Australia
Female,19,Business,90.8229,8.958483755,98.37,99.26,B,24.815,Yes,Yes,High,4,7.3,7,Japan
Female,21,Engineering,84.42704,8.568141593,95.11,96.82,B,24.205,Yes,Yes,High,4,4.5,5,France
Female,24,Engineering,76.65728,6.326497129,71.7,77.12,A,19.28,Yes,Yes,High,5,8.7,9,Australia
Female,19,Engineering,52.7982,5.300970874,45.18,54.6,D,13.65,No,No,Low,4,4.6,5,US
Female,24,CS,79.76857,8.426441352,82.13,84.77,B,21.1925,Yes,Yes,High,2,7.3,7,US
Male,21,Business,80.2923,8.56122449,90.74,92.29,C,23.0725,Yes,Yes,High,5,7.2,7,Canada
Female,20,Engineering,68.58423,7.21978022,69.01,72.27,B,18.0675,No,Yes,Low,8,7.5,8,Japan
Male,24,Engineering,50.1795,5.124069479,51.98,61.95,F,15.4875,No,Yes,Low,6,6.2,6,France
Female,22,Business,85.09216,7.412828947,89.81,90.14,A,22.535,Yes,Yes,High,5,5.9,6,Australia
Female,18,CS,74.3145,7.016348774,73.95,77.25,F,19.3125,Yes,Yes,High,7,8.9,9,Canada
Male,22,CS,48.8022,5.131105398,54.91,59.88,D,14.97,No,Yes,Low,1,8.1,8,US
Female,21,Business,97.28504,7.527413127,93.9,97.48,C,24.37,Yes,Yes,High,6,6.4,6,US
Female,24,Business,95.5494,7.681388013,92.7,97.4,D,24.35,Yes,Yes,High,2,4.9,5,Japan
Male,18,Engineering,57.2773,6.648832685,58.86,68.35,C,17.0875,No,Yes,Low,5,8.5,9,Australia
Female,22,CS,42.7728,4.21887391,44.41,53.2,D,13.3,No,No,Low,10,7.2,7,Japan
Male,18,CS,67.59666,7.699716714,75.7,81.54,B,20.385,Yes,Yes,High,4,4.7,5,Canada
Female,21,Engineering,54.46622,5.165490196,61.69,65.86,B,16.465,No,Yes,Low,7,4.9,5,Canada
Female,20,CS,53.26668,4.296535052,43.49,53.32,B,13.33,No,No,Low,9,6.7,7,Australia
Male,20,Business,92.22525,9.025763359,85.8,94.59,A,23.6475,Yes,Yes,High,9,6.5,7,France
Female,24,Mathematics,86.52206,8.532023911,90.67,99.91,D,24.9775,Yes,Yes,High,10,6,6,Japan
Male,22,Business,64.07648,5.84083045,66.11,67.52,C,16.88,No,Yes,Low,1,6.1,6,France
Male,19,CS,82.878,8.536203523,83.45,87.24,D,21.81,Yes,Yes,High,7,4.9,5,Japan
Male,21,Business,42.84516,5.089780325,52.13,53.29,A,13.3225,No,No,Low,7,5.3,5,Canada
Female,22,CS,59.99724,5.914507772,64,68.49,F,17.1225,No,Yes,Low,5,6.5,7,Australia
Female,22,CS,50.67216,4.74251497,48.75,55.44,A,13.86,No,Yes,Low,8,4.3,4,Australia
Male,20,CS,50.23704,4.434453782,50.15,52.77,C,13.1925,No,No,Low,10,5.8,6,France
Female,24,CS,74.2764,6.950131234,75.4,79.44,A,19.86,Yes,Yes,High,4,5.1,5,Japan
Female,18,Mathematics,80.9098,6.973684211,85.17,90.1,D,22.525,Yes,Yes,High,1,4.9,5,France
Female,21,CS,67.05595,6.328397213,62.98,72.65,C,18.1625,No,Yes,Low,4,4.7,5,Australia
Male,18,CS,70.49425,6.314001657,69.38,76.21,D,19.0525,Yes,Yes,High,2,4.7,5,Japan
Female,23,Mathematics,59.7276,5.435414885,61.78,63.54,F,15.885,No,Yes,Low,3,4.8,5,France
Male,23,CS,76.4016,7.376380629,85.44,86.82,B,21.705,Yes,Yes,High,4,5.9,6,Canada
Female,21,Business,65.66825,6.000881834,64.29,68.05,C,17.0125,No,Yes,Low,7,4.5,5,Japan
Female,24,CS,52.3026,4.718832891,53.14,53.37,C,13.3425,No,No,Low,9,8.5,9,Australia
Male,19,CS,47.26508,5.1942959,52.34,58.28,D,14.57,No,Yes,Low,4,6.5,7,Japan
Female,23,Mathematics,47.56206,4.769230769,48.5,56.42,D,14.105,No,Yes,Low,2,6.5,7,US
Male,20,CS,71.14389,7.045142296,62.88,71.79,B,17.9475,No,Yes,Low,10,5.1,5,Japan
Female,19,Engineering,50.22418,4.323051948,51.16,53.26,F,13.315,No,No,Low,10,8.3,8,Japan
Male,22,CS,78.93968,7.061767005,84.2,90.32,A,22.58,Yes,Yes,High,4,8.1,8,Japan
Female,23,CS,91.8702,7.806873977,85.77,95.4,F,23.85,Yes,Yes,High,8,4.2,4,Australia
Female,20,CS,59.79836,5.664246824,59.61,62.42,A,15.605,No,Yes,Low,2,7.7,8,France
Female,22,CS,66.77772,6.221105528,67.48,74.28,D,18.57,No,Yes,Low,8,4.9,5,US
Male,19,CS,75.57025,6.668129939,66.87,75.95,B,18.9875,Yes,Yes,High,5,6.8,7,Japan
Male,21,Business,91.31,7.883240667,94.14,99.25,C,24.8125,Yes,Yes,High,2,8.4,8,Canada
Male,22,Engineering,49.49712,4.843636364,45.34,53.28,B,13.32,No,No,Low,8,8.7,9,Canada
Female,18,CS,77.05236,7.735621521,77.11,83.39,A,20.8475,Yes,Yes,High,2,4.9,5,Canada
Male,21,Engineering,62.84886,5.756201882,58.06,67.29,B,16.8225,No,Yes,Low,4,8.7,9,France
Male,21,Mathematics,75.01491,6.114820847,66.49,75.09,D,18.7725,Yes,Yes,High,2,4.3,4,Canada
Male,19,Mathematics,58.72025,4.739096573,51.29,60.85,C,15.2125,No,Yes,Low,6,8.5,9,Australia
Male,19,Business,47.33616,5.545889101,57.33,58.01,A,14.5025,No,Yes,Low,3,7.9,8,Canada
Male,20,Business,61.30948,5.088379705,53.74,62.18,C,15.545,No,Yes,Low,7,8.6,9,Japan
Male,20,CS,51.04268,4.735632184,48.96,53.56,F,13.39,No,No,Low,6,5.8,6,US
Male,18,CS,61.2801,5.087579618,55.78,63.9,D,15.975,No,Yes,Low,1,8.7,9,US
Male,21,Engineering,78.09648,6.718600954,82.37,84.52,A,21.13,Yes,Yes,High,9,8.1,8,Japan
Male,24,Engineering,81.82687,6.435697584,75.16,82.57,F,20.6425,Yes,Yes,High,7,5.6,6,Japan
Male,18,Engineering,69.01536,6.729004329,68.61,77.72,A,19.43,Yes,Yes,High,1,5.7,6,Australia
Female,18,Engineering,48.0192,4.338248049,42.26,50.02,A,12.505,No,No,Low,4,5.8,6,Australia
Female,24,Mathematics,53.75695,4.557894737,51.35,56.29,D,14.0725,No,Yes,Low,4,6.9,7,Canada
Male,24,Business,81.5439,8.300900901,91.66,92.14,A,23.035,Yes,Yes,High,6,4.9,5,Canada
Female,24,Engineering,52.20739,5.647424512,61.71,63.59,A,15.8975,No,Yes,Low,3,6.2,6,Japan
Female,19,Business,77.82654,9.541916168,92.34,95.61,C,23.9025,Yes,Yes,High,2,4.3,4,US
Male,18,CS,87.91874,8.331555556,89.22,93.73,A,23.4325,Yes,Yes,High,3,5.8,6,Japan
Male,18,CS,46.3155,5.332409972,55.7,57.75,A,14.4375,No,Yes,Low,4,7.3,7,Japan
Male,22,CS,88.64594,7.467348544,88.1,94.91,B,23.7275,Yes,Yes,High,8,6.9,7,Japan
Female,24,Engineering,73.65795,6.737582781,79.12,81.39,A,20.3475,Yes,Yes,High,8,5.6,6,France
Male,24,CS,74.66316,7.310313901,72.67,81.51,F,20.3775,Yes,Yes,High,1,5.3,5,Japan
Female,20,Business,88.9248,9.263,85.2,92.63,C,23.1575,Yes,Yes,High,9,5.6,6,US
Male,20,CS,67.51025,6.392174704,64.38,70.25,D,17.5625,No,Yes,Low,4,4.3,4,Canada
Female,21,Engineering,82.76904,8.615690169,78.3,86.76,F,21.69,Yes,Yes,High,4,5.3,5,US
Female,20,CS,77.38592,6.566141732,75.99,83.39,C,20.8475,Yes,Yes,High,4,7.5,8,Japan
Male,23,CS,74.23004,7.126307321,80.4,88.58,F,22.145,Yes,Yes,High,7,4.9,5,Japan
Male,21,Business,66.74004,7.629595588,79.09,83.01,A,20.7525,Yes,Yes,High,2,4.7,5,Japan
Female,24,Engineering,52.002,4.900181488,52.29,54,B,13.5,No,No,Low,7,8.2,8,Japan
Female,22,Mathematics,59.27488,5.473327688,58.71,64.64,F,16.16,No,Yes,Low,10,5.2,5,Australia
Male,20,Mathematics,92.829,8.660714286,94.91,97,D,24.25,Yes,Yes,High,2,5.3,5,Japan
Male,22,CS,54.93066,4.730858469,56.93,61.17,D,15.2925,No,Yes,Low,3,6.3,6,Japan
Female,20,CS,59.40327,6.548932384,71.69,73.61,F,18.4025,No,Yes,Low,5,6.4,6,Japan
Male,20,Business,65.4074,6.771457086,63.08,67.85,A,16.9625,No,Yes,Low,1,4.9,5,Canada
Female,22,Mathematics,49.63934,4.518302829,51.59,54.31,C,13.5775,No,No,Low,8,6.8,7,US
Male,18,Engineering,58.88282,4.635792779,51.16,59.06,C,14.765,No,Yes,Low,6,7.5,8,Australia
Male,18,Business,52.68627,5.657871592,60.31,64.33,B,16.0825,No,Yes,Low,4,6.4,6,US
Male,18,Business,72.80415,6.915879017,65.1,73.17,D,18.2925,No,Yes,Low,3,8.5,9,Canada
Female,23,CS,76.8586,8.630755064,87.08,93.73,A,23.4325,Yes,Yes,High,7,9,9,Australia
Male,18,Engineering,72.44568,6.315,72.37,75.78,B,18.945,Yes,Yes,High,6,6.6,7,Japan
Female,20,Business,71.449,7.090128755,81.51,82.6,A,20.65,Yes,Yes,High,9,8.9,9,Japan
Male,24,Engineering,61.6745,6.037256562,68.75,71.3,A,17.825,No,Yes,Low,2,7.2,7,Japan
Female,19,CS,78.2595,7.391304348,90.54,93.5,D,23.375,Yes,Yes,High,6,6.6,7,Japan
Female,22,CS,68.74851,6.394615385,73.49,83.13,C,20.7825,Yes,Yes,High,10,8.4,8,Japan
Male,24,CS,47.93187,5.096261682,47.21,54.53,A,13.6325,No,No,Low,1,8.8,9,Australia
Female,19,CS,64.57112,6.492091388,63.99,73.88,B,18.47,No,Yes,Low,4,9,9,Japan
Female,24,Mathematics,76.83376,7.193700787,87.58,91.36,A,22.84,Yes,Yes,High,4,7.8,8,Japan
Female,23,CS,80.43904,6.873909596,79.2,86.68,F,21.67,Yes,Yes,High,9,6.4,6,Australia
Female,19,CS,87.55313,8.772559853,92.75,95.27,D,23.8175,Yes,Yes,High,9,5.5,6,Japan
Male,21,CS,55.73304,4.776653696,59.65,61.38,C,15.345,No,Yes,Low,8,6.8,7,Canada
Male,18,Engineering,97.08052,8.037398374,97.97,98.86,C,24.715,Yes,Yes,High,8,7.9,8,Japan
Male,23,Engineering,63.80025,6.095825427,61.42,64.25,D,16.0625,No,Yes,Low,5,4.1,4,France
Female,24,CS,50.67215,4.45,50.52,52.51,F,13.1275,No,No,Low,3,5.3,5,US
Female,20,CS,59.89878,7.389328063,69.57,74.78,A,18.695,No,Yes,Low,10,5.8,6,Australia
Male,18,CS,52.41088,4.957142857,53.8,55.52,F,13.88,No,Yes,Low,5,7.9,8,Australia
Male,18,Engineering,74.57009,7.203941731,77.76,84.07,F,21.0175,Yes,Yes,High,10,7.1,7,France
Female,19,CS,86.85742,7.827841845,86.62,95.03,C,23.7575,Yes,Yes,High,7,6.1,6,Canada
Male,21,Mathematics,93.66825,8.039330544,93.6,96.07,D,24.0175,Yes,Yes,High,8,8.6,9,Japan
Male,18,Engineering,79.2251,6.640495868,78.37,80.35,F,20.0875,Yes,Yes,High,8,6.7,7,US
Female,24,CS,70.77272,7.275829384,70.6,76.76,F,19.19,Yes,Yes,High,2,7.6,8,Japan
Male,24,Business,92.0231,9.632850242,95.06,99.7,F,24.925,Yes,Yes,High,7,7.3,7,Australia
Female,22,CS,74.07386,7.818811881,74.57,78.97,F,19.7425,Yes,Yes,High,4,8.3,8,Japan
Male,22,Engineering,88.6604,7.971050455,88.79,96.37,F,24.0925,Yes,Yes,High,4,8.1,8,Japan
Female,18,CS,93.72174,7.428682171,90.14,95.83,A,23.9575,Yes,Yes,High,9,8.9,9,Australia
Female,19,Engineering,56.35552,5.845874887,55.06,64.48,C,16.12,No,Yes,Low,7,5.9,6,Japan
Female,19,Business,40.80545,4.084609186,46.96,50.69,B,12.6725,No,No,Low,5,4.8,5,Japan
Female,20,Mathematics,64.54812,6.166238218,68.22,71.96,B,17.99,No,Yes,Low,5,7.8,8,Japan
Female,23,CS,75.66591,8.633580705,88.19,93.07,B,23.2675,Yes,Yes,High,7,8.4,8,US
Male,23,CS,83.63891,7.067744419,89.38,91.81,D,22.9525,Yes,Yes,High,9,4.3,4,Australia
Male,23,Engineering,75.60974,7.542803387,72.14,80.18,B,20.045,Yes,Yes,High,6,5.7,6,Japan
Male,21,Mathematics,48.98201,5.765702891,54.24,57.83,B,14.4575,No,Yes,Low,10,8,8,Japan
Female,19,Mathematics,47.9037,4.377865613,54.56,55.38,B,13.845,No,Yes,Low,7,7.4,7,Japan
Male,20,CS,84.34099,9.460793804,90.64,97.73,D,24.4325,Yes,Yes,High,4,7.8,8,US
Female,22,CS,57.5667,6.306122449,65.33,71.07,A,17.7675,No,Yes,Low,9,6.7,7,Japan
Female,24,Engineering,77.63022,7.51230629,74.86,82.41,C,20.6025,Yes,Yes,High,8,5.9,6,France
Male,23,CS,87.76209,8.538530466,85.92,95.29,F,23.8225,Yes,Yes,High,9,8.1,8,France
Female,22,CS,87.50664,8.632502308,91.44,93.49,A,23.3725,Yes,Yes,High,5,6.8,7,Japan
Male,22,CS,67.381,7.504789272,74.57,78.35,A,19.5875,Yes,Yes,High,1,6.6,7,Japan
Female,18,Engineering,73.9536,7.351778656,64.99,74.4,F,18.6,No,Yes,Low,8,7.7,8,US
Female,21,Mathematics,79.47216,7.076672104,79.17,86.76,C,21.69,Yes,Yes,High,8,5,5,France
Male,20,Mathematics,67.1426,6.414448669,65.89,67.48,F,16.87,No,Yes,Low,7,6.9,7,Japan
Female,21,CS,70.37982,7.497232472,73.46,81.27,A,20.3175,Yes,Yes,High,7,5.5,6,US
Male,18,Engineering,42.87208,4.414150129,46,51.16,A,12.79,No,No,Low,5,4.1,4,Japan
Female,20,Business,75.2565,8.300272975,86.81,91.22,A,22.805,Yes,Yes,High,8,7.7,8,Japan
Male,20,CS,98.1018,8.004807692,94.8,99.9,C,24.975,Yes,Yes,High,3,6.4,6,Canada
Female,19,Engineering,79.6581,7.708201893,96.86,97.74,F,24.435,Yes,Yes,High,5,8.5,9,France
Male,21,Engineering,59.1513,5.791311755,63.25,67.99,A,16.9975,No,Yes,Low,10,6.5,7,France
Male,21,CS,71.88984,6.8113879,71.95,76.56,A,19.14,Yes,Yes,High,10,4.1,4,US
Female,19,Engineering,57.29787,5.28742515,55.88,61.81,A,15.4525,No,Yes,Low,9,6,6,France
Male,22,CS,56.61535,6.270452358,56.62,65.15,C,16.2875,No,Yes,Low,8,4.9,5,US
Female,18,Engineering,66.96753,6.810280374,67.59,72.87,F,18.2175,No,Yes,Low,9,8.6,9,Japan
Female,21,CS,73.46135,6.802959502,85.69,87.35,F,21.8375,Yes,Yes,High,8,6.2,6,France
Male,19,CS,41.98425,4.487654321,48.3,50.89,D,12.7225,No,No,Low,6,6.6,7,US
Male,24,CS,55.89138,6.21677074,65.36,69.69,A,17.4225,No,Yes,Low,7,5.8,6,Canada
Male,20,Business,74.3181,6.512133891,74.15,77.82,F,19.455,Yes,Yes,High,6,6.6,7,Japan
Male,23,Engineering,57.84352,5.559011894,53.74,60.76,A,15.19,No,Yes,Low,2,4.4,4,Canada
Male,24,Engineering,44.91536,5.209661836,51.19,53.92,A,13.48,No,No,Low,1,6.3,6,Canada
Female,19,Engineering,70.51368,6.22815534,68,76.98,A,19.245,Yes,Yes,High,1,7.3,7,Japan
Male,23,Engineering,68.29626,7.145724258,77.27,81.89,A,20.4725,Yes,Yes,High,7,5.9,6,Australia
Female,22,CS,75.56805,6.747532895,81.84,82.05,C,20.5125,Yes,Yes,High,8,6,6,US
Male,18,Business,64.37067,6.240110396,66.77,67.83,D,16.9575,No,Yes,Low,1,8.2,8,US
Male,23,CS,58.34341,5.903625954,52.12,61.87,A,15.4675,No,Yes,Low,1,6.7,7,Canada
Male,22,CS,53.45352,5.193191489,55.76,61.02,F,15.255,No,Yes,Low,7,6.9,7,Japan
Female,23,Business,47.65948,4.172413793,42.98,52.03,F,13.0075,No,No,Low,5,5.5,6,Japan
Male,20,CS,54.13622,4.780468119,51.27,59.23,D,14.8075,No,Yes,Low,9,6.4,6,Australia
Female,20,CS,75.92655,7.805150215,85.96,90.93,A,22.7325,Yes,Yes,High,9,4.3,4,France
Female,20,Engineering,48.39475,4.985089463,49.08,50.15,C,12.5375,No,No,Low,7,6.2,6,Japan
Female,20,Engineering,51.77248,4.165203512,43.24,52.19,A,13.0475,No,No,Low,7,8,8,Japan
Male,19,Business,49.41895,4.853574505,47.33,56.35,B,14.0875,No,Yes,Low,2,4.8,5,Japan
Female,20,Engineering,64.26405,5.622327791,62.63,71.01,B,17.7525,No,Yes,Low,2,7.8,8,Japan
Male,24,Engineering,62.6886,5.759067358,65.82,66.69,F,16.6725,No,Yes,Low,10,5.9,6,Australia
Female,20,Business,51.35208,4.543981481,54,58.89,A,14.7225,No,Yes,Low,1,4.1,4,France
Male,24,CS,48.4396,4.422770701,47.54,55.55,A,13.8875,No,Yes,Low,7,8.8,9,France
Female,19,CS,88.2154,7.712012729,87.26,96.94,F,24.235,Yes,Yes,High,5,4.9,5,France
Male,20,Engineering,86.19512,9.066413662,86.86,95.56,B,23.89,Yes,Yes,High,1,5.7,6,France
Male,22,CS,84.1605,6.830377795,87.49,88.59,B,22.1475,Yes,Yes,High,7,6.4,6,France
Male,22,Mathematics,50.9564,4.845201238,59.8,62.6,B,15.65,No,Yes,Low,7,8.7,9,France
Female,21,Business,64.06224,5.749782798,60.86,66.18,C,16.545,No,Yes,Low,10,6.9,7,France
Female,22,CS,78.04273,8.157688541,77.8,83.29,A,20.8225,Yes,Yes,High,3,8.5,9,Australia
Male,18,CS,61.60932,5.117274168,57.04,64.58,A,16.145,No,Yes,Low,3,6.8,7,Japan
Female,18,CS,69.87189,7.351585014,70.91,76.53,F,19.1325,Yes,Yes,High,4,5,5,Australia
Female,18,CS,70.50624,7.242105263,74.02,82.56,A,20.64,Yes,Yes,High,7,6.8,7,France
Female,19,CS,68.89572,6.190709046,68.2,75.96,D,18.99,Yes,Yes,High,7,4.5,5,Canada
Female,22,Engineering,68.32822,6.320214669,64.61,70.66,D,17.665,No,Yes,Low,8,4.6,5,Canada
Female,24,Business,55.73153,5.754910333,60.54,67.39,D,16.8475,No,Yes,Low,9,4.6,5,US
Female,18,Business,83.5566,7.346280992,81.08,88.89,F,22.2225,Yes,Yes,High,5,4.1,4,France
Female,21,CS,86.2544,8.210576015,77.05,86.95,C,21.7375,Yes,Yes,High,10,4.8,5,Canada
Male,19,CS,70.64673,6.584627329,75.4,84.81,A,21.2025,Yes,Yes,High,8,5.8,6,France
Male,21,Engineering,57.25209,6.093085106,59.43,68.73,F,17.1825,No,Yes,Low,1,4.4,4,US
Female,22,Business,72.89659,7.01342812,87.47,88.79,B,22.1975,Yes,Yes,High,2,4,4,Australia
Male,20,Business,86.92632,9.322857143,88.88,97.89,B,24.4725,Yes,Yes,High,8,4.6,5,US
Male,21,Mathematics,82.9299,6.566874028,76.51,84.45,D,21.1125,Yes,Yes,High,8,8.7,9,France
Male,20,Engineering,58.98682,6.30734767,61.47,70.39,C,17.5975,No,Yes,Low,9,6.6,7,Canada
Female,19,Engineering,81.19728,7.066876475,86.35,89.82,D,22.455,Yes,Yes,High,7,6.2,6,Japan
Female,21,CS,69.2042,7.620265152,76.53,80.47,A,20.1175,Yes,Yes,High,8,6.4,6,Japan
Female,21,Engineering,89.46764,8.00341006,92.04,93.88,D,23.47,Yes,Yes,High,2,6.8,7,France
Female,23,CS,81.46266,7.02707137,85.25,85.66,A,21.415,Yes,Yes,High,8,4.5,5,Australia
Female,19,Engineering,75.6675,7.119871279,84.9,88.5,B,22.125,Yes,Yes,High,3,6.9,7,Canada
Male,19,Engineering,78.03432,6.86738056,80.45,83.37,C,20.8425,Yes,Yes,High,10,8.2,8,Japan
Female,18,CS,44.7174,5.190114068,47.87,54.6,C,13.65,No,No,Low,4,6.8,7,Japan
Male,22,CS,71.43812,7.359762141,66.62,74.26,B,18.565,No,Yes,Low,7,8.4,8,Canada
Female,21,CS,44.1047,4.449873631,52.42,52.82,A,13.205,No,No,Low,7,4.7,5,US
Male,21,CS,61.95728,5.932786885,69.1,72.38,C,18.095,No,Yes,Low,6,8.1,8,Japan
Female,24,CS,73.03282,7.07502061,83.32,85.82,B,21.455,Yes,Yes,High,1,7.3,7,France
Female,19,CS,58.90874,6.793499044,66.8,71.06,A,17.765,No,Yes,Low,9,7,7,Canada
Female,19,CS,47.87648,4.711194732,48.86,50.08,C,12.52,No,No,Low,3,6.9,7,France
Female,22,CS,64.83162,6.223636364,66.04,68.46,A,17.115,No,Yes,Low,10,4.6,5,Japan
Female,19,Mathematics,43.99336,4.116422513,45.16,53.39,B,13.3475,No,No,Low,4,7.2,7,Canada
Female,20,CS,73.71684,7.088375796,81.09,89.03,A,22.2575,Yes,Yes,High,2,6,6,Australia
Male,20,CS,82.67913,7.999103139,86.65,89.19,B,22.2975,Yes,Yes,High,5,4.3,4,US
Female,23,Engineering,81.46864,6.974517375,87.54,90.32,A,22.58,Yes,Yes,High,6,5,5,France
Male,20,Business,43.5344,4,42.99,51.52,B,12.88,No,No,Low,6,6.2,6,France
Female,20,Engineering,48.66823,4.29725229,45.79,51.61,D,12.9025,No,No,Low,1,9,9,Canada
Male,22,CS,88.88878,7.97736798,86.7,95.17,D,23.7925,Yes,Yes,High,4,6.2,6,Japan
Male,21,Engineering,53.6519,5.121239745,48.92,56.18,F,14.045,No,Yes,Low,10,4.7,5,Canada
Male,20,Business,72.2275,6.744749596,79.42,83.5,F,20.875,Yes,Yes,High,4,8.5,9,Australia
Male,23,Business,88.06437,8.374067164,84.83,89.77,D,22.4425,Yes,Yes,High,3,4.2,4,Canada
Male,19,Engineering,68.0466,6.267532468,63.98,72.39,D,18.0975,No,Yes,Low,7,4.6,5,Japan
Male,20,Business,76.77876,7.463320463,74.15,77.32,B,19.33,Yes,Yes,High,4,6.4,6,Canada
Female,23,Business,57.87191,5.740879326,54.56,61.37,B,15.3425,No,Yes,Low,7,4.5,5,US
Male,22,Engineering,94.64112,8.783561644,93.68,96.18,C,24.045,Yes,Yes,High,3,6.9,7,France
Female,24,Engineering,54.35015,6.246641075,61.34,65.09,B,16.2725,No,Yes,Low,4,4.8,5,Japan
Female,24,Engineering,50.96493,5.061512884,59.3,60.89,B,15.2225,No,Yes,Low,3,7.3,7,Japan
Male,24,Business,64.67696,5.930793157,69.73,76.27,D,19.0675,Yes,Yes,High,4,4.6,5,France
Male,19,CS,58.45846,4.683713611,59.12,59.53,C,14.8825,No,Yes,Low,10,8.1,8,US
Female,23,Mathematics,69.48792,8.40777667,83.81,84.33,B,21.0825,Yes,Yes,High,4,7.7,8,Japan
Male,20,CS,66.89608,6.536669543,72.5,75.76,A,18.94,Yes,Yes,High,4,8.6,9,Canada
Male,21,Engineering,47.74848,5.544927536,56.92,57.39,F,14.3475,No,Yes,Low,3,4.3,4,US
Male,19,Business,46.90344,4.842105263,48.43,53.36,F,13.34,No,No,Low,6,6.8,7,US
Male,19,CS,47.0718,5.414285714,51.55,56.85,F,14.2125,No,Yes,Low,5,7.5,8,Australia
Male,24,Engineering,51.82896,5.533592989,51.07,56.83,D,14.2075,No,Yes,Low,6,8.5,9,US
Male,21,CS,59.20728,6.5183714,63.37,65.64,D,16.41,No,Yes,Low,7,6.4,6,Canada
Male,24,CS,83.22728,8.061565523,83.03,91.66,A,22.915,Yes,Yes,High,4,8.8,9,Canada
Female,19,CS,45.35388,5.04389313,45.19,52.86,B,13.215,No,No,Low,9,4.6,5,France
Male,20,CS,54.0876,5.376549094,51.95,56.4,F,14.1,No,Yes,Low,1,6.2,6,Japan
Female,24,CS,54.84788,5.970669111,58.35,65.14,B,16.285,No,Yes,Low,8,5.3,5,Japan
Female,24,Mathematics,73.70883,7.138786765,74.49,77.67,A,19.4175,Yes,Yes,High,2,4.8,5,France
Female,24,Mathematics,81.0888,8.692307692,87.15,88.14,B,22.035,Yes,Yes,High,3,5.4,5,Japan
Female,19,CS,90.10428,8.051969824,91.19,96.06,A,24.015,Yes,Yes,High,2,7.3,7,Japan
Male,20,Business,59.9394,6.56744186,66.39,70.6,D,17.65,No,Yes,Low,10,6.4,6,Japan
Female,21,CS,47.77056,5.373177843,51.22,55.29,A,13.8225,No,Yes,Low,6,4.9,5,Japan
Female,18,CS,48.72604,5.978325123,54.33,60.68,B,15.17,No,Yes,Low,5,4.2,4,France
Female,21,CS,63.52332,5.28407225,57.87,64.36,F,16.09,No,Yes,Low,7,8.6,9,France
Female,20,Mathematics,80.0128,8.448438978,82.25,89.3,C,22.325,Yes,Yes,High,9,5.6,6,US
Female,22,Mathematics,69.82524,6.884081633,81.37,84.33,D,21.0825,Yes,Yes,High,7,4.6,5,Japan
Male,24,CS,57.1857,5.04590985,58.31,60.45,B,15.1125,No,Yes,Low,9,4.7,5,Japan
Male,21,CS,84.30898,7.116099071,86.99,91.94,D,22.985,Yes,Yes,High,5,5.3,5,Australia
Female,22,CS,84.50064,7.557723577,89.39,92.96,B,23.24,Yes,Yes,High,3,5.2,5,Japan
Male,22,Engineering,83.67268,9.137864078,93.39,94.12,F,23.53,Yes,Yes,High,3,5.4,5,France
Male,20,Engineering,56.2275,5.221130221,57.94,63.75,D,15.9375,No,Yes,Low,4,5.1,5,Australia
Female,20,CS,48.29988,5.27839851,51.81,56.69,D,14.1725,No,Yes,Low,2,6.2,6,US
Female,24,Business,51.888,5.454545455,45.21,55.2,B,13.8,No,Yes,Low,3,7.8,8,Canada
Female,18,CS,65.59,5.551149881,62.01,70,A,17.5,No,Yes,Low,9,4.1,4,US
Male,23,Mathematics,58.53393,6.046531303,71,71.47,F,17.8675,No,Yes,Low,9,5,5,Japan
Female,19,Engineering,83.50854,8.362578335,92.64,93.41,F,23.3525,Yes,Yes,High,8,7.6,8,Australia
Male,21,Engineering,57.93846,5.74705349,62.84,63.39,A,15.8475,No,Yes,Low,2,4.7,5,US
Male,20,Business,74.0194,6.344773791,76.38,81.34,F,20.335,Yes,Yes,High,9,7.7,8,Japan
Male,21,Business,87.53239,7.43843594,80.43,89.41,F,22.3525,Yes,Yes,High,5,6.6,7,US
Female,23,CS,52.10066,4.961688819,58.56,63.46,C,15.865,No,Yes,Low,8,8.4,8,Japan
Male,23,CS,50.94144,6.139534884,53.37,63.36,B,15.84,No,Yes,Low,6,4.1,4,Australia
Female,24,Mathematics,71.60868,6.545882353,78.21,83.46,C,20.865,Yes,Yes,High,2,7.9,8,Canada
Female,22,CS,75.78018,8.412280702,81.87,86.31,C,21.5775,Yes,Yes,High,1,6.9,7,Japan
Female,24,CS,97.20608,8.900090827,95.64,97.99,C,24.4975,Yes,Yes,High,4,6.3,6,Japan
Female,19,Engineering,84.36,7.341269841,86.62,92.5,D,23.125,Yes,Yes,High,4,4.7,5,Japan
Female,18,Business,82.7188,9.073705179,88.98,91.1,C,22.775,Yes,Yes,High,7,5.2,5,France
Male,21,Business,84.53538,7.515097691,82.13,84.62,C,21.155,Yes,Yes,High,2,7.9,8,US
Male,19,Mathematics,48.53856,4.983957219,47.44,55.92,A,13.98,No,Yes,Low,4,4.7,5,France
Male,18,Engineering,74.99134,7.378466558,83.62,90.46,A,22.615,Yes,Yes,High,10,6.6,7,Japan
Male,21,CS,89.70579,9.233778626,95.28,96.77,D,24.1925,Yes,Yes,High,1,5,5,France
Male,19,Engineering,64.74174,5.86835443,66.18,69.54,F,17.385,No,Yes,Low,7,6.4,6,France
Female,20,Business,53.59488,6.358180058,58.98,65.68,F,16.42,No,Yes,Low,3,5.3,5,Japan
Female,21,CS,75.05432,5.98427673,70.45,76.12,F,19.03,Yes,Yes,High,8,5.8,6,Japan
Male,19,CS,95.8636,7.844426624,93.85,97.82,A,24.455,Yes,Yes,High,1,8,8,Japan
Male,23,CS,42.92518,4.193136472,49.81,52.54,B,13.135,No,No,Low,1,4.2,4,US
Male,18,Engineering,77.3232,7.125938282,80.22,85.44,B,21.36,Yes,Yes,High,9,8.6,9,Canada
Female,19,Business,75.39663,7.972759227,86.07,90.73,A,22.6825,Yes,Yes,High,5,5.6,6,Australia
Female,20,Engineering,81.3904,8.935064935,89.15,89.44,A,22.36,Yes,Yes,High,4,7,7,France
Female,24,Mathematics,67.3724,7.818363273,74.49,78.34,A,19.585,Yes,Yes,High,4,5.1,5,Japan
Male,21,CS,90.84438,8.35770235,93.93,96.03,A,24.0075,Yes,Yes,High,8,5.8,6,US
Male,21,Mathematics,54.00696,5.069705094,54.37,56.73,C,14.1825,No,Yes,Low,9,6.3,6,US
Male,21,Business,61.88644,4.960956175,53.33,62.26,C,15.565,No,Yes,Low,7,7.4,7,France
Male,20,CS,57.31195,5.077700078,60.31,65.35,C,16.3375,No,Yes,Low,8,8.4,8,Japan
Female,18,Mathematics,44.78184,4.686802974,40.49,50.43,A,12.6075,No,No,Low,2,8.3,8,Canada
Male,21,CS,56.33166,6.000875657,60.22,68.53,A,17.1325,No,Yes,Low,10,5.7,6,Japan
Male,18,Business,56.34713,5.149068323,53.99,58.03,F,14.5075,No,Yes,Low,7,4.4,4,Australia
Male,19,Business,77.17585,6.821993671,78.66,86.23,C,21.5575,Yes,Yes,High,4,8.6,9,US
Female,23,Business,59.713,6.425976385,67.33,70.75,A,17.6875,No,Yes,Low,8,4.2,4,Japan
Female,23,Engineering,84.11214,7.308747856,80.24,85.22,A,21.305,Yes,Yes,High,10,8.4,8,US
Male,18,CS,55.36608,5.885350318,57.33,64.68,B,16.17,No,Yes,Low,8,4.1,4,Japan
Female,18,Engineering,51.2796,5.631840796,47.94,56.6,C,14.15,No,Yes,Low,10,8.9,9,France
Female,23,CS,50.6004,4.760302775,47.35,56.6,F,14.15,No,Yes,Low,2,4.1,4,Japan
Female,21,Business,58.29504,4.808952838,53.35,60.16,B,15.04,No,Yes,Low,9,4.1,4,US
Female,22,Business,49.45912,4.802756245,47.26,55.76,B,13.94,No,Yes,Low,6,6.5,7,Canada
Female,22,Mathematics,51.69241,5.71977507,57.07,61.03,B,15.2575,No,Yes,Low,5,7.3,7,US
Male,20,CS,75.792,6.397893031,77.76,78.95,C,19.7375,Yes,Yes,High,9,5.8,6,Canada
Male,24,Business,57.29184,5.099025974,60.35,62.82,A,15.705,No,Yes,Low,3,7,7,France
Male,23,Mathematics,62.78525,5.729522184,60.57,67.15,D,16.7875,No,Yes,Low,5,8.2,8,Canada
Female,23,Business,45.63888,4.781108084,44.46,52.64,D,13.16,No,No,Low,5,8,8,Japan
Female,20,CS,94.32617,8.241289199,86.27,94.61,D,23.6525,Yes,Yes,High,8,8.4,8,US
Female,22,CS,48.60114,5.284122563,47.49,56.91,A,14.2275,No,Yes,Low,9,4.8,5,Australia
Female,19,CS,61.83331,6.379375591,64.68,67.43,B,16.8575,No,Yes,Low,9,5.1,5,Australia
Male,21,Engineering,56.90025,5.810446504,59.39,68.97,C,17.2425,No,Yes,Low,5,6.9,7,US
Male,21,Engineering,80.72371,7.341342171,85.45,88.61,B,22.1525,Yes,Yes,High,2,7.6,8,Japan
Male,19,Mathematics,62.90464,6.186822352,68.68,74.18,D,18.545,No,Yes,Low,10,4.5,5,Japan
Male,19,CS,64.65525,6.087147887,64.43,69.15,A,17.2875,No,Yes,Low,6,4.9,5,Japan
Male,22,CS,72.0715,6.619047619,78.86,84.79,D,21.1975,Yes,Yes,High,4,8.6,9,France
Male,20,Engineering,77.21495,7.583095916,73.03,79.85,A,19.9625,Yes,Yes,High,9,4.1,4,US
Female,19,Business,48.35727,4.749779736,51.39,53.91,A,13.4775,No,No,Low,8,6,6,Canada
Female,20,Mathematics,59.86368,5.184834123,57.02,65.64,C,16.41,No,Yes,Low,6,5.1,5,Australia
Male,24,Business,83.89264,8.169281585,89.7,98.93,F,24.7325,Yes,Yes,High,2,7.9,8,Canada
Female,18,Engineering,69.49729,7.017029328,66.46,74.17,F,18.5425,No,Yes,Low,3,8.3,8,Australia
Male,21,Engineering,67.00861,6.648926237,67.63,71.21,C,17.8025,No,Yes,Low,2,5.2,5,Australia
Male,22,Business,52.2675,5.115658363,52.25,57.5,C,14.375,No,Yes,Low,6,6.9,7,France
Female,21,Engineering,88.18005,7.988705474,90.88,91.95,C,22.9875,Yes,Yes,High,4,8.2,8,Japan
Male,22,CS,53.2698,4.490491284,56.08,56.67,B,14.1675,No,Yes,Low,1,7,7,Japan
Male,18,CS,51.8245,5.271946565,50.89,55.25,A,13.8125,No,Yes,Low,9,7,7,Australia
Male,21,CS,60.79775,6.311403509,70.99,71.95,B,17.9875,No,Yes,Low,6,6.1,6,Canada
Female,18,Business,67.73569,6.351016799,68.65,71.83,A,17.9575,No,Yes,Low,2,7.3,7,US
Female,22,CS,80.2467,9.39943074,89.66,99.07,D,24.7675,Yes,Yes,High,3,8.8,9,US
Female,19,CS,50.00906,5.565646594,48.28,56.38,A,14.095,No,Yes,Low,8,5.5,6,France
Female,24,CS,64.47111,6.096138044,64.29,74.19,D,18.5475,No,Yes,Low,9,5,5,France
Male,21,Engineering,58.67862,4.797124601,50.61,60.06,F,15.015,No,Yes,Low,9,8.8,9,US
Female,18,CS,72.49668,8.261165049,84.35,85.09,A,21.2725,Yes,Yes,High,5,4.3,4,Canada
Female,23,Engineering,61.99578,6.377635197,62.27,69.58,F,17.395,No,Yes,Low,4,8.2,8,Japan
Female,21,CS,79.78256,6.789126853,76.29,82.42,A,20.605,Yes,Yes,High,5,8.5,9,Japan
Male,21,CS,62.70404,5.480753481,59.74,66.92,C,16.73,No,Yes,Low,1,5.1,5,Japan
Female,21,Engineering,76.58717,7.401135289,70.9,78.23,B,19.5575,Yes,Yes,High,3,6.1,6,France
Female,20,CS,73.01924,6.500884956,66.01,73.46,A,18.365,No,Yes,Low,9,4.6,5,Japan
Male,18,CS,64.9404,6.476908577,65.17,68.72,C,17.18,No,Yes,Low,8,5.8,6,France
Male,18,CS,64.11792,6.348472337,67.72,76.88,F,19.22,Yes,Yes,High,4,6.3,6,Japan
Male,21,Business,66.76835,5.741908714,68.07,69.19,B,17.2975,No,Yes,Low,1,6.5,7,France
Male,19,Engineering,73.5042,8.826979472,88.92,90.3,B,22.575,Yes,Yes,High,3,4.6,5,Australia
Female,21,CS,67.284,7.174664107,74.71,74.76,A,18.69,No,Yes,Low,4,6,6,Canada
Male,20,CS,89.06976,8.057578323,87.09,95.16,C,23.79,Yes,Yes,High,4,7.1,7,Japan
Female,22,Mathematics,50.1348,6.047477745,55.7,61.14,F,15.285,No,Yes,Low,1,6.5,7,Japan
Female,20,Engineering,48.49192,4.844076655,46.08,55.61,D,13.9025,No,Yes,Low,6,8.2,8,Japan
Female,19,Engineering,68.42855,5.911815068,61.45,69.05,B,17.2625,No,Yes,Low,9,8.8,9,Japan
Female,21,Business,48.05416,4.939899833,55.12,59.18,C,14.795,No,Yes,Low,8,8.1,8,US
Female,18,Business,62.13672,6.197508897,64.55,69.66,B,17.415,No,Yes,Low,2,4.2,4,Japan
Male,24,Business,54.9367,5.689915174,59.13,60.37,C,15.0925,No,Yes,Low,7,5.1,5,Japan
Female,23,Engineering,80.3326,7.983760684,84.29,93.41,D,23.3525,Yes,Yes,High,3,4.4,4,Japan
Female,21,Engineering,71.5008,6.571668064,69.87,78.4,A,19.6,Yes,Yes,High,6,6.2,6,Canada
Female,19,CS,74.28096,6.287153652,74.06,74.88,D,18.72,No,Yes,Low,2,7.6,8,Japan
Male,18,Mathematics,84.29477,7.117038217,82.91,89.39,A,22.3475,Yes,Yes,High,8,4.2,4,US
Female,20,Engineering,52.281,4.901994796,52.88,56.52,F,14.13,No,Yes,Low,4,5.3,5,Japan
Female,22,CS,82.35795,7.493946731,90.34,92.85,B,23.2125,Yes,Yes,High,6,4.5,5,Australia
Male,22,Mathematics,68.31057,6.449565217,72.82,74.17,F,18.5425,No,Yes,Low,3,6.1,6,France
Female,24,Mathematics,49.60386,4.852263023,56.69,56.82,D,14.205,No,Yes,Low,1,8.6,9,US
Female,21,Mathematics,89.1506,8.814922481,87.43,90.97,B,22.7425,Yes,Yes,High,2,6.1,6,Australia
Male,20,Business,71.36008,5.666408068,64.06,73.04,D,18.26,No,Yes,Low,10,7.2,7,Canada
Female,24,Mathematics,69.96056,6.491100324,71.74,80.23,B,20.0575,Yes,Yes,High,8,5.9,6,Canada
Female,23,CS,76.6908,7.989873418,88.09,94.68,A,23.67,Yes,Yes,High,6,7.7,8,Australia
Female,23,Business,81.86298,7.460931334,92.97,94.53,B,23.6325,Yes,Yes,High,4,7.7,8,Japan
Female,24,Business,84.13496,7.325077399,94.46,94.64,F,23.66,Yes,Yes,High,9,4.7,5,Japan
Female,19,CS,60.86015,6.004237288,62.03,70.85,F,17.7125,No,Yes,Low,7,7.3,7,Canada
Male,22,CS,70.4214,8.501457726,80.35,87.48,B,21.87,Yes,Yes,High,1,5.9,6,Japan
Male,20,Mathematics,50.2529,5.129783694,56.97,61.66,A,15.415,No,Yes,Low,6,8.3,8,Japan
Male,21,CS,88.8132,7.220820189,87.72,91.56,B,22.89,Yes,Yes,High,4,4.8,5,US
Female,18,Business,54.40999,5.69524618,58.92,67.09,A,16.7725,No,Yes,Low,6,8.5,9,Japan
Female,21,CS,67.2708,7.024952015,68.68,73.2,B,18.3,No,Yes,Low,8,6.6,7,France
Female,21,CS,84.82929,9.317241379,86.82,94.57,F,23.6425,Yes,Yes,High,9,5.3,5,US
Male,20,Engineering,83.60854,8.607244995,82.33,90.29,D,22.5725,Yes,Yes,High,3,5.7,6,Japan
Female,22,CS,87.18359,7.950325733,95.71,97.63,A,24.4075,Yes,Yes,High,2,4,4,Japan
Female,20,Engineering,59.10339,6.113901345,58.75,68.17,F,17.0425,No,Yes,Low,10,8.7,9,Japan
Female,18,Engineering,56.11125,4.787853577,50.34,57.55,B,14.3875,No,Yes,Low,7,5.1,5,Japan
Male,24,CS,82.05168,8.013422819,90.59,95.52,D,23.88,Yes,Yes,High,7,8.5,9,Canada
Male,20,CS,69.20982,6.58377425,72.51,74.66,F,18.665,No,Yes,Low,3,8.3,8,US
Female,19,CS,89.27415,7.351750973,90.87,94.47,F,23.6175,Yes,Yes,High,5,5.7,6,Canada
Female,21,CS,74.476,6.786833856,79.25,86.6,A,21.65,Yes,Yes,High,10,5.1,5,France
Female,22,Business,79.86648,7.244204019,90.96,93.74,F,23.435,Yes,Yes,High,8,6.1,6,France
Male,23,Engineering,78.52026,7.501359927,76.84,82.74,C,20.685,Yes,Yes,High,3,8.7,9,US
Male,18,CS,76.03018,8.573320719,81.17,90.62,A,22.655,Yes,Yes,High,8,8.3,8,Australia
Male,23,Engineering,52.6588,4.514101531,48.17,56.02,F,14.005,No,Yes,Low,3,6.4,6,Canada
Female,21,CS,87.78172,9.535852713,96.77,98.41,B,24.6025,Yes,Yes,High,4,6.7,7,Canada
Male,20,CS,54.9165,5.324616772,56.53,59.05,D,14.7625,No,Yes,Low,3,6,6,US
Female,23,CS,51.07631,4.301427372,50.33,51.23,C,12.8075,No,No,Low,5,8.7,9,Canada
Female,19,Business,63.75782,6.79148181,71.73,76.54,D,19.135,Yes,Yes,High,8,8.9,9,US
Male,20,Mathematics,70.62,6.620262954,78.74,85.6,C,21.4,Yes,Yes,High,5,5.4,5,Japan
Female,21,Business,75.86488,8.188931298,79.83,85.82,F,21.455,Yes,Yes,High,7,8.7,9,Japan
Male,23,CS,56.2464,5.182662539,58.05,66.96,A,16.74,No,Yes,Low,4,8.8,9,US
Female,24,CS,72.60732,6.998403831,82.57,87.69,A,21.9225,Yes,Yes,High,10,6.4,6,Australia
Female,18,Engineering,90.84018,7.508557457,91.52,92.13,A,23.0325,Yes,Yes,High,2,6.1,6,US
Male,23,Business,75.67,6.793248945,71.67,80.5,A,20.125,Yes,Yes,High,6,8.3,8,Canada
Female,24,Mathematics,57.9348,6.132743363,61.32,69.3,A,17.325,No,Yes,Low,5,8.7,9,US
Female,24,CS,67.04508,6.49074819,70.72,80.68,F,20.17,Yes,Yes,High,8,6,6,Canada
Female,23,CS,92.08579,8.075455334,85.46,93.11,D,23.2775,Yes,Yes,High,8,6.5,7,Australia
Female,22,Engineering,86.18314,7.675282714,88.07,95.02,A,23.755,Yes,Yes,High,1,5.7,6,Australia
Female,23,Business,48.7431,4.605357143,48.66,51.58,A,12.895,No,No,Low,8,5,5,Australia
Female,21,Business,50.56412,4.566314076,55.27,56.12,F,14.03,No,Yes,Low,3,9,9,France
Female,24,Engineering,44.50378,3.89379845,44.61,50.23,D,12.5575,No,No,Low,2,4.9,5,Japan
Female,18,Mathematics,71.56058,7.161228407,70.62,74.62,A,18.655,No,Yes,Low,10,8.1,8,US
Male,21,Engineering,57.59964,6.186046512,71.77,71.82,A,17.955,No,Yes,Low,4,6.1,6,Australia
Male,19,Mathematics,74.50756,7.032757052,74.87,77.29,B,19.3225,Yes,Yes,High,10,4.4,4,Australia
Female,20,Mathematics,73.6575,7.263157895,79.42,84.18,B,21.045,Yes,Yes,High,8,5.6,6,Japan
Female,23,Business,58.7294,5.450119713,66.16,68.29,A,17.0725,No,Yes,Low,5,4.4,4,US
Male,22,CS,54.81001,5.250217202,52.53,60.43,A,15.1075,No,Yes,Low,7,8.9,9,US
Female,18,CS,68.97286,5.45269742,65.33,69.74,B,17.435,No,Yes,Low,8,5.3,5,US
Male,22,Engineering,44.64825,4.975345168,41.9,50.45,A,12.6125,No,No,Low,3,7.7,8,US
Male,22,Engineering,76.74333,8.976447498,84.48,91.47,D,22.8675,Yes,Yes,High,7,6.1,6,US
Male,22,Business,60.47206,5.985294118,59.23,69.19,D,17.2975,No,Yes,Low,7,7.4,7,Japan
Female,23,CS,70.02382,6.596747967,74.81,81.14,F,20.285,Yes,Yes,High,9,5.3,5,US
Female,18,CS,65.04768,5.311948677,61.31,66.24,A,16.56,No,Yes,Low,3,4.5,5,Australia
Female,18,Business,66.12606,6.537651822,70.96,80.74,A,20.185,Yes,Yes,High,6,8,8,Japan
Male,24,CS,75.63364,6.691572546,69.29,77.02,B,19.255,Yes,Yes,High,7,7.6,8,Australia
Male,22,CS,55.47474,5.544036697,51.37,60.43,A,15.1075,No,Yes,Low,9,4.5,5,Australia
Male,24,CS,65.8287,7.652542373,76.99,81.27,C,20.3175,Yes,Yes,High,4,7.7,8,Canada
Female,24,Engineering,53.42724,4.989208633,47.38,55.48,A,13.87,No,Yes,Low,4,7,7,France
Male,20,CS,71.3842,6.270110076,72.37,74.05,D,18.5125,No,Yes,Low,5,4.9,5,Canada
Male,23,Business,84.01223,7.947319778,83.34,85.99,F,21.4975,Yes,Yes,High,10,8.1,8,US
Female,23,Engineering,69.31775,7.653162055,68.95,77.45,F,19.3625,Yes,Yes,High,5,7.5,8,Australia
Male,21,Mathematics,77.26935,8.687562189,81.47,87.31,A,21.8275,Yes,Yes,High,1,6.5,7,US
Male,24,Engineering,58.63086,5.787272727,63.57,63.66,D,15.915,No,Yes,Low,8,4.9,5,US
Female,23,CS,44.20692,4.178486056,43.84,52.44,F,13.11,No,No,Low,8,6.7,7,US
Female,22,CS,44.5632,5.07204611,49.84,52.8,A,13.2,No,No,Low,9,4.8,5,Canada
Male,19,CS,55.8272,5.145174371,55.81,63.44,B,15.86,No,Yes,Low,3,4.9,5,Australia
Female,22,Engineering,68.90202,5.984693878,62.22,70.38,A,17.595,No,Yes,Low,6,5.2,5,Australia
Male,18,CS,62.2728,6.47683235,70.56,76.88,A,19.22,Yes,Yes,High,10,7.3,7,Australia
Female,23,CS,79.44352,7.909990999,82.85,87.88,D,21.97,Yes,Yes,High,9,7.4,7,US
Male,23,Engineering,76.25142,8.183274021,84.26,91.98,C,22.995,Yes,Yes,High,4,4.4,4,France
Female,21,CS,68.84484,7.331601732,82.73,84.68,B,21.17,Yes,Yes,High,9,7.3,7,Australia
Male,24,CS,72.72104,7.186640472,64.85,73.16,A,18.29,No,Yes,Low,6,4.2,4,France
Female,19,Business,59.61646,6.315684316,60.19,63.22,A,15.805,No,Yes,Low,4,8.5,9,France
Female,23,Mathematics,64.32239,6.978494624,64.98,71.39,A,17.8475,No,Yes,Low,6,7.9,8,France
Female,21,CS,62.77862,4.997645212,55.22,63.67,D,15.9175,No,Yes,Low,6,7.6,8,US
Female,21,CS,77.07778,6.55,72.36,81.22,A,20.305,Yes,Yes,High,4,5.2,5,Canada
Female,19,Mathematics,79.63716,7.918989547,90.65,90.91,C,22.7275,Yes,Yes,High,10,8.9,9,France
Female,22,CS,63.23303,6.629694323,73.35,75.91,D,18.9775,Yes,Yes,High,5,8.6,9,US
Female,22,Mathematics,51.81939,4.775342466,49.13,52.29,B,13.0725,No,No,Low,1,6.4,6,Canada
Male,22,CS,91.07361,9.124176858,89.01,96.99,D,24.2475,Yes,Yes,High,9,4.2,4,Australia
Male,20,Business,59.14494,6.375369458,61.08,64.71,B,16.1775,No,Yes,Low,7,6.6,7,Australia
Female,24,CS,84.72105,9.303206997,86.51,95.73,D,23.9325,Yes,Yes,High,5,4.8,5,US
Female,24,Mathematics,80.40655,7.418166939,81.09,90.65,A,22.6625,Yes,Yes,High,5,7,7,US
Male,22,CS,69.38812,5.693795326,62.03,70.66,F,17.665,No,Yes,Low,6,8.9,9,France
Male,19,Engineering,46.18216,4.856617647,51.73,52.84,A,13.21,No,No,Low,8,7.8,8,US
Female,20,CS,97.00044,7.537925697,91.96,97.39,A,24.3475,Yes,Yes,High,3,5.6,6,Canada
Male,24,CS,67.60425,7.257217848,79.98,82.95,A,20.7375,Yes,Yes,High,8,6,6,Australia
Male,22,Business,56.232,5.285956007,58.56,62.48,A,15.62,No,Yes,Low,3,8.7,9,US
Female,20,Engineering,76.21992,6.840321142,74.74,76.68,A,19.17,Yes,Yes,High,10,4.6,5,US
Female,19,Mathematics,73.593,6.5416,75.43,81.77,D,20.4425,Yes,Yes,High,5,8.5,9,US
Female,22,Engineering,56.91424,5.880153404,60.61,61.33,B,15.3325,No,Yes,Low,5,4.4,4,Australia
Male,18,Business,48.06372,4.921692169,50.96,54.68,C,13.67,No,No,Low,2,6.1,6,US
Female,23,Engineering,59.12421,5.642920748,53.81,63.37,A,15.8425,No,Yes,Low,1,7.7,8,Japan
Female,19,Mathematics,49.81338,5.145383104,45.61,52.38,F,13.095,No,No,Low,3,6,6,US
Male,21,Mathematics,48.0965,4.717813051,49.73,53.5,A,13.375,No,No,Low,10,6.9,7,US
Female,21,CS,48.75069,5.771457086,56.32,57.83,A,14.4575,No,Yes,Low,4,6.5,7,France
Male,19,Business,52.30176,5.338248848,57.23,57.92,F,14.48,No,Yes,Low,7,7,7,Australia
Male,21,Business,62.088,4.8,55.4,62.4,D,15.6,No,Yes,Low,7,4.9,5,France
Male,24,CS,79.14279,8.140336134,94.56,96.87,F,24.2175,Yes,Yes,High,9,6.9,7,Australia
Male,19,Engineering,66.41997,7.268450185,68.91,78.79,A,19.6975,Yes,Yes,High,4,8.9,9,Australia
Male,18,CS,58.82451,6.800191205,70.96,71.13,C,17.7825,No,Yes,Low,3,5,5,US
Male,19,Business,75.0624,6.295491143,77.03,78.19,F,19.5475,Yes,Yes,High,3,4.3,4,Canada
Female,22,CS,46.36738,4.803247373,43.91,50.29,A,12.5725,No,No,Low,10,6,6,France
Female,22,CS,87.06606,9.297350343,94.46,94.74,A,23.685,Yes,Yes,High,10,5.9,6,US
Female,20,Engineering,66.42954,6.014128728,71.56,76.62,D,19.155,Yes,Yes,High,1,4.6,5,US
Male,21,Engineering,58.7898,5.862681745,67.31,72.58,A,18.145,No,Yes,Low,6,6.9,7,Canada
Female,23,Business,95.91504,8.769647696,92.49,97.08,C,24.27,Yes,Yes,High,4,6.2,6,US
Male,21,Mathematics,78.47364,7.085995086,79.82,86.52,D,21.63,Yes,Yes,High,5,8.2,8,US
Female,24,Engineering,64.32894,6.660358566,59.56,66.87,A,16.7175,No,Yes,Low,2,6.1,6,Canada
Male,19,CS,86.64495,9.176303318,93.28,96.81,F,24.2025,Yes,Yes,High,8,8.9,9,US
Female,23,Business,75.5616,8.827454719,85.1,92.6,A,23.15,Yes,Yes,High,10,7.9,8,Japan
Male,23,Engineering,80.43179,8.083540116,97.12,97.73,B,24.4325,Yes,Yes,High,3,6.4,6,US
Female,21,Engineering,49.05495,4.696658098,46.24,54.81,A,13.7025,No,No,Low,7,6.8,7,US
Male,23,CS,87.59296,9.509727626,89.53,97.76,C,24.44,Yes,Yes,High,9,8.3,8,Canada
Female,23,Engineering,62.25198,6.553950722,73.9,77.14,A,19.285,Yes,Yes,High,9,7.9,8,Japan
Male,22,CS,73.40958,7.843339587,80.66,83.61,B,20.9025,Yes,Yes,High,8,7.3,7,Australia
Female,18,Business,53.45802,5.084731544,59.65,60.61,F,15.1525,No,Yes,Low,3,5.3,5,Japan
Female,19,Engineering,55.93662,5.568359375,56.46,57.02,B,14.255,No,Yes,Low,5,6.1,6,US
Female,21,Business,45.71259,5.08671065,49.73,53.97,D,13.4925,No,No,Low,10,7.9,8,US
Male,22,Engineering,62.9412,6.47723133,67.88,71.12,D,17.78,No,Yes,Low,1,7.1,7,Canada
Male,24,CS,50.13847,5.047107438,59.06,61.07,C,15.2675,No,Yes,Low,7,8.8,9,US
Male,24,Business,47.48224,4.743859649,44.36,54.08,D,13.52,No,No,Low,4,8.4,8,Japan
Male,20,Engineering,80.05725,7.739509105,90.89,97.75,F,24.4375,Yes,Yes,High,9,6.1,6,US
Male,23,CS,74.44953,8.649700599,78.55,86.67,F,21.6675,Yes,Yes,High,10,5.5,6,Japan
Female,23,Engineering,72.32317,6.125100888,66.15,75.89,D,18.9725,Yes,Yes,High,8,4.6,5,US
Male,21,CS,86.82132,8.389797883,79.64,87.17,A,21.7925,Yes,Yes,High,10,6,6,Japan
Female,18,Business,75.65523,6.534468775,74.43,80.57,F,20.1425,Yes,Yes,High,7,5.1,5,France
Female,18,Engineering,53.6579,4.634146341,52.95,58.9,B,14.725,No,Yes,Low,10,4.1,4,US
Male,21,Business,69.66451,6.471473851,80.69,81.67,F,20.4175,Yes,Yes,High,4,4.7,5,Australia
Female,21,CS,76.56955,7.544883303,74.83,84.05,B,21.0125,Yes,Yes,High,2,6.3,6,US
Male,22,CS,54.32186,4.945643485,52.32,61.87,B,15.4675,No,Yes,Low,3,8.5,9,Japan
Male,24,Mathematics,60.0691,6.011839709,64.87,66.01,A,16.5025,No,Yes,Low,8,5.6,6,France
Male,21,Business,59.62454,5.429356358,64.39,69.17,C,17.2925,No,Yes,Low,6,6.2,6,US
Female,24,CS,75.96324,6.699832776,79.35,80.13,D,20.0325,Yes,Yes,High,3,5.9,6,France
Male,20,CS,49.46652,5.021390374,46.57,56.34,A,14.085,No,Yes,Low,10,5.8,6,Japan
Male,24,CS,80.28357,7.639789658,84.07,87.17,C,21.7925,Yes,Yes,High,2,7.6,8,Canada
Male,22,Engineering,61.243,5.458231955,66.02,67.3,D,16.825,No,Yes,Low,8,6.5,7,Canada
Female,23,Business,79.85296,7.505767524,80.06,84.59,C,21.1475,Yes,Yes,High,9,6,6,Canada
Male,23,Business,87.26592,7.520622568,89.82,96.64,D,24.16,Yes,Yes,High,7,8.7,9,Canada
Female,24,Engineering,81.24281,8.165065502,92.56,93.49,C,23.3725,Yes,Yes,High,5,5.4,5,US
Female,23,Business,80.364,8.051899907,86.71,86.88,C,21.72,Yes,Yes,High,8,8.2,8,Japan
Male,23,Engineering,56.38815,4.819870759,51.21,59.67,B,14.9175,No,Yes,Low,3,6.6,7,Canada
Female,19,CS,71.3584,6.862123613,85.93,86.6,A,21.65,Yes,Yes,High,4,6.2,6,US
Female,20,Engineering,80.23599,7.819311663,76.5,81.79,F,20.4475,Yes,Yes,High,3,4.3,4,US
Male,22,Mathematics,83.40083,6.891912908,84.08,88.63,C,22.1575,Yes,Yes,High,3,8.3,8,France
Male,22,Business,80.54528,9.07184466,88.08,93.44,B,23.36,Yes,Yes,High,8,5.4,5,Australia
Male,23,Engineering,60.78339,5.2456,62.6,65.57,A,16.3925,No,Yes,Low,3,7.4,7,Japan
Female,18,Engineering,73.09358,6.383540373,81.8,82.22,F,20.555,Yes,Yes,High,6,8.4,8,Canada
Male,22,Mathematics,55.53496,4.977361436,60.35,63.76,B,15.94,No,Yes,Low,7,6.7,7,Australia
Female,20,Engineering,58.62701,6.232407407,62.16,67.31,F,16.8275,No,Yes,Low,1,7.2,7,Japan
Female,21,CS,74.5094,6.062998405,67.65,76.03,B,19.0075,Yes,Yes,High,8,5.7,6,Canada
Female,20,Mathematics,66.26004,6.235652174,70.72,71.71,B,17.9275,No,Yes,Low,8,7.6,8,US
Female,23,Business,79.78991,6.559836066,72.3,80.03,B,20.0075,Yes,Yes,High,4,7.3,7,Canada
Female,23,CS,74.749,8.351377018,87.02,87.94,A,21.985,Yes,Yes,High,8,6.2,6,US
Male,19,Engineering,73.91025,6.894329897,79.2,80.25,A,20.0625,Yes,Yes,High,6,7.2,7,France
Male,24,Engineering,81.7467,9.713017751,95.84,98.49,F,24.6225,Yes,Yes,High,7,5.3,5,France
Female,22,CS,82.99905,7.498705781,85.97,86.91,A,21.7275,Yes,Yes,High,3,7.3,7,US
Female,24,Mathematics,80.194,9.105504587,94.91,99.25,A,24.8125,Yes,Yes,High,3,7.4,7,France
Male,24,Engineering,81.85263,7.343723673,81.25,87.17,C,21.7925,Yes,Yes,High,10,6.2,6,Australia
Male,22,Business,61.6772,7.236084453,66.76,75.4,A,18.85,Yes,Yes,High,10,5.2,5,US
Female,22,CS,62.2251,6.194029851,65.18,70.55,F,17.6375,No,Yes,Low,9,8,8,US
Female,23,Engineering,81.65998,7.410760034,83.53,86.78,F,21.695,Yes,Yes,High,10,7.8,8,US
Male,22,CS,69.76572,6.727272727,82.82,84.36,A,21.09,Yes,Yes,High,10,4.3,4,Japan
Male,18,Business,71.25776,6.659217877,77.27,83.44,B,20.86,Yes,Yes,High,9,6.5,7,Australia
Female,18,Engineering,75.50093,6.622307692,81.42,86.09,B,21.5225,Yes,Yes,High,3,4.5,5,Australia
Male,21,Engineering,82.3768,7.679245283,89.11,93.61,C,23.4025,Yes,Yes,High,9,5.6,6,US
Male,22,CS,49.29617,6.120638086,52.89,61.39,F,15.3475,No,Yes,Low,3,6.1,6,Canada
Female,19,CS,64.39152,6.602531646,76.12,78.24,B,19.56,Yes,Yes,High,4,4.9,5,Japan
Female,21,CS,73.99691,7.026292726,76.77,80.17,F,20.0425,Yes,Yes,High,3,6.3,6,US
Female,23,CS,51.97056,5.373233583,54.81,64.64,B,16.16,No,Yes,Low,5,7.5,8,Canada
Male,22,Engineering,80.8122,8.765432099,98.95,99.4,A,24.85,Yes,Yes,High,4,6.2,6,France
Female,18,Engineering,86.1552,6.980453479,84.7,89.28,A,22.32,Yes,Yes,High,9,5.2,5,Canada
Male,19,Engineering,60.31278,6.345821326,62.52,66.06,F,16.515,No,Yes,Low,2,6.1,6,Japan
Female,21,Engineering,64.45608,5.232665639,62.96,67.92,A,16.98,No,Yes,Low,10,7,7,Australia
Female,19,CS,76.4599,8.16634981,78.13,85.91,D,21.4775,Yes,Yes,High,8,8.7,9,US
Male,22,CS,48.19321,4.42432196,41.33,50.57,A,12.6425,No,No,Low,3,6.5,7,Canada
Male,20,CS,61.2684,7.113702624,68.13,73.2,A,18.3,No,Yes,Low,9,8.4,8,Japan
Female,19,Business,62.92892,5.710884354,65.38,67.16,A,16.79,No,Yes,Low,2,8.9,9,Canada
Female,19,Engineering,89.3628,8.37398374,87.1,92.7,A,23.175,Yes,Yes,High,7,6.8,7,Japan
Male,23,CS,76.84248,8.441093308,80.91,89.56,B,22.39,Yes,Yes,High,6,4.7,5,US
Female,18,CS,65.934,6.459747818,59.52,66.6,A,16.65,No,Yes,Low,8,8.4,8,US
Male,22,Business,89.32392,7.34751773,86.11,93.24,A,23.31,Yes,Yes,High,3,8.3,8,Japan
Male,19,Business,76.83104,9.316455696,91.04,95.68,B,23.92,Yes,Yes,High,6,8.3,8,Canada
Female,22,Engineering,72.9628,6.83876652,76.12,77.62,D,19.405,Yes,Yes,High,2,8.8,9,France
Male,18,Engineering,57.32244,5.216921692,53.34,57.96,A,14.49,No,Yes,Low,10,5.4,5,Canada
Male,23,CS,80.37616,7.285596708,78.97,88.52,B,22.13,Yes,Yes,High,10,5.7,6,Australia
Male,22,Mathematics,57.98763,5.28182546,64.71,65.97,F,16.4925,No,Yes,Low,7,7.4,7,France
Female,24,Business,73.91648,7.406401552,75.4,76.36,C,19.09,Yes,Yes,High,3,6.8,7,US
Male,18,CS,47.36568,5.212362911,48.37,52.28,C,13.07,No,No,Low,5,8.3,8,Canada
Female,18,Business,62.925,6.613756614,72.62,75,A,18.75,No,Yes,High,3,5.3,5,France
Female,21,Business,65.35247,5.638071895,65.37,69.01,A,17.2525,No,Yes,Low,10,7.3,7,US
Female,23,CS,75.027,7.574123989,74.4,84.3,B,21.075,Yes,Yes,High,1,8.7,9,Canada
Male,23,Engineering,46.99212,4.056118472,46.97,52.04,A,13.01,No,No,Low,1,5.1,5,Japan
Male,24,CS,70.28125,6.51563753,80.07,81.25,B,20.3125,Yes,Yes,High,10,5.5,6,US
Female,22,CS,83.1068,6.927286943,81.56,88.6,A,22.15,Yes,Yes,High,4,6,6,US
Female,20,Business,46.69008,4.003162055,47.44,50.64,A,12.66,No,No,Low,5,4.4,4,US
Male,24,CS,80.675,7.932910245,81.36,87.5,A,21.875,Yes,Yes,High,1,4.9,5,Australia
Female,21,Business,55.60584,4.546259051,49.38,56.51,A,14.1275,No,Yes,Low,10,5.9,6,US
Female,23,Mathematics,70.2123,7.853839038,84.88,84.9,A,21.225,Yes,Yes,High,3,4.4,4,Australia
Male,18,CS,59.88148,6.896682464,69.94,72.76,B,18.19,No,Yes,Low,3,5.8,6,Japan
Female,23,Engineering,73.0216,7.41165234,74.83,77.6,F,19.4,Yes,Yes,High,2,5.2,5,US
Male,24,Business,61.25292,6.123626374,59.02,66.87,B,16.7175,No,Yes,Low,6,8.3,8,Australia
Male,20,Business,50.68778,4.830876649,61.07,62.27,D,15.5675,No,Yes,Low,2,7,7,US
Female,19,Business,46.2672,4.557446809,44.87,53.55,B,13.3875,No,No,Low,4,8.5,9,France
Male,19,CS,92.95031,7.289288507,85.04,93.23,D,23.3075,Yes,Yes,High,5,5,5,US
Male,23,Engineering,71.98488,7.964391691,76.84,80.52,C,20.13,Yes,Yes,High,3,4.4,4,Canada
Male,23,Engineering,91.40708,8.146261298,93.69,99.14,C,24.785,Yes,Yes,High,1,5.8,6,US
Female,21,Mathematics,85.67352,8.862068966,87.87,92.52,B,23.13,Yes,Yes,High,1,4.3,4,France
Female,23,CS,86.18856,9.066925315,87.97,93.48,D,23.37,Yes,Yes,High,1,8.4,8,Canada
Female,20,Mathematics,65.5098,6.904926534,71.53,79.89,C,19.9725,Yes,Yes,High,6,4.9,5,Australia
Male,23,CS,52.80685,4.847533632,53.57,54.05,F,13.5125,No,No,Low,4,4.7,5,France
Male,22,Mathematics,86.19867,7.41627907,95.2,95.67,D,23.9175,Yes,Yes,High,6,7.9,8,Japan
Female,24,Engineering,47.67417,5.539147671,50.77,55.89,C,13.9725,No,Yes,Low,1,7.6,8,US
Female,20,Engineering,74.41866,6.755120214,68.12,75.86,A,18.965,No,Yes,High,5,4.3,4,France
Male,21,Engineering,87.2696,9.093046033,89.76,92.84,A,23.21,Yes,Yes,High,1,6.5,7,France
Female,22,CS,66.6261,6.004893964,70.97,73.62,C,18.405,No,Yes,Low,4,6.2,6,US
Female,22,CS,51.75264,4.796707819,55.32,58.28,A,14.57,No,Yes,Low,9,5.9,6,Australia
Female,24,CS,57.05646,5.497197758,65.91,68.66,D,17.165,No,Yes,Low,6,4.6,5,US
Female,19,CS,97.9287,8.533905579,94.41,99.42,A,24.855,Yes,Yes,High,4,7.9,8,US
Female,20,CS,97.19028,9.301395349,92.78,99.99,A,24.9975,Yes,Yes,High,10,5.2,5,Canada
Male,24,Business,74.24872,7.075268817,77.92,85.54,D,21.385,Yes,Yes,High,7,6.3,6,Canada
Female,22,Engineering,79.3904,9.402390438,85.11,94.4,A,23.6,Yes,Yes,High,10,8.4,8,Canada
Female,21,CS,42.2901,5.073858115,51.52,52.21,B,13.0525,No,No,Low,10,5.6,6,Australia
Male,24,Business,57.2286,5.425170068,54.65,63.8,A,15.95,No,Yes,Low,1,4.2,4,Canada
Male,19,Engineering,65.1644,5.972949389,68.06,68.45,B,17.1125,No,Yes,Low,1,8.4,8,Australia
Male,22,Mathematics,47.9182,4.097165992,47.79,50.6,C,12.65,No,No,Low,5,6.5,7,France
Male,24,Engineering,68.5746,6.098317095,58.87,68.85,C,17.2125,No,Yes,Low,7,6.5,7,France
Female,20,CS,47.49085,5.117041199,54.65,54.65,C,13.6625,No,No,Low,9,6.8,7,Canada
Female,19,Engineering,62.66862,5.836153846,70.1,75.87,A,18.9675,No,Yes,High,9,4.9,5,US
Female,20,Engineering,44.54514,4.769230769,40.98,50.22,F,12.555,No,No,Low,10,7.6,8,Canada
Female,20,CS,55.70704,4.985871272,63.2,63.52,B,15.88,No,Yes,Low,8,5.2,5,US
Male,20,CS,76.5142,7.580016247,87.76,93.31,D,23.3275,Yes,Yes,High,2,5.5,6,Japan
Male,24,CS,58.52725,4.790679305,58.99,60.65,F,15.1625,No,Yes,Low,1,7.2,7,US
Female,19,CS,50.8442,4.371100164,43.76,53.24,C,13.31,No,No,Low,3,7.7,8,France
Female,24,Engineering,62.24004,6.236526946,53.19,62.49,B,15.6225,No,Yes,Low,1,7.7,8,Australia
Female,24,Engineering,73.74366,7.97382199,90.13,91.38,F,22.845,Yes,Yes,High,1,4.4,4,Japan
Female,24,CS,70.70976,6.151937984,69.46,79.36,A,19.84,No,Yes,High,8,7.8,8,US
Male,22,Engineering,75.0971,7.661835749,77.87,79.3,B,19.825,No,Yes,High,3,7.3,7,France
Female,23,Engineering,48.32898,3.961203484,43.76,50.03,A,12.5075,No,No,Low,2,7,7,France
Male,18,CS,65.88095,6.790590406,64.4,73.61,F,18.4025,No,Yes,Low,6,8.8,9,Canada
Male,22,CS,54.92704,5.286549708,54.92,63.28,A,15.82,No,Yes,Low,1,5.7,6,Japan
Male,19,CS,63.87036,5.943950178,61.08,66.81,A,16.7025,No,Yes,Low,2,7.4,7,Japan
Male,18,CS,65.94225,6.519575856,72.27,79.93,A,19.9825,No,Yes,High,4,6.9,7,Japan
Female,18,CS,89.31516,8.535519126,86.16,93.72,A,23.43,Yes,Yes,High,7,5.9,6,Japan
Female,18,CS,52.69936,5.669865643,50.04,59.08,B,14.77,No,Yes,Low,2,7.9,8,Canada
Female,23,Engineering,78.86172,7.158704453,80.96,88.41,C,22.1025,Yes,Yes,High,4,6,6,Canada
Female,24,Engineering,51.0863,4.078538103,48.18,52.45,D,13.1125,No,No,Low,4,6.8,7,Canada
Male,21,CS,65.21222,5.393495935,61.35,66.34,F,16.585,No,Yes,Low,8,6.8,7,Canada
Male,19,CS,49.979,4.69568567,52.73,60.95,A,15.2375,No,Yes,Low,7,6.6,7,Japan
Male,23,Engineering,93.57706,7.613672496,86.92,95.78,A,23.945,Yes,Yes,High,7,6.3,6,France
Female,23,Business,58.6644,5.514981273,52.87,58.9,B,14.725,No,Yes,Low,9,4.8,5,Canada
Male,21,Business,66.69585,6.845620121,78.68,78.93,A,19.7325,No,Yes,High,3,5.2,5,Canada
Male,18,Engineering,55.6192,5.186108638,50.63,58.24,A,14.56,No,Yes,Low,3,4.6,5,US
Male,24,CS,62.10381,5.994304312,70.06,73.67,B,18.4175,No,Yes,Low,10,7.6,8,France
Male,21,CS,63.03764,5.448727833,66.83,70.67,D,17.6675,No,Yes,Low,9,7.7,8,Canada
Female,21,Business,44.2595,4.880037488,45.31,52.07,D,13.0175,No,No,Low,2,7.2,7,US
Male,23,CS,82.52616,7.3032,89.21,91.29,F,22.8225,Yes,Yes,High,3,8.6,9,US
Male,19,Mathematics,79.93098,6.99214454,85.21,89.01,F,22.2525,Yes,Yes,High,9,5.3,5,Japan
Female,20,Engineering,60.18438,5.86146789,62.2,63.89,D,15.9725,No,Yes,Low,10,8.1,8,Canada
Female,24,Engineering,67.6266,6.658415842,72.72,80.7,A,20.175,Yes,Yes,High,6,4.9,5,France
Female,21,CS,59.68188,5.950218341,65.54,68.13,A,17.0325,No,Yes,Low,5,4.3,4,US
Male,24,Engineering,83.94854,8.13799448,81.67,88.46,C,22.115,Yes,Yes,High,9,4,4,Japan
Male,21,Engineering,73.6194,7.706739526,78.58,84.62,A,21.155,Yes,Yes,High,7,6.9,7,US
Male,18,CS,53.37508,4.933936652,47.67,54.52,D,13.63,No,No,Low,2,7.9,8,France
Male,24,CS,73.768,8.152961981,89.23,92.21,A,23.0525,Yes,Yes,High,10,8.1,8,Canada
Female,18,Business,55.60871,5.675649663,54.43,58.97,B,14.7425,No,Yes,Low,9,6.4,6,US
Male,23,Engineering,57.47709,5.716650438,56.09,58.71,D,14.6775,No,Yes,Low,6,4.3,4,US
Male,18,Engineering,83.65585,7.719501336,81.77,86.69,A,21.6725,Yes,Yes,High,3,4.2,4,US
Female,24,CS,53.12568,5.834319527,50.37,59.16,D,14.79,No,Yes,Low,1,8.6,9,Canada
Female,22,Business,53.48236,5.167587477,53.61,56.12,A,14.03,No,Yes,Low,4,4.5,5,US
Female,24,Business,59.16708,5.180760279,64.46,66.78,A,16.695,No,Yes,Low,8,7.9,8,Canada
Male,21,Engineering,89.27374,7.536065574,84.74,91.94,B,22.985,Yes,Yes,High,5,4.3,4,Canada
Male,18,Engineering,58.19276,5.854726368,50.12,58.84,C,14.71,No,Yes,Low,5,4.9,5,Canada
Male,19,Engineering,60.1211,5.717335611,62.95,66.95,D,16.7375,No,Yes,Low,2,4.8,5,France
Male,22,Engineering,52.15541,5.075769534,62.48,64.31,D,16.0775,No,Yes,Low,4,5.4,5,Canada
Male,23,CS,60.0708,6.277777778,62.59,67.8,A,16.95,No,Yes,Low,4,6,6,Japan
Female,20,Mathematics,79.36746,7.598404255,84.62,85.71,F,21.4275,Yes,Yes,High,9,4.6,5,Canada
Female,21,Engineering,66.47542,6.730842912,60.9,70.27,B,17.5675,No,Yes,Low,7,8.9,9,France
Male,21,CS,75.83876,8.403056351,81.29,87.98,D,21.995,Yes,Yes,High,7,4,4,US
Male,19,Engineering,67.2564,7.833810888,78.09,82.02,D,20.505,Yes,Yes,High,9,7.9,8,US
Male,20,Business,63.1504,6.750992063,63.19,68.05,C,17.0125,No,Yes,Low,9,6.6,7,US
Male,20,CS,59.4363,5.629716981,66.04,71.61,C,17.9025,No,Yes,Low,5,4.4,4,Canada
Male,23,CS,71.04012,7.743636364,82.71,85.18,C,21.295,Yes,Yes,High,1,4.6,5,Japan
Female,23,Engineering,64.99878,7.658682635,73.13,76.74,A,19.185,No,Yes,High,2,6.9,7,Canada
Female,22,CS,85.75956,8.230837004,85.42,93.42,C,23.355,Yes,Yes,High,8,5.6,6,France
Female,21,Business,85.5441,9.348162476,90.42,96.66,B,24.165,Yes,Yes,High,6,6.3,6,Canada
Male,18,CS,70.25802,7.851005484,77.29,85.89,B,21.4725,Yes,Yes,High,10,6.7,7,Canada
Male,23,Business,88.41994,8.694055944,91.99,99.46,A,24.865,Yes,Yes,High,8,6.9,7,Canada
Female,19,CS,64.26315,7.581196581,79.39,79.83,D,19.9575,No,Yes,High,3,6.9,7,US
Female,19,CS,45.17931,4.900094251,43.14,51.99,A,12.9975,No,No,Low,3,4.4,4,France
Male,19,Business,69.67224,7.494023904,74.27,75.24,B,18.81,No,Yes,High,6,7.7,8,Canada
Female,24,Engineering,59.4705,5.851569933,59.88,61.5,C,15.375,No,Yes,Low,4,5.5,6,US
Female,23,CS,61.02135,6.629224652,65.65,66.69,B,16.6725,No,Yes,Low,4,4.6,5,Canada
Male,23,CS,71.967,6.433506045,70.96,74.5,D,18.625,No,Yes,Low,4,4.5,5,US
Female,19,Engineering,62.48375,5.730088496,55.43,64.75,A,16.1875,No,Yes,Low,2,5.2,5,Canada
Female,23,Engineering,55.72348,5.664359862,63.15,65.48,C,16.37,No,Yes,Low,7,7.1,7,Canada
Female,24,Mathematics,64.0013,5.506677141,66.24,70.1,D,17.525,No,Yes,Low,5,6.4,6,Canada
Male,18,Mathematics,58.40256,5.013250195,63.3,64.32,F,16.08,No,Yes,Low,5,4.5,5,Japan
Female,18,Engineering,49.47408,5.767258383,50.11,58.48,C,14.62,No,Yes,Low,7,4.2,4,France
Female,22,Engineering,76.09736,8.391634981,81.49,88.28,B,22.07,Yes,Yes,High,5,4.1,4,Canada
Female,21,Engineering,69.20192,6.429493088,61.45,69.76,C,17.44,No,Yes,Low,1,6.1,6,US
Male,18,Engineering,81.69828,7.828205128,83.3,91.59,A,22.8975,Yes,Yes,High,2,7.9,8,Canada
Male,22,CS,78.23034,7.44778481,87.42,94.14,A,23.535,Yes,Yes,High,5,6.9,7,Canada
Female,20,CS,75.03035,8.625615764,82.07,87.55,B,21.8875,Yes,Yes,High,7,8,8,Canada
Male,21,CS,65.77986,6.072173913,67.77,69.83,D,17.4575,No,Yes,Low,10,5.6,6,Japan
Female,18,CS,82.02471,7.9400369,78.66,86.07,B,21.5175,Yes,Yes,High,2,4.7,5,US
Male,24,CS,50.59776,4.47751938,47.79,57.76,A,14.44,No,Yes,Low,8,8,8,Canada
Male,20,Engineering,79.90372,7.806390977,76.38,83.06,F,20.765,Yes,Yes,High,5,7.6,8,US
Female,22,Business,58.0678,5.678513732,61.31,70.3,B,17.575,No,Yes,Low,9,6.9,7,Canada
Female,18,Engineering,77.15096,8.18793274,82.76,82.78,B,20.695,Yes,Yes,High,6,8.4,8,France
Female,18,CS,75.54414,8.300851466,80.93,87.74,F,21.935,Yes,Yes,High,3,7.2,7,Japan
Male,23,CS,70.16074,7.805194805,71.82,78.13,B,19.5325,No,Yes,High,6,6.6,7,Japan
Female,20,Engineering,66.68144,7.582640813,72.69,82.12,B,20.53,Yes,Yes,High,9,6.5,7,Canada
Male,18,CS,56.4324,4.685714286,58.67,60.68,A,15.17,No,Yes,Low,1,7.1,7,US
Male,19,Engineering,74.37442,6.505718954,70.22,79.63,F,19.9075,No,Yes,High,1,6.6,7,France
Female,24,Mathematics,64.2576,6.141295206,70.65,73.02,A,18.255,No,Yes,Low,8,5.4,5,US
Male,23,CS,69.9006,6.071428571,66.75,71.4,B,17.85,No,Yes,Low,7,8.8,9,Japan
Female,23,CS,69.88532,5.570300158,61.27,70.52,A,17.63,No,Yes,Low,1,8.8,9,France
Male,18,Engineering,64.239,5.408415842,56.7,65.55,A,16.3875,No,Yes,Low,8,4.8,5,Canada
Female,24,Mathematics,61.28853,5.517328825,56.64,65.27,B,16.3175,No,Yes,Low,5,6.7,7,Canada
Male,23,Business,77.51088,8.36515748,78.64,84.99,F,21.2475,Yes,Yes,High,9,7.9,8,France
Male,21,Business,69.63366,6.363562092,70.45,77.89,D,19.4725,No,Yes,High,3,4.3,4,US
Female,20,CS,43.2085,3.970701619,49.31,51.5,A,12.875,No,No,Low,5,4.6,5,US
Male,21,Mathematics,43.35961,4.9,47.76,52.43,D,13.1075,No,No,Low,7,6.7,7,Japan
Female,22,CS,74.97705,6.043879908,74.15,78.51,D,19.6275,No,Yes,High,10,4.1,4,Japan
Male,21,CS,84.0021,8.927466151,83.54,92.31,C,23.0775,Yes,Yes,High,8,8.2,8,Canada
Male,24,Business,45.2052,4.715447154,46.07,52.2,F,13.05,No,No,Low,3,8.4,8,US
Male,19,Mathematics,70.4616,6.882191781,74.69,75.36,B,18.84,No,Yes,High,1,7.7,8,US
Female,23,CS,75.8992,7.416666667,84.44,92.56,F,23.14,Yes,Yes,High,6,8.1,8,Japan
Female,24,CS,46.55394,4.378378378,43.53,50.22,C,12.555,No,No,Low,5,7.4,7,Canada
Female,23,CS,56.58173,6.163285024,56.68,63.79,A,15.9475,No,Yes,Low,5,4.7,5,France
Female,19,CS,77.376,7.459207459,88.27,96,A,24,Yes,Yes,High,6,4.1,4,Japan
Female,23,CS,45.52694,4.742982456,45.16,54.07,B,13.5175,No,No,Low,3,8.2,8,Japan
Male,21,Mathematics,66.28875,7.238738739,79.26,80.35,A,20.0875,Yes,Yes,High,5,7.5,8,Canada
Male,22,Engineering,70.16947,7.47718254,71.42,75.37,D,18.8425,No,Yes,High,10,6,6,Japan
Female,18,Business,51.93716,4.892098556,47.65,57.58,B,14.395,No,Yes,Low,1,8,8,US
Male,19,Business,42.999,5.040618956,52.1,52.12,F,13.03,No,No,Low,8,4.3,4,France
Male,21,Engineering,66.94083,5.788135593,71.51,75.13,F,18.7825,No,Yes,High,9,5.6,6,France
Male,24,Business,80.94708,7.409052092,81.58,86.76,A,21.69,Yes,Yes,High,4,5.7,6,Japan
Male,21,Engineering,51.85566,5.158632778,56.48,58.86,B,14.715,No,Yes,Low,5,4.5,5,Canada
Female,21,CS,76.9587,6.596723869,74.68,84.57,F,21.1425,Yes,Yes,High,7,7.7,8,US
Male,18,Engineering,63.24776,7.514091351,76.72,77.32,A,19.33,No,Yes,High,10,7.9,8,France
Female,20,Engineering,64.97073,6.701875617,64.94,67.89,B,16.9725,No,Yes,Low,5,6.9,7,Japan
Female,23,Business,77.97714,8.071774976,81.31,83.22,A,20.805,Yes,Yes,High,4,6.1,6,US
Male,23,Mathematics,55.0108,4.659890539,54.28,59.6,A,14.9,No,Yes,Low,8,7,7,Canada
Female,24,Engineering,71.32015,5.927583401,65.59,72.85,B,18.2125,No,Yes,Low,6,8.5,9,Japan
Male,22,Business,75.1459,6.9729973,75,77.47,A,19.3675,No,Yes,High,2,5.8,6,Japan
Male,24,CS,71.03382,6.57027027,72.5,72.93,D,18.2325,No,Yes,Low,4,5.7,6,France
Male,20,Business,68.06312,5.375384615,61.72,69.88,D,17.47,No,Yes,Low,3,7.1,7,Canada
Female,23,CS,86.3536,6.748062016,86.89,87.05,D,21.7625,Yes,Yes,High,2,7.4,7,Japan
Female,22,CS,79.24917,7.500905797,75.82,82.81,C,20.7025,Yes,Yes,High,6,6.3,6,Canada
Female,24,CS,71.3139,6.905644482,81.31,81.97,B,20.4925,Yes,Yes,High,10,8.3,8,US
Male,22,Engineering,86.36067,9.430707876,92.08,94.59,B,23.6475,Yes,Yes,High,1,5.8,6,US
Male,21,CS,84.52864,8.884135472,95.18,99.68,C,24.92,Yes,Yes,High,10,7.2,7,France
Male,19,Mathematics,64.2552,7.302889096,77.37,78.36,B,19.59,No,Yes,High,4,7.3,7,US
Female,21,CS,55.07397,5.341521395,61.04,67.41,A,16.8525,No,Yes,Low,8,5.5,6,France
Male,18,Mathematics,79.1566,8.643343052,79.05,88.94,F,22.235,Yes,Yes,High,5,4.1,4,Japan
Male,23,Business,53.7882,5.00877193,54.49,57.1,B,14.275,No,Yes,Low,3,8.1,8,Canada
Female,22,CS,60.9739,6.405588484,74.82,75.65,F,18.9125,No,Yes,High,2,6.4,6,US
Female,24,CS,74.7054,6.347210658,69.71,76.23,D,19.0575,No,Yes,High,6,4.5,5,US
Female,19,Business,85.58371,8.752868491,92.55,99.17,A,24.7925,Yes,Yes,High,4,8.8,9,US
Male,24,Engineering,84.0202,8.552405498,96.99,99.55,A,24.8875,Yes,Yes,High,7,5.5,6,Canada
Male,23,Engineering,86.3616,7.50918197,81.57,89.96,D,22.49,Yes,Yes,High,8,6.4,6,Japan
Male,22,CS,71.07225,5.817535545,73.57,73.65,D,18.4125,No,Yes,Low,9,6.4,6,US
Female,22,Engineering,67.92208,6.263967611,75.91,77.36,A,19.34,No,Yes,High,7,5.9,6,US
Female,21,Mathematics,56.22348,5.669243986,59.13,65.99,A,16.4975,No,Yes,Low,9,4.8,5,Japan
Female,19,CS,80.87716,9.058415842,85.47,91.49,D,22.8725,Yes,Yes,High,4,7.5,8,Canada
Female,19,Engineering,72.92055,8.413294798,84.93,87.33,A,21.8325,Yes,Yes,High,1,5,5,France
Male,23,CS,80.68727,6.935787001,78.99,88.57,A,22.1425,Yes,Yes,High,7,7.4,7,France
Male,22,Business,51.06621,4.628455285,54.23,56.93,A,14.2325,No,Yes,Low,2,8,8,US
Male,19,Business,64.40553,6.572368421,61.32,69.93,B,17.4825,No,Yes,Low,10,4.1,4,France
Male,19,CS,61.72661,7.492202729,76.47,76.87,F,19.2175,No,Yes,High,9,7.7,8,US
Male,24,CS,45.65876,5.102540835,54.26,56.23,A,14.0575,No,Yes,Low,6,7.2,7,US
Male,23,CS,57.54963,6.68914956,66.95,68.43,A,17.1075,No,Yes,Low,9,5,5,Canada
Male,21,Engineering,54.31563,4.456557377,47.84,54.37,A,13.5925,No,No,Low,8,7.1,7,US
Male,24,Engineering,88.83158,9.187617261,93.23,97.94,C,24.485,Yes,Yes,High,9,6.1,6,Canada
Female,24,Mathematics,74.426,8.370936902,78.3,87.56,A,21.89,Yes,Yes,High,7,4.4,4,France
Female,20,Engineering,75.20512,7.883268482,75.7,81.04,A,20.26,Yes,Yes,High,3,6.6,7,Canada
Male,18,CS,54.93888,5.368983957,51.73,60.24,B,15.06,No,Yes,Low,10,8.9,9,Canada
Female,20,Business,59.90558,5.175329713,65.79,66.71,C,16.6775,No,Yes,Low,5,7.2,7,Canada
Male,19,Engineering,50.01028,4.756442228,55.81,57.22,F,14.305,No,Yes,Low,3,5.7,6,US
Male,22,Engineering,69.35943,6.661751951,75.59,76.81,A,19.2025,No,Yes,High,3,6.8,7,Canada
Female,18,CS,74.55357,8.351376147,88.06,91.03,C,22.7575,Yes,Yes,High,7,7.7,8,Japan
Male,18,CS,50.5424,4.661482159,46.93,50.95,B,12.7375,No,No,Low,6,4.8,5,US
Male,22,Mathematics,54.34245,4.296728972,47.43,55.17,C,13.7925,No,Yes,Low,5,6.6,7,Canada
Male,18,Engineering,55.20006,5.200507614,55.03,61.47,C,15.3675,No,Yes,Low,5,6.5,7,Canada
Male,22,CS,83.2147,6.984515077,83.88,85.7,F,21.425,Yes,Yes,High,8,5.9,6,France
Male,18,Engineering,79.3586,7.931323283,89.5,94.7,D,23.675,Yes,Yes,High,1,7.7,8,Canada
Male,24,Mathematics,74.6778,7.635017422,80.89,87.65,A,21.9125,Yes,Yes,High,4,6.8,7,France
Male,23,CS,70.9125,6.066030231,70.13,76.25,C,19.0625,No,Yes,High,5,7.5,8,US
Female,23,Engineering,47.13678,4.655433867,46.2,55.26,D,13.815,No,Yes,Low,9,7,7,US
Female,20,Mathematics,82.39725,6.802325581,78.48,87.75,A,21.9375,Yes,Yes,High,1,7.9,8,US
Male,24,CS,44.66624,5.435594887,49.78,55.28,F,13.82,No,Yes,Low,9,7.2,7,Japan
Female,18,Business,62.6634,6.704477612,61.24,67.38,D,16.845,No,Yes,Low,6,7.4,7,Canada
Male,21,Engineering,57.0942,5.897204689,55.58,65.4,D,16.35,No,Yes,Low,3,5.1,5,US
Male,22,Engineering,66.87264,6.441706161,60.98,67.96,C,16.99,No,Yes,Low,3,8.2,8,Canada
Male,24,CS,65.08392,6.121546961,63.02,66.48,D,16.62,No,Yes,Low,4,4.8,5,France
Male,18,CS,83.24086,8.681059863,80.74,88.46,F,22.115,Yes,Yes,High,5,5.7,6,France
Female,23,Engineering,52.84818,4.548913043,51.51,58.59,D,14.6475,No,Yes,Low,9,8.4,8,US
Female,23,CS,82.59955,7.154263566,92.24,92.29,A,23.0725,Yes,Yes,High,6,4.5,5,US
Female,22,Engineering,87.14958,8.193121693,87.79,92.91,C,23.2275,Yes,Yes,High,5,8.3,8,Canada
Female,21,CS,66.2004,6.488250653,73.14,74.55,C,18.6375,No,Yes,Low,6,6.4,6,Canada
Male,18,CS,53.92725,4.813751088,53.95,55.31,A,13.8275,No,Yes,Low,6,4.9,5,France
Female,18,Mathematics,76.32813,6.726729291,70.32,78.77,A,19.6925,No,Yes,High,9,7.7,8,Canada
Male,21,Engineering,72.93105,8.788610039,89.41,91.05,C,22.7625,Yes,Yes,High,10,5.4,5,Canada
Male,21,Mathematics,58.73217,6.053521127,62.3,64.47,F,16.1175,No,Yes,Low,7,7.4,7,Japan
Female,21,CS,85.64148,7.30445151,87.28,91.89,B,22.9725,Yes,Yes,High,7,8,8,US
Male,23,Engineering,79.90905,6.48993808,80.81,83.85,F,20.9625,Yes,Yes,High,4,6.8,7,Japan
Female,22,CS,85.15152,7.854545455,94.71,99.36,D,24.84,Yes,Yes,High,5,7.9,8,Japan
Female,24,Business,76.82408,7.2992,90.64,91.24,A,22.81,Yes,Yes,High,7,8.7,9,Canada
Female,21,Business,48.9652,5.604477612,55.98,60.08,D,15.02,No,Yes,Low,8,6.8,7,Japan
Female,22,CS,61.5825,6.959654179,65.35,72.45,F,18.1125,No,Yes,Low,6,4.8,5,France
Female,20,Mathematics,53.85568,5.372930867,50.89,55.18,A,13.795,No,Yes,Low,8,7.5,8,US
Male,18,CS,48.77376,4.326860841,48.14,53.48,A,13.37,No,No,Low,9,6.1,6,US
Female,18,Engineering,82.9116,7.912801484,75.87,85.3,B,21.325,Yes,Yes,High,1,6.7,7,US
Female,19,Mathematics,77.57215,7.950955943,92.02,95.65,F,23.9125,Yes,Yes,High,4,7.1,7,France
Male,20,Business,94.43676,8.740478299,88.76,98.68,D,24.67,Yes,Yes,High,9,7.6,8,US
Female,24,Mathematics,59.3912,5.033280507,58.09,63.52,A,15.88,No,Yes,Low,5,7.2,7,Canada
Female,21,CS,56.18415,4.901305057,54.01,60.09,C,15.0225,No,Yes,Low,4,5.2,5,France
Male,21,CS,75.27965,7.331766917,68.54,78.01,B,19.5025,No,Yes,High,9,7.7,8,Canada
Male,24,CS,51.09404,5.590316574,56.2,60.04,D,15.01,No,Yes,Low,2,8,8,US
Female,23,Engineering,59.0976,6.434955313,63.87,64.8,B,16.2,No,Yes,Low,2,4.2,4,Japan
Male,20,Business,87.267,7.905335628,87.51,91.86,C,22.965,Yes,Yes,High,8,5.5,6,Japan
Female,21,CS,79.47656,6.979182729,86.95,90.52,D,22.63,Yes,Yes,High,8,8.9,9,US
Male,19,Engineering,83.38,7.804777595,92.08,94.75,B,23.6875,Yes,Yes,High,5,4.9,5,Canada
Female,22,CS,62.03007,6.170691091,66.26,74.11,B,18.5275,No,Yes,Low,6,4.9,5,US
Female,18,CS,64.9842,7.614410906,72.55,78.2,A,19.55,No,Yes,High,5,7,7,Canada
Female,20,Engineering,74.98491,8.304878049,86.3,88.53,F,22.1325,Yes,Yes,High,8,5.7,6,Japan
Male,18,Engineering,55.57812,5.087027915,61.07,61.96,F,15.49,No,Yes,Low,6,7.3,7,France
Female,22,Business,76.2014,8.109430605,87.71,91.15,B,22.7875,Yes,Yes,High,6,5.3,5,Japan
Male,20,CS,48.64128,4.911196911,49.66,50.88,C,12.72,No,No,Low,7,6.1,6,France
Female,22,Business,74.95992,7.546599496,86.97,89.88,C,22.47,Yes,Yes,High,2,9,9,US
Female,21,CS,76.0128,7.675021608,79.89,88.8,F,22.2,Yes,Yes,High,9,5.9,6,US
Female,24,CS,56.04249,5.890497738,58.68,65.09,C,16.2725,No,Yes,Low,3,4.4,4,Japan
Female,21,Engineering,84.1536,7.403598972,81.03,86.4,A,21.6,Yes,Yes,High,9,7.7,8,US
Female,24,Business,57.4829,5.775451951,53.25,60.7,D,15.175,No,Yes,Low,10,6.9,7,Canada
Male,21,CS,69.27399,7.541626794,76.26,78.81,D,19.7025,No,Yes,High,5,6.2,6,US
Male,22,CS,76.61203,7.909767442,82.93,85.03,F,21.2575,Yes,Yes,High,1,8.5,9,Canada
Male,22,Engineering,70.47006,6.825636943,85.54,85.73,D,21.4325,Yes,Yes,High,10,4.7,5,US
Female,22,CS,97.7619,7.963855422,98.81,99.15,A,24.7875,Yes,Yes,High,4,6.4,6,US
Female,18,Business,50.7078,5.042662116,55.92,59.1,A,14.775,No,Yes,Low,6,5,5,Canada
Male,22,Business,63.52632,7.337958375,72.09,74.04,A,18.51,No,Yes,Low,3,4.4,4,US
Female,21,CS,88.08737,7.538893344,92.39,94.01,A,23.5025,Yes,Yes,High,6,6.2,6,US
Female,19,Engineering,76.59648,6.474295191,71.04,78.08,C,19.52,No,Yes,High,1,8.7,9,France
Female,22,Business,89.78574,7.824854045,93.54,93.82,A,23.455,Yes,Yes,High,10,7.6,8,US
Male,19,CS,65.0319,7.064039409,66.7,71.7,F,17.925,No,Yes,Low,10,5.2,5,Canada
Male,24,Engineering,77.02266,7.653026428,80.12,89.77,A,22.4425,Yes,Yes,High,9,6.3,6,US
Male,21,CS,88.451,7.333333333,88.56,93.5,F,23.375,Yes,Yes,High,9,8,8,Japan
Male,22,Engineering,79.76448,8.524469067,88.38,92.32,A,23.08,Yes,Yes,High,4,5,5,Canada
Male,18,CS,92.54073,7.281712062,91.87,93.57,A,23.3925,Yes,Yes,High,2,5,5,Canada
Female,18,Business,57.931,5.92038835,60.73,60.98,A,15.245,No,Yes,Low,8,4.9,5,Japan
Female,24,CS,67.0574,6.429848079,71.25,71.95,A,17.9875,No,Yes,Low,7,7,7,US
Female,19,CS,49.50939,4.886023295,53.88,58.73,D,14.6825,No,Yes,Low,1,4.1,4,Canada
Female,23,Business,57.20007,4.858436214,53.37,59.03,F,14.7575,No,Yes,Low,6,6.9,7,US
Male,18,CS,70.6705,7.236381323,65.94,74.39,D,18.5975,No,Yes,Low,10,8.1,8,France
Male,18,CS,97.902,7.626459144,88.26,98,D,24.5,Yes,Yes,High,5,7.9,8,Japan
Female,18,CS,77.3712,7.164716472,78.98,79.6,F,19.9,No,Yes,High,2,7.3,7,US
Male,21,CS,83.51369,7.585106383,83.64,92.69,C,23.1725,Yes,Yes,High,5,5.1,5,Japan
Female,18,Mathematics,85.7211,9.146364495,91.05,96.86,A,24.215,Yes,Yes,High,6,8.1,8,US
Female,20,Business,49.87494,4.899008115,50.9,54.33,A,13.5825,No,No,Low,10,8.8,9,Canada
Female,22,CS,54.0911,5.272232305,49.56,58.1,C,14.525,No,Yes,Low,6,4.9,5,US
Female,24,Business,53.8909,5.428090833,61.71,64.54,F,16.135,No,Yes,Low,2,8.6,9,Canada
Male,18,Engineering,78.33396,7.173025732,79.38,80.84,A,20.21,Yes,Yes,High,1,8.3,8,US
Female,23,Mathematics,50.48859,5.129468599,46.24,53.09,D,13.2725,No,No,Low,4,8.9,9,US
Male,23,CS,88.4367,8.548325359,87.51,89.33,A,22.3325,Yes,Yes,High,4,5.6,6,Japan
Female,18,Engineering,50.47731,4.966386555,43.67,53.19,B,13.2975,No,No,Low,9,8.7,9,France
Female,18,Engineering,52.128,4.689878543,53.45,57.92,D,14.48,No,Yes,Low,1,4.9,5,US
Female,20,Engineering,60.86829,5.406103286,65.65,69.09,A,17.2725,No,Yes,Low,10,4.9,5,US
Female,18,Engineering,75.39752,6.923555556,70.17,77.89,F,19.4725,No,Yes,High,1,4.5,5,Japan
Male,18,CS,85.98912,7.617813765,86.07,94.08,B,23.52,Yes,Yes,High,8,6.1,6,France
Female,22,Business,90.13842,8.774798928,97.14,98.19,B,24.5475,Yes,Yes,High,5,4.1,4,Canada
Male,23,Engineering,91.21464,7.248461538,89.46,94.23,C,23.5575,Yes,Yes,High,9,5.9,6,Japan
Female,20,Mathematics,54.9072,5.20696143,54.43,55.35,B,13.8375,No,Yes,Low,6,7.1,7,Japan
Female,23,CS,75.19832,8.083250743,78.22,81.56,D,20.39,Yes,Yes,High,10,4.4,4,France
Female,20,Engineering,71.08074,6.985465116,69.28,72.09,A,18.0225,No,Yes,Low,3,8.1,8,US
Male,23,Mathematics,49.87294,5.089511754,50.86,56.29,B,14.0725,No,Yes,Low,1,5.5,6,Canada
Female,18,Engineering,65.86272,7.616062684,70.11,77.76,B,19.44,No,Yes,High,10,4.2,4,France
Female,23,Business,58.46946,6.280555556,58.71,67.83,A,16.9575,No,Yes,Low,6,5.9,6,Canada
Female,23,Business,67.22271,5.413515688,65.79,67.29,C,16.8225,No,Yes,Low,3,4.7,5,US
Female,20,CS,54.22752,4.606060606,49.76,54.72,A,13.68,No,No,Low,4,8,8,Japan
Female,24,Engineering,94.88346,7.711613406,92.1,98.94,B,24.735,Yes,Yes,High,3,5.7,6,Canada
Male,19,CS,76.7207,7.774774775,83.28,86.3,F,21.575,Yes,Yes,High,7,4.6,5,France
Male,20,Engineering,61.4592,5.660477454,60.31,64.02,C,16.005,No,Yes,Low,9,6.3,6,Canada
Female,20,CS,84.65321,9.174162679,95.85,95.87,B,23.9675,Yes,Yes,High,5,6.3,6,US
Female,20,Business,94.965,7.609375,94.46,97.4,A,24.35,Yes,Yes,High,6,5.4,5,France
Male,21,Engineering,78.57136,8.335174954,84.5,90.52,A,22.63,Yes,Yes,High,5,5.6,6,Canada
Female,24,Engineering,67.12273,7.797932331,73.16,82.97,F,20.7425,Yes,Yes,High,3,7.8,8,France
Male,21,CS,59.73576,5.897172237,68.09,68.82,A,17.205,No,Yes,Low,3,7.2,7,France
Female,21,Mathematics,61.82264,6.011735122,63.15,71.72,F,17.93,No,Yes,Low,4,5.1,5,US
Female,20,CS,68.60325,5.997526793,66.56,72.75,B,18.1875,No,Yes,Low,5,8.7,9,France
Male,19,CS,79.99824,8.385542169,93.01,97.44,D,24.36,Yes,Yes,High,7,5.5,6,US
Female,20,CS,84.84164,8.17936803,81.87,88.01,B,22.0025,Yes,Yes,High,9,6.7,7,Japan
Male,18,Mathematics,54.9746,6.060037523,57.59,64.6,F,16.15,No,Yes,Low,5,6.9,7,Japan
Male,19,Mathematics,75.62513,6.614820847,73.25,81.23,D,20.3075,Yes,Yes,High,2,5.1,5,France
Male,21,Engineering,75.7947,7.103386809,69.78,79.7,C,19.925,No,Yes,High,9,5.5,6,France
Female,23,Business,74.39081,8.297619048,89.13,90.61,B,22.6525,Yes,Yes,High,5,6.4,6,US
Male,23,CS,51.4838,4.282251759,46.33,54.77,C,13.6925,No,No,Low,6,5.3,5,Canada
Male,24,Mathematics,69.91932,8.446871897,82.9,85.06,C,21.265,Yes,Yes,High,9,5.5,6,US
Female,22,CS,58.17344,5.249211356,57.25,66.56,C,16.64,No,Yes,Low,4,7.1,7,France
Female,24,CS,51.62272,4.671629446,49.76,56.48,B,14.12,No,Yes,Low,3,7.7,8,Canada
Female,19,CS,85.29115,6.67617579,84.62,86.59,B,21.6475,Yes,Yes,High,4,8,8,Japan
Female,21,Engineering,59.78884,5.705227078,64.22,66.58,F,16.645,No,Yes,Low,8,4.6,5,Japan
Female,19,Business,84.34725,7.281986532,80.86,86.51,C,21.6275,Yes,Yes,High,7,7.7,8,US
Female,19,CS,50.21568,5.631782946,55.6,58.12,F,14.53,No,Yes,Low,7,8.7,9,US
Male,23,Mathematics,81.6246,9.010889292,97.24,99.3,C,24.825,Yes,Yes,High,1,6.9,7,Japan
Female,20,Engineering,78.98892,7.641525424,88.88,90.17,F,22.5425,Yes,Yes,High,2,7,7,Canada
Male,18,CS,62.8485,5.165064103,58.7,64.46,B,16.115,No,Yes,Low,3,8.8,9,Canada
Female,22,Engineering,79.37136,7.110294118,80.91,87.03,A,21.7575,Yes,Yes,High,1,8.3,8,Canada
Male,21,Engineering,54.34803,4.921143847,48.49,56.79,B,14.1975,No,Yes,Low,9,6.8,7,US
Male,19,Business,72.7496,7.035744681,81.59,82.67,C,20.6675,Yes,Yes,High,9,7.8,8,US
Female,22,Engineering,49.90716,5.224852071,45.17,52.98,D,13.245,No,No,Low,5,4.9,5,Canada
Female,19,Engineering,53.80269,5.802436902,64.36,66.67,D,16.6675,No,Yes,Low,4,6.1,6,Canada
Male,23,CS,93.08372,7.77672956,91.09,98.92,B,24.73,Yes,Yes,High,3,7.6,8,France
Female,18,Engineering,52.9112,5.013416816,52.34,56.05,A,14.0125,No,Yes,Low,9,5.4,5,Canada
Female,23,Mathematics,72.12261,7.478464419,70.65,79.87,A,19.9675,No,Yes,High,2,6.3,6,US
Male,22,CS,50.69291,5.137236084,43.94,53.53,B,13.3825,No,No,Low,8,4.9,5,Canada
Male,21,Business,77.04281,7.979923518,75.11,83.47,C,20.8675,Yes,Yes,High,7,8.5,9,Japan
Male,19,Engineering,54.72408,4.99453125,61.58,63.93,F,15.9825,No,Yes,Low,2,8.5,9,France
Female,18,CS,57.7055,5.987202925,59.32,65.5,C,16.375,No,Yes,Low,3,6.4,6,US
Female,23,Mathematics,60.201,5.678268251,60.57,66.89,D,16.7225,No,Yes,Low,2,5,5,US
Female,22,Engineering,55.49946,4.786338364,53.02,60.26,B,15.065,No,Yes,Low,3,7.4,7,US
Female,23,CS,87.76032,7.566640686,91.7,97.08,D,24.27,Yes,Yes,High,4,5.1,5,Canada
Male,19,CS,87.19035,7.836348684,87.16,95.29,C,23.8225,Yes,Yes,High,5,5.1,5,US
Female,19,CS,84.6175,7.877000842,86.93,93.5,A,23.375,Yes,Yes,High,2,8.9,9,Canada
Male,21,Business,48.9582,4.644836272,47.53,55.32,D,13.83,No,Yes,Low,7,4.5,5,US
Female,18,Engineering,59.57322,4.751155624,52.78,61.67,D,15.4175,No,Yes,Low,4,5.9,6,Canada
Female,20,Mathematics,77.14377,6.601965602,71.99,80.61,C,20.1525,Yes,Yes,High,1,6.8,7,US
Male,23,CS,95.17032,8.537261698,92.18,98.52,C,24.63,Yes,Yes,High,4,4.5,5,Japan
Female,19,CS,73.25912,7.443413729,74.64,80.24,B,20.06,Yes,Yes,High,9,4.2,4,Canada
Female,22,CS,55.87512,5.334405145,59.17,66.36,F,16.59,No,Yes,Low,5,6.7,7,US
Male,23,Engineering,81.41952,7.28125,88.82,90.87,D,22.7175,Yes,Yes,High,2,4.6,5,France
Female,21,Mathematics,52.56902,4.839727195,49.52,56.77,D,14.1925,No,Yes,Low,6,5.3,5,Canada
Male,21,Engineering,92.58456,8.592694064,92.99,94.09,F,23.5225,Yes,Yes,High,7,6.5,7,France
Male,19,CS,95.86683,9.218487395,92.89,98.73,B,24.6825,Yes,Yes,High,2,5.7,6,France
Male,19,Business,85.19708,9.779324056,98.11,98.38,A,24.595,Yes,Yes,High,10,7.6,8,Canada
Male,19,Business,47.68278,4.75,54.26,57.38,C,14.345,No,Yes,Low,2,8.8,9,US
Female,24,CS,67.09768,7.309433962,69.23,77.48,F,19.37,No,Yes,High,10,7.8,8,Canada
Female,20,Business,70.374,6.36035313,76.5,79.25,C,19.8125,No,Yes,High,3,9,9,France
Female,19,CS,49.712,5.168685121,51.37,59.75,F,14.9375,No,Yes,Low,10,5.9,6,Canada
Male,23,CS,66.82176,7.479690522,70.6,77.34,A,19.335,No,Yes,High,4,5.5,6,Canada
Female,23,CS,70.55681,7.811195446,78.01,82.33,A,20.5825,Yes,Yes,High,5,5.1,5,US
Female,24,Engineering,54.95415,5.345937249,59.88,66.45,F,16.6125,No,Yes,Low,3,8.4,8,US
Female,24,Engineering,57.8864,5.063895304,58.46,65.78,D,16.445,No,Yes,Low,4,5.9,6,Japan
Female,18,CS,44.84646,4.617595819,44.65,53.01,C,13.2525,No,No,Low,7,7.6,8,US
Male,22,CS,80.91368,8.119502075,96.2,97.84,C,24.46,Yes,Yes,High,6,7.4,7,Japan
Male,19,Business,83.32632,7.319805195,85.34,90.18,A,22.545,Yes,Yes,High,2,4.3,4,US
Female,23,Mathematics,82.95571,7.882616487,85.4,87.97,F,21.9925,Yes,Yes,High,7,8.4,8,Canada
Male,24,Business,50.37474,4.278894472,48.67,51.09,D,12.7725,No,No,Low,2,6.4,6,Canada
Female,23,CS,79.35194,7.087260035,73.53,81.22,C,20.305,Yes,Yes,High,3,5.1,5,Japan
Female,23,CS,48.81781,5.844554455,50.53,59.03,B,14.7575,No,Yes,Low,1,8.9,9,Japan
Female,24,CS,77.52297,8.012536162,75.2,83.09,D,18.46444444,Yes,Yes,High,6,7.8,8,Canada
Male,20,CS,72.1434,7.173451327,78.71,81.06,C,18.01333333,Yes,Yes,High,10,7.1,7,Japan
Female,24,Engineering,90.8406,7.189440994,86.65,92.6,A,20.57777778,Yes,Yes,High,4,8.9,9,US
Male,24,Engineering,51.40863,4.99363564,53.85,62.77,C,13.94888889,No,Yes,Low,9,7.8,8,Canada
Male,22,Business,50.18849,4.106314948,45.77,51.37,D,11.41555556,No,No,Low,4,4.6,5,US
Female,24,Engineering,92.26444,7.916459884,85.83,95.71,F,21.26888889,Yes,Yes,High,10,9,9,Canada
Male,21,CS,78.63432,9.365063788,85.44,95.43,B,21.20666667,Yes,Yes,High,6,7,7,US
Male,24,CS,71.04304,5.917886179,66.1,72.79,C,16.17555556,No,Yes,Low,8,5.5,6,Canada
Female,23,Engineering,50.3426,4.237421384,47.55,53.9,A,11.97777778,No,No,Low,5,8.1,8,Canada
Male,19,CS,72.2036,6.473638721,73.21,74.9,F,16.64444444,No,Yes,Low,3,4.2,4,Canada
Male,23,CS,72.9234,6.018957346,66.36,76.2,B,16.93333333,No,Yes,High,9,7.3,7,Japan
Female,22,CS,73.7829,7.028549383,89.92,91.09,A,20.24222222,Yes,Yes,High,3,4.8,5,Canada
Female,21,CS,71.00622,7.131229236,80.03,85.86,A,19.08,Yes,Yes,High,9,4.4,4,Canada
Male,24,CS,47.16874,4.13117284,47.98,53.54,D,11.89777778,No,No,Low,2,5.8,6,Canada
Female,20,Business,72.39423,7.094009983,81.91,85.27,C,18.94888889,Yes,Yes,High,8,5.8,6,Canada
Female,18,Business,56.61963,5.248613678,51.72,56.79,A,12.62,No,Yes,Low,6,7,7,Japan
Male,24,CS,43.73941,5.425298805,53.55,54.47,F,12.10444444,No,No,Low,9,6.8,7,US
Male,19,CS,59.58036,6.018072289,69.28,69.93,D,15.54,No,Yes,Low,5,7.4,7,Canada
Female,18,Business,51.93068,4.470539419,49.63,53.87,C,11.97111111,No,No,Low,4,4.9,5,Japan
Male,20,CS,84.78342,7.679261125,90.44,91.46,F,20.32444444,Yes,Yes,High,2,8.4,8,Japan
Female,22,CS,66.28296,6.87593985,63.8,73.16,D,16.25777778,No,Yes,Low,1,8.3,8,Canada
Female,22,CS,72.6846,6.876083189,74.69,79.35,C,17.63333333,No,Yes,High,4,5.1,5,Canada
Male,20,CS,70.32528,6.670050761,73.09,78.84,C,17.52,No,Yes,High,8,6.4,6,France
Male,23,Business,82.19421,7.685314685,91.69,98.91,A,21.98,Yes,Yes,High,10,6.4,6,US
Female,20,Business,77.11095,7.489444879,88.99,95.79,B,21.28666667,Yes,Yes,High,9,8.6,9,US
Female,24,CS,81.8271,8.255357143,85.7,92.46,D,20.54666667,Yes,Yes,High,1,8.5,9,Canada
Female,19,CS,55.74296,5.636511817,62.81,69.16,A,15.36888889,No,Yes,Low,2,4.3,4,Canada
Female,21,CS,50.838,4.778797997,54.1,57.25,F,12.72222222,No,Yes,Low,3,8.8,9,US
Male,24,CS,67.57191,7.308539945,73.45,79.59,B,17.68666667,No,Yes,High,8,4.3,4,Japan
Female,24,Mathematics,64.67396,5.947151115,66.56,72.02,C,16.00444444,No,Yes,Low,9,6.7,7,Canada
Male,24,Engineering,54.60048,4.88676236,56.37,61.28,F,13.61777778,No,Yes,Low,3,5.6,6,US
Male,18,Engineering,44.78208,4.755632582,45.14,54.88,F,12.19555556,No,No,Low,4,6,6,US
Female,18,Business,70.723,7.039215686,70.98,71.8,A,15.95555556,No,Yes,Low,8,7.1,7,US
Male,22,Business,69.41614,6.977176669,79.4,82.54,A,18.34222222,Yes,Yes,High,3,6.9,7,Japan
Male,24,Business,75.49983,7.638157895,74.6,81.27,C,18.06,Yes,Yes,High,6,4.8,5,Canada
Female,23,CS,87.5469,7.367109635,80.51,88.7,D,19.71111111,Yes,Yes,High,1,8.8,9,US
Male,22,CS,64.16375,6.278253425,70.96,73.33,A,16.29555556,No,Yes,Low,7,4.1,4,US
Male,19,Engineering,57.75392,5.638225256,56.45,66.08,F,14.68444444,No,Yes,Low,5,5.7,6,US
Female,20,CS,61.62894,6.417014178,76.25,76.94,D,17.09777778,No,Yes,High,4,8,8,France
Female,18,Mathematics,82.85125,8.594429939,92.44,98.75,A,21.94444444,Yes,Yes,High,8,8.3,8,Canada
Female,24,Engineering,51.67525,4.196787149,44.11,52.25,D,11.61111111,No,No,Low,8,8,8,US
Female,19,Mathematics,71.53848,6.041897233,66.91,76.43,F,16.98444444,No,Yes,High,7,5.9,6,Canada
Female,22,CS,53.168,5.759098787,64.56,66.46,C,14.76888889,No,Yes,Low,1,7.4,7,US
Female,22,Business,45.98464,4.428685897,46.97,55.27,A,12.28222222,No,Yes,Low,10,7.8,8,Canada
Female,18,CS,57.88611,6.99122807,64.18,71.73,C,15.94,No,Yes,Low,6,6.9,7,Canada
Male,22,Mathematics,76.89022,7.166812227,73.82,82.06,D,18.23555556,Yes,Yes,High,3,7.4,7,Japan
Male,23,CS,70.90848,6.335820896,69.05,76.41,C,16.98,No,Yes,High,8,6.8,7,Canada
Female,22,Engineering,44.2556,4.156704362,41.67,51.46,B,11.43555556,No,No,Low,10,4.3,4,US
Male,21,Business,72.72216,6.498765432,71.78,78.96,A,17.54666667,No,Yes,High,3,5.4,5,US
Male,20,Engineering,52.7296,5.641025641,57.14,61.6,B,13.68888889,No,Yes,Low,8,7.5,8,Canada
Female,22,Engineering,53.99135,6.250698975,60.37,67.07,A,14.90444444,No,Yes,Low,5,5.2,5,Canada
Male,21,Mathematics,61.6734,5.334146341,55.91,65.61,D,14.58,No,Yes,Low,5,6.3,6,France
Female,19,Engineering,91.53605,7.598528209,88.84,92.93,B,20.65111111,Yes,Yes,High,8,6.7,7,Japan
Male,22,Engineering,45.78012,4.469283276,47.34,52.38,C,11.64,No,No,Low,3,7.4,7,France
Female,23,CS,65.5802,5.426731079,66.94,67.4,B,14.97777778,No,Yes,Low,4,5.3,5,Japan
Male,19,Business,58.37238,5.38117284,68.18,69.74,B,15.49777778,No,Yes,Low,1,7,7,Canada
Male,24,Engineering,78.83556,7.056669573,79.95,80.94,C,17.98666667,Yes,Yes,High,9,7,7,Japan
Male,22,Engineering,71.64945,8.936063936,81.14,89.45,A,19.87777778,Yes,Yes,High,3,8.2,8,Canada
Female,18,CS,78.51942,7.080327869,79.61,86.38,F,19.19555556,Yes,Yes,High,8,6.8,7,Canada
Male,21,Engineering,79.65567,8.228169014,81.98,87.63,C,19.47333333,Yes,Yes,High,1,5.5,6,France
Male,21,CS,55.80432,5.66730038,58.88,59.62,A,13.24888889,No,Yes,Low,1,6.6,7,US
Female,18,CS,94.15615,8.046296296,90.38,95.59,A,21.24222222,Yes,Yes,High,6,4.5,5,Canada
Female,20,Engineering,65.47746,6.559369202,69.28,70.71,A,15.71333333,No,Yes,Low,6,7,7,Canada
Male,24,CS,47.17248,3.901234568,43.98,50.56,D,11.23555556,No,No,Low,7,8.6,9,France
Male,23,CS,78.5628,6.921161826,79.13,83.4,C,18.53333333,Yes,Yes,High,1,6.6,7,Japan
Male,21,Engineering,68.7314,6.907838071,75.9,80.2,C,17.82222222,Yes,Yes,High,3,5.5,6,Japan
Male,19,CS,53.0909,5.256769374,50.13,56.3,F,12.51111111,No,Yes,Low,4,6,6,France
Female,23,CS,89.66085,8.710222222,97.27,97.99,B,21.77555556,Yes,Yes,High,9,8.5,9,Japan
Male,21,CS,71.0528,7.625,75.08,78.08,A,17.35111111,No,Yes,High,8,8.1,8,Canada
Male,24,Engineering,66.114,5.8768,71.51,73.46,A,16.32444444,No,Yes,Low,4,8,8,Canada
Female,20,Engineering,58.58458,5.410990712,62.06,69.91,D,15.53555556,No,Yes,Low,10,6.8,7,Japan
Male,24,Business,50.99307,4.781818182,54.89,60.49,F,13.44222222,No,Yes,Low,7,6,6,France
Male,19,CS,81.91996,8.820234869,95.36,97.64,A,21.69777778,Yes,Yes,High,9,4.7,5,France
Male,24,CS,82.04604,6.781673307,83.8,85.11,B,18.91333333,Yes,Yes,High,10,8.9,9,Japan
Female,23,CS,70.1501,6.973309609,71.83,78.38,C,17.41777778,No,Yes,High,10,4.9,5,Canada
Female,19,Engineering,71.365,7.84985563,80.33,81.56,A,18.12444444,Yes,Yes,High,8,5.3,5,Canada
Male,18,Mathematics,82.3579,8.388331814,86.08,92.02,F,20.44888889,Yes,Yes,High,5,7.8,8,France
Male,22,CS,72.62952,6.496425735,76.38,81.79,A,18.17555556,Yes,Yes,High,9,5.8,6,US
Female,18,CS,53.44507,4.62106136,52.53,55.73,C,12.38444444,No,Yes,Low,5,6.9,7,Canada
Male,23,CS,75.35568,7.054031588,82.33,84.86,A,18.85777778,Yes,Yes,High,3,7.8,8,Canada
Male,22,Engineering,66.34752,7.685658153,70.65,78.24,A,17.38666667,No,Yes,High,6,6.8,7,US
Female,18,Engineering,81.40896,8.234505863,88.41,98.32,D,21.84888889,Yes,Yes,High,3,6.5,7,Japan
Female,22,Engineering,70.30559,7.460413081,78.51,86.69,B,19.26444444,Yes,Yes,High,2,4.3,4,Canada
Female,21,Business,58.8,5.793103448,63,67.2,B,14.93333333,No,Yes,Low,7,6.4,6,Canada
Male,24,Engineering,49.21959,5.620792079,53.05,56.77,F,12.61555556,No,Yes,Low,3,6.3,6,Canada
Male,19,CS,66.99544,6.334188034,72.33,74.11,C,16.46888889,No,Yes,Low,5,8.4,8,France
Male,22,CS,82.12266,7.365789474,76.13,83.97,C,18.66,Yes,Yes,High,9,6.2,6,US
Male,21,Engineering,50.67846,5.675988428,55.5,58.86,A,13.08,No,Yes,Low,4,7.1,7,France
Female,24,Engineering,81.72777,6.529691211,77.46,82.47,B,18.32666667,Yes,Yes,High,9,7.9,8,US
Male,24,Engineering,88.35904,8.802314368,89.41,91.28,B,20.28444444,Yes,Yes,High,6,6.3,6,Canada
Male,20,Engineering,52.70135,5.00432526,57.42,57.85,F,12.85555556,No,Yes,Low,3,5.3,5,US
Female,18,Engineering,73.43469,6.747626582,76.52,85.29,A,18.95333333,Yes,Yes,High,1,8.5,9,US
Female,20,Business,44.27689,4.545531915,52.77,53.41,A,11.86888889,No,No,Low,8,8.5,9,France
Male,23,Engineering,47.5776,4.144736842,44.28,50.4,A,11.2,No,No,Low,10,8.5,9,US
Female,21,Business,49.20339,4.011655012,48.25,51.63,A,11.47333333,No,No,Low,4,5.4,5,France
Female,20,CS,80.3563,6.285053929,78.48,81.58,D,18.12888889,Yes,Yes,High,6,5.6,6,US
Male,20,Engineering,93.63783,7.625193199,90.37,98.67,C,21.92666667,Yes,Yes,High,2,8.6,9,US
Male,24,Mathematics,81.39583,8.491850431,82.53,88.57,D,19.68222222,Yes,Yes,High,4,4.6,5,US
Male,21,CS,60.77568,5.132569558,54.65,62.72,C,13.93777778,No,Yes,Low,8,7.3,7,US
Male,24,Business,50.31162,4.62295082,44.18,53.58,C,11.90666667,No,No,Low,2,5.5,6,US
Female,19,Business,67.41222,7.596804511,80.38,80.83,C,17.96222222,Yes,Yes,High,6,7.6,8,US
Female,22,CS,40.78008,4.384615385,48.94,50.16,A,11.14666667,No,No,Low,2,8.2,8,Canada
Male,23,Engineering,79.41218,6.931941222,83.88,89.63,A,19.91777778,Yes,Yes,High,8,6,6,France
Male,23,CS,59.11416,5.886363636,58.08,62.16,A,13.81333333,No,Yes,Low,3,4.8,5,Canada
Female,18,Mathematics,54.17664,5.44966443,64.85,64.96,D,14.43555556,No,Yes,Low,9,7.7,8,Canada
Male,24,Business,66.7296,6.72,66.28,67.2,A,14.93333333,No,Yes,Low,6,4.3,4,US
Male,22,CS,84.74098,8.052968037,79.83,88.18,A,19.59555556,Yes,Yes,High,3,4.1,4,Japan
Male,18,CS,54.55598,5.34092827,62.65,63.29,D,14.06444444,No,Yes,Low,2,8.4,8,Canada
Male,23,Engineering,58.37598,5.49358426,62.38,64.22,B,14.27111111,No,Yes,Low,8,8.1,8,Japan
Female,22,CS,72.50405,6.794532628,76.24,77.05,B,17.12222222,No,Yes,High,4,6.9,7,US
Male,20,CS,61.7386,6.537086685,64.56,73.15,C,16.25555556,No,Yes,Low,8,7.3,7,US
Female,19,Engineering,82.72188,8.562171629,92.02,97.78,D,21.72888889,Yes,Yes,High,7,8.8,9,Japan
Male,20,CS,53.88401,5.455094991,62.6,63.17,F,14.03777778,No,Yes,Low,2,4.3,4,Canada
Male,19,CS,47.11117,4.281568627,49.41,54.59,A,12.13111111,No,No,Low,7,5.1,5,Canada
Female,24,Business,65.10725,6.086097946,69.98,77.05,C,17.12222222,No,Yes,High,4,7.6,8,Japan
Male,21,Mathematics,58.99308,4.638214565,56.36,59.23,C,13.16222222,No,Yes,Low,6,5.3,5,US
Female,18,Business,64.53084,6.277087034,64.81,70.68,D,15.70666667,No,Yes,Low,8,5,5,France
Male,18,Business,51.52448,5.691275168,57.16,59.36,A,13.19111111,No,Yes,Low,9,6.2,6,France
Male,21,CS,85.0212,7.792046396,88.38,94.05,C,20.9,Yes,Yes,High,4,7.6,8,US
Male,22,CS,55.0871,5.422385621,56.62,66.37,B,14.74888889,No,Yes,Low,3,5.1,5,France
Male,21,CS,81.99576,7.47598989,86.57,88.74,F,19.72,Yes,Yes,High,2,6.1,6,Canada
Male,24,Business,90.99962,9.704183267,90.03,97.43,A,21.65111111,Yes,Yes,High,4,6.6,7,Canada
Female,23,Mathematics,79.37054,7.756195044,96.65,97.03,B,21.56222222,Yes,Yes,High,2,4.9,5,France
Female,21,Business,70.522,7.033210332,66.78,76.24,F,16.94222222,No,Yes,High,3,6.4,6,US
Male,19,Business,86.2692,8.467976089,98.44,99.16,F,22.03555556,Yes,Yes,High,1,8.3,8,France
Male,23,Engineering,71.5392,6.661303298,80.03,82.8,A,18.4,Yes,Yes,High,7,7.7,8,US
Female,21,CS,49.3675,4.651277824,52.47,56.42,C,12.53777778,No,Yes,Low,6,6.5,7,France
Female,18,Engineering,77.32998,7.868333333,85.74,94.42,F,20.98222222,Yes,Yes,High,1,4.6,5,France
Male,20,CS,62.92951,6.71820677,65.01,73.43,A,16.31777778,No,Yes,Low,9,4.1,4,US
Male,19,CS,49.61943,5.391019645,53.7,57.63,B,12.80666667,No,Yes,Low,6,4.3,4,US
Female,24,Engineering,75.59708,7.545914069,80.91,89.57,C,19.90444444,Yes,Yes,High,5,7.8,8,Japan
Male,19,Engineering,77.9712,7.62629108,71.34,81.22,C,18.04888889,Yes,Yes,High,1,7.5,8,US
Female,22,Engineering,82.06392,7.445411392,87.8,94.11,A,20.91333333,Yes,Yes,High,10,7.7,8,Japan
Male,20,Engineering,76.47669,7.993875766,81.68,91.37,A,20.30444444,Yes,Yes,High,5,5.5,6,Japan
Female,19,CS,62.11541,5.883244207,65.63,66.01,A,14.66888889,No,Yes,Low,2,4.4,4,Canada
Female,21,Engineering,52.32906,4.900156006,59.91,62.82,A,13.96,No,Yes,Low,7,7.6,8,Canada
Male,19,Engineering,81.74867,7.266554904,77.46,86.69,F,19.26444444,Yes,Yes,High,6,8.6,9,France
Female,19,CS,64.27339,7.100180505,71.49,78.67,D,17.48222222,No,Yes,High,4,6.3,6,Canada
Male,19,Business,51.18993,4.810251799,46.65,53.49,F,11.88666667,No,No,Low,3,7.8,8,US
Male,22,Engineering,51.57684,5.896207585,49.18,59.08,F,13.12888889,No,Yes,Low,5,7.6,8,US
Male,19,Engineering,46.6317,4.448995363,56.17,57.57,F,12.79333333,No,Yes,Low,3,8.3,8,US
Male,19,Business,67.96395,6.323786794,77.49,79.49,A,17.66444444,No,Yes,High,9,4.1,4,Japan
Female,22,Business,46.58082,4.353648757,52.66,54.29,F,12.06444444,No,No,Low,6,8.8,9,US
Male,23,Business,50.00292,4.954060705,51.2,60.39,C,13.42,No,Yes,Low,10,8.3,8,Canada
Male,20,CS,74.9519,6.948741007,76.63,77.27,C,17.17111111,No,Yes,High,2,8.4,8,Canada
Male,24,CS,54.66725,5.08984726,56.25,56.65,F,12.58888889,No,Yes,Low,7,9,9,Canada
Male,23,CS,61.22421,5.647963801,61.13,62.41,A,13.86888889,No,Yes,Low,8,7.2,7,Japan
Female,18,CS,87.7128,8.086513995,93.08,95.34,C,21.18666667,Yes,Yes,High,9,4.4,4,Canada
Male,22,Mathematics,71.2824,7.998114986,75.81,84.86,B,18.85777778,Yes,Yes,High,4,8.1,8,US
Female,22,Engineering,52.79472,6.482142857,57.36,65.34,D,14.52,No,Yes,Low,1,4.7,5,US
Female,19,CS,84.57687,7.46778043,92.6,93.87,D,20.86,Yes,Yes,High,8,7.7,8,US
Female,19,CS,61.32231,5.636609558,54.76,62.51,A,13.89111111,No,Yes,Low,10,6.1,6,US
Male,24,CS,65.6257,6.376404494,77.42,79.45,A,17.65555556,No,Yes,High,1,4,4,US
Male,18,Engineering,65.27268,6.311808118,63.06,68.42,D,15.20444444,No,Yes,Low,5,6.2,6,Canada
Male,19,Business,85.68258,7.591854419,78.03,87.61,D,19.46888889,Yes,Yes,High,2,8,8,Canada
Male,21,Business,60.76188,6.268738574,66.36,68.58,B,15.24,No,Yes,Low,8,4.4,4,Canada
Female,19,Mathematics,50.32664,5.088834556,53.58,62.44,A,13.87555556,No,Yes,Low,5,4,4,France
Female,19,CS,79.10376,7.729807692,75.07,80.39,B,17.86444444,Yes,Yes,High,6,6.3,6,Canada
Male,21,CS,80.55021,7.555844156,81.24,87.27,A,19.39333333,Yes,Yes,High,7,4,4,France
Male,18,CS,65.60428,7.260869565,68,76.82,D,17.07111111,No,Yes,High,4,8.7,9,Japan
Male,21,CS,85.29514,7.520595968,85.59,85.81,B,19.06888889,Yes,Yes,High,5,8.1,8,Canada
Male,22,Mathematics,59.6529,6.139896373,63.45,71.1,D,15.8,No,Yes,Low,9,7.2,7,US
Male,21,Engineering,78.90783,7.046310832,80.56,89.77,C,19.94888889,Yes,Yes,High,6,4.1,4,Canada
Male,20,Business,66.4115,7.497634816,70.5,79.25,B,17.61111111,No,Yes,High,8,6.8,7,Canada
Male,22,Engineering,59.57076,5.038753159,55.56,59.81,A,13.29111111,No,Yes,Low,4,7.4,7,France
Female,19,CS,79.60268,7.667477697,84.65,94.54,B,21.00888889,Yes,Yes,High,4,6.9,7,Canada
Female,24,CS,89.63584,8.788516746,84.24,91.84,F,20.40888889,Yes,Yes,High,8,8.7,9,France
Female,22,Engineering,84.6484,8.135874068,89.5,98.2,F,21.82222222,Yes,Yes,High,3,8.2,8,France
Female,18,Business,74.8413,6.478117258,75.99,78.45,A,17.43333333,No,Yes,High,5,5.8,6,Canada
Male,18,CS,75.57858,6.576923077,81.03,83.79,B,18.62,Yes,Yes,High,3,7.5,8,Canada
Male,21,Business,92.90046,8.71655753,85.41,93.18,F,20.70666667,Yes,Yes,High,1,6.3,6,France
Male,22,Business,45.20917,4.720179372,50.27,52.63,D,11.69555556,No,No,Low,3,8.6,9,France
Male,19,Engineering,94.27146,8.394205443,85.79,95.61,B,21.24666667,Yes,Yes,High,6,7.1,7,US
Male,18,Business,61.14472,5.283458022,62.58,63.56,A,14.12444444,No,Yes,Low,6,6.9,7,Japan
Female,23,Engineering,45.3453,5.023764259,46.12,52.85,A,11.74444444,No,No,Low,7,6.5,7,Canada
Male,19,Engineering,58.97164,5.826741996,58.61,61.88,A,13.75111111,No,Yes,Low,3,5.9,6,Canada
Female,23,Business,70.27752,6.360866079,76.72,79.32,F,17.62666667,No,Yes,High,9,4.7,5,US
Male,20,Mathematics,44.47911,4.201283079,48.09,52.39,D,11.64222222,No,No,Low,10,5.4,5,France
Female,23,CS,48.43872,4.483870968,47.46,50.04,A,11.12,No,No,Low,9,5.7,6,France
Male,18,Engineering,75.33043,8.180638723,76.09,81.97,A,18.21555556,Yes,Yes,High,2,4.8,5,US
Female,21,CS,72.45199,6.691528545,71.97,72.67,C,16.14888889,No,Yes,Low,8,8.1,8,US
Male,20,CS,81.6147,7.522022838,88.87,92.22,B,20.49333333,Yes,Yes,High,2,4,4,France
Male,22,Engineering,55.27152,5.213930348,59.81,62.88,F,13.97333333,No,Yes,Low,2,8.6,9,Canada
Male,19,Mathematics,57.70004,6.139980825,56.23,64.04,A,14.23111111,No,Yes,Low,6,4.6,5,Canada
Male,18,CS,49.94676,5.012093023,46.12,53.88,D,11.97333333,No,No,Low,8,4.3,4,Japan
Female,20,CS,75.69912,7.609297725,71.96,76.93,F,17.09555556,No,Yes,High,1,9,9,France
Male,20,CS,56.8939,5.548334687,59.81,68.3,A,15.17777778,No,Yes,Low,8,9,9,Canada
Female,18,Engineering,60.291,5.308240887,60.95,66.99,B,14.88666667,No,Yes,Low,8,5,5,Japan
Male,22,CS,71.058,6.234388366,66.86,72.88,C,16.19555556,No,Yes,Low,4,4.7,5,US
Female,22,CS,77.12832,9.102362205,86.32,92.48,A,20.55111111,Yes,Yes,High,6,5,5,France
Male,21,Business,46.74996,4.358044164,47.42,55.26,D,12.28,No,Yes,Low,2,6.6,7,US
Male,24,CS,72.67572,5.974901961,67,76.18,A,16.92888889,No,Yes,High,1,5.6,6,Canada
Female,23,Engineering,57.06828,4.828087167,56.8,59.82,D,13.29333333,No,Yes,Low,7,5.7,6,Canada
Male,22,Business,50.49646,5.280487805,57.55,60.62,A,13.47111111,No,Yes,Low,7,8,8,Canada
Male,21,CS,51.843,5.666366096,54.99,62.84,D,13.96444444,No,Yes,Low,3,8.5,9,Canada
Female,23,Engineering,71.14575,7.063891578,71.7,72.97,F,16.21555556,No,Yes,Low,3,8.8,9,Canada
Male,20,Engineering,63.512,7.26848249,74.55,74.72,A,16.60444444,No,Yes,Low,10,6.6,7,Canada
Female,18,Engineering,76.7356,7.237432328,91.22,93.58,A,20.79555556,Yes,Yes,High,1,5.2,5,Canada
Male,22,Engineering,84.95978,8.306409131,89.79,94.61,A,21.02444444,Yes,Yes,High,1,6.8,7,US
Female,21,CS,64.81261,7.06411398,70.01,79.33,F,17.62888889,No,Yes,High,2,8.4,8,US
Female,20,Business,62.40418,5.308202154,59.31,64.07,B,14.23777778,No,Yes,Low,10,4.2,4,Canada
Female,22,Business,73.1906,7.777587682,82.11,90.92,C,20.20444444,Yes,Yes,High,3,8.6,9,US
Female,19,CS,77.89716,8.85770751,81.66,89.64,F,19.92,Yes,Yes,High,4,5.1,5,Canada
Male,24,CS,77.4938,6.963594113,86.31,89.9,B,19.97777778,Yes,Yes,High,8,5.6,6,Japan
Male,20,CS,47.36424,4.767354597,50.42,50.82,D,11.29333333,No,No,Low,5,5.8,6,Canada
Female,22,CS,84.62085,8.367366412,86.65,87.69,A,19.48666667,Yes,Yes,High,2,8.6,9,Japan
Male,20,Engineering,89.49024,7.381673307,88.46,92.64,B,20.58666667,Yes,Yes,High,7,4.9,5,US
Male,18,CS,79.20675,7.437442076,73.32,80.25,C,17.83333333,Yes,Yes,High,8,5.1,5,Japan
Male,18,CS,86.59684,8.003656307,81.43,87.56,C,19.45777778,Yes,Yes,High,3,7.7,8,Canada
Female,24,Business,83.74783,8.080982712,86.06,88.81,A,19.73555556,Yes,Yes,High,6,8.7,9,US
Male,18,CS,62.44857,5.983320095,73.88,75.33,F,16.74,No,Yes,High,10,4.5,5,US
Male,23,Business,72.9974,8.778315586,88.79,90.68,D,20.15111111,Yes,Yes,High,8,6.6,7,France
Female,19,Business,72.40488,8.854743083,88.75,89.61,C,19.91333333,Yes,Yes,High,10,8.6,9,France
Male,18,CS,81.34269,9.365591398,91.81,95.81,D,21.29111111,Yes,Yes,High,6,8.4,8,Japan
Female,19,Business,86.65514,9.029135338,92.88,96.07,D,21.34888889,Yes,Yes,High,10,8.7,9,Japan
Female,18,Business,64.71054,6.662891986,76.05,76.49,B,16.99777778,No,Yes,High,6,8.5,9,Japan
Female,23,CS,49.61034,4.422813036,50.5,51.57,A,11.46,No,No,Low,8,5.6,6,Canada
Male,20,CS,48.51392,4.509734513,47.37,50.96,D,11.32444444,No,No,Low,1,5,5,Canada
Male,22,Engineering,78.5295,9.304222649,93.29,96.95,C,21.54444444,Yes,Yes,High,2,8.5,9,Japan
Female,22,Mathematics,63.12528,6.296610169,57.95,66.87,A,14.86,No,Yes,Low,3,7.6,8,US
Female,18,Engineering,63.09408,6.413407821,65.93,68.88,F,15.30666667,No,Yes,Low,7,5.9,6,US
Female,22,CS,59.241,5.697674419,67.85,73.5,B,16.33333333,No,Yes,Low,1,7.6,8,Japan
Female,18,Engineering,55.82178,5.404782237,61.82,63.29,A,14.06444444,No,Yes,Low,4,5.5,6,US
Female,18,Engineering,73.71504,7.616858238,73.79,79.52,A,17.67111111,No,Yes,High,3,6.9,7,US
Female,24,Engineering,85.21465,7.003924647,84.52,89.23,D,19.82888889,Yes,Yes,High,8,5.2,5,Canada
Male,21,Business,62.42991,5.953598485,54.97,62.87,A,13.97111111,No,Yes,Low,7,6.8,7,France
Female,21,Engineering,72.24735,7.493551161,83.07,87.15,A,19.36666667,Yes,Yes,High,1,8.6,9,Japan
Female,24,Business,74.9056,7.849765258,78.76,83.6,F,18.57777778,Yes,Yes,High,9,7.9,8,US
Female,21,Business,76.05116,6.206672091,68.85,76.28,D,16.95111111,No,Yes,High,4,7.3,7,Canada
Male,19,Engineering,56.59458,5.843915344,63.55,66.27,F,14.72666667,No,Yes,Low,7,5.2,5,France
Male,21,CS,88.39616,7.30991413,92.41,93.64,D,20.80888889,Yes,Yes,High,6,4.3,4,US
Male,18,Business,59.619,6.518587361,60.52,70.14,A,15.58666667,No,Yes,Low,3,7.6,8,US
Male,23,Mathematics,63.09414,5.955805893,67.52,68.73,C,15.27333333,No,Yes,Low,6,6.9,7,Canada
Female,23,CS,66.06635,7.999025341,77.8,82.07,A,18.23777778,Yes,Yes,High,7,5.1,5,Canada
Male,20,Engineering,89.10656,7.896381579,86.33,96.02,B,21.33777778,Yes,Yes,High,5,8.7,9,US
Female,21,CS,62.8836,6.962142198,66.94,75.4,C,16.75555556,No,Yes,High,10,6.8,7,Canada
Female,23,Business,73.98567,7.336456559,83.52,86.13,F,19.14,Yes,Yes,High,4,6.9,7,Canada
Female,21,Business,60.60288,6.782122905,64.86,72.84,D,16.18666667,No,Yes,Low,6,5.5,6,Canada
Female,20,CS,52.28652,5.299130435,58.03,60.94,B,13.54222222,No,Yes,Low,10,8.4,8,Canada
Female,23,Business,52.6032,4.407843137,54.94,56.2,A,12.48888889,No,Yes,Low,8,8.5,9,US
Female,18,CS,55.34268,4.645952576,50,56.82,B,12.62666667,No,Yes,Low,7,7.6,8,Canada
Male,19,Business,49.33362,4.158794788,42.4,51.07,D,11.34888889,No,No,Low,3,4.5,5,France
Male,24,Engineering,67.8661,6.401483924,76.9,77.65,B,17.25555556,No,Yes,High,2,4.4,4,Canada
Male,24,CS,49.88592,4.374323279,48.96,56.56,D,12.56888889,No,Yes,Low,10,6.3,6,US
Male,24,CS,84.8848,7.327572663,86.11,93.28,F,20.72888889,Yes,Yes,High,5,4.7,5,US
Male,21,CS,88.43288,8.628372498,97.88,99.14,A,22.03111111,Yes,Yes,High,9,5.7,6,France
Female,23,Engineering,68.0589,6.630319149,67.44,74.79,A,16.62,No,Yes,Low,10,4.9,5,US
Male,23,Engineering,58.56384,6.121621622,67.67,72.48,D,16.10666667,No,Yes,Low,5,5.6,6,US
Male,20,CS,58.4358,5.770547945,58.93,67.4,A,14.97777778,No,Yes,Low,10,8.7,9,US
Male,18,CS,66.5847,6.669381107,79.27,81.9,C,18.2,Yes,Yes,High,1,7.8,8,France
Female,22,CS,76.8624,7.127659574,72.08,80.4,F,17.86666667,Yes,Yes,High,9,4.7,5,US
Female,23,Business,56.69148,5.46541904,66.03,67.17,A,14.92666667,No,Yes,Low,2,7.3,7,Canada
Female,19,Business,63.60052,6.007155635,57.56,67.16,A,14.92444444,No,Yes,Low,2,4.2,4,Canada
Male,20,CS,69.82176,8.142574257,73.22,82.24,B,18.27555556,Yes,Yes,High,6,8.9,9,Canada
Male,23,Engineering,76.33086,6.712435233,72.11,77.73,A,17.27333333,No,Yes,High,3,6.7,7,Canada
Male,23,CS,74.24352,7.160833333,80.84,85.93,F,19.09555556,Yes,Yes,High,5,6.5,7,US
Male,20,Mathematics,82.60657,9.140301318,90.83,97.07,D,21.57111111,Yes,Yes,High,5,5.2,5,US
Male,20,Mathematics,87.6453,7.764397906,86.62,88.98,B,19.77333333,Yes,Yes,High,3,6.3,6,US
Female,21,Engineering,61.24158,5.289537713,62.56,65.22,A,14.49333333,No,Yes,Low,8,6.6,7,US
Male,23,Mathematics,71.33556,8.010928962,81.54,87.96,B,19.54666667,Yes,Yes,High,3,7.3,7,Canada
Female,22,Business,70.2525,6.496415771,65.18,72.5,C,16.11111111,No,Yes,Low,6,4.2,4,Canada
Male,19,Business,88.08008,7.688581315,78.89,88.88,D,19.75111111,Yes,Yes,High,10,5.7,6,US
Female,18,Engineering,89.33051,7.392633229,92.23,94.33,F,20.96222222,Yes,Yes,High,5,5.9,6,US
Female,18,CS,59.625,5.868544601,60.8,62.5,F,13.88888889,No,Yes,Low,7,4.7,5,US
Female,22,CS,60.19596,5.375868056,61.61,61.93,B,13.76222222,No,Yes,Low,6,5.2,5,Canada
Female,20,CS,70.41229,5.518489985,66.24,71.63,A,15.91777778,No,Yes,Low,9,5.2,5,US
Male,20,Engineering,43.95688,4.463497453,49.45,52.58,C,11.68444444,No,No,Low,2,8.1,8,France
Male,20,CS,71.38516,7.774907749,75.38,84.28,F,18.72888889,Yes,Yes,High,10,7.4,7,Canada
Male,23,CS,77.95359,6.851213782,85.47,87.49,F,19.44222222,Yes,Yes,High,6,8.6,9,Canada
Female,20,Engineering,65.45371,5.824242424,64.56,67.27,A,14.94888889,No,Yes,Low,10,5.5,6,Canada
Male,20,CS,62.49078,5.965798046,69.39,73.26,B,16.28,No,Yes,Low,10,8.4,8,Canada
Male,23,Engineering,68.86432,7.295412844,71.01,79.52,F,17.67111111,No,Yes,High,5,8.3,8,Canada
Male,23,Mathematics,53.62632,4.304731355,53.23,53.68,D,11.92888889,No,No,Low,9,6.2,6,Canada
Male,22,Business,84.87552,7.44,82.76,85.56,B,19.01333333,Yes,Yes,High,2,7.1,7,Canada
Female,21,Engineering,62.14076,6.725991189,72.44,76.34,A,16.96444444,No,Yes,High,8,7,7,Japan
Female,23,Engineering,73.00779,6.629387755,71.7,81.21,C,18.04666667,Yes,Yes,High,7,5.5,6,US
Male,19,Engineering,79.2948,7.778880866,78.46,86.19,F,19.15333333,Yes,Yes,High,1,5.3,5,US
Male,20,CS,75.65334,8.295049505,76.57,83.78,A,18.61777778,Yes,Yes,High,3,4.8,5,US
Male,21,Business,52.74351,4.864120782,53.01,54.77,C,12.17111111,No,No,Low,4,8.2,8,Canada
Female,18,CS,81.64308,7.001571092,82.75,89.13,C,19.80666667,Yes,Yes,High,8,6.7,7,Canada
Female,22,CS,73.9795,6.898029135,76.01,80.5,A,17.88888889,Yes,Yes,High,2,5.7,6,US
Female,21,Business,69.70662,8.119318182,83.13,85.74,F,19.05333333,Yes,Yes,High,8,6.5,7,Canada
Male,23,CS,62.4492,6.077071291,60.02,63.08,D,14.01777778,No,Yes,Low,2,4.4,4,US
Female,20,CS,52.45913,5.477130045,57.15,61.07,D,13.57111111,No,Yes,Low,3,4.5,5,Japan
Female,20,CS,78.518,7.028483449,90.62,91.3,A,20.28888889,Yes,Yes,High,8,7.8,8,Canada
Female,20,CS,65.48784,6.039965248,66.75,69.52,F,15.44888889,No,Yes,Low,9,8.5,9,US
Female,21,CS,75.30412,6.10620155,76.64,78.77,F,17.50444444,No,Yes,High,5,5.6,6,US
Female,20,CS,66.79638,7.189990732,67.68,77.58,A,17.24,No,Yes,High,4,6,6,Canada
Male,23,Engineering,65.07246,7.672797677,75.57,79.26,C,17.61333333,No,Yes,High,3,5.9,6,France
Male,21,Business,50.91296,4.136117556,48.83,53.48,A,11.88444444,No,No,Low,3,6.4,6,US
Male,20,CS,58.34752,5.814285714,64.14,65.12,C,14.47111111,No,Yes,Low,9,6.1,6,US
Male,18,Business,47.29484,4.47691016,49.45,53.32,D,11.84888889,No,No,Low,4,5.9,6,US
Female,18,CS,72.23376,5.855221519,72.42,74.01,F,16.44666667,No,Yes,Low,2,7.3,7,Canada
Male,19,CS,94.8147,8.305676856,86.39,95.1,D,21.13333333,Yes,Yes,High,4,5.4,5,Canada
Male,20,CS,67.44566,6.136042403,67.29,69.46,B,15.43555556,No,Yes,Low,3,8.7,9,Canada
Male,20,Engineering,76.46496,8.415486308,82.82,89.12,B,19.80444444,Yes,Yes,High,5,5.5,6,US
Female,21,Engineering,60.69148,5.207119741,60.19,64.36,A,14.30222222,No,Yes,Low,4,5.1,5,US
Male,21,Engineering,79.25974,7.514979757,83.69,92.81,A,20.62444444,Yes,Yes,High,2,8.9,9,Canada
Female,24,Business,65.51454,6.924878049,64.29,70.98,F,15.77333333,No,Yes,Low,10,5.1,5,US
Female,20,Engineering,55.08888,5.540474244,60.1,67.76,F,15.05777778,No,Yes,Low,1,6.7,7,US
Female,19,Engineering,78.9291,7.014049587,76.19,84.87,F,18.86,Yes,Yes,High,1,5.6,6,France
Male,20,Mathematics,71.93364,6.537597234,71.36,75.64,A,16.80888889,No,Yes,High,1,4.4,4,Canada
Female,23,CS,64.39581,5.624053827,60.99,66.87,B,14.86,No,Yes,Low,3,8.8,9,US
Male,21,CS,50.8898,4.441645676,52.19,52.9,A,11.75555556,No,No,Low,2,5.9,6,Japan
Male,20,Business,48.4139,4.812706271,49.21,58.33,A,12.96222222,No,Yes,Low,4,7.2,7,Japan
Male,21,Engineering,74.08632,7.554987212,86.22,88.62,A,19.69333333,Yes,Yes,High,3,8.3,8,US
Female,20,CS,78.56072,9.27027027,94.8,96.04,C,21.34222222,Yes,Yes,High,7,6.8,7,US
Female,22,CS,57.62184,5.38121547,51.32,58.44,D,12.98666667,No,Yes,Low,8,7.6,8,France
Male,21,Engineering,73.05557,6.835365854,74.81,78.47,B,17.43777778,No,Yes,High,5,7.9,8,Canada
Female,19,Engineering,51.1929,4.735347985,50.17,51.71,A,11.49111111,No,No,Low,6,5.9,6,France
Female,22,CS,58.86048,5.171474359,62.5,64.54,B,14.34222222,No,Yes,Low,7,7.1,7,Canada
Female,23,Mathematics,70.55656,5.681568627,67.35,72.44,F,16.09777778,No,Yes,Low,9,5,5,France
Male,20,Business,78.54495,8.576086957,83.31,86.79,A,19.28666667,Yes,Yes,High,1,4.3,4,France
Female,24,Engineering,42.91662,4.163476874,51.64,52.21,A,11.60222222,No,No,Low,2,8.9,9,Canada
Female,23,Engineering,79.08528,7.465213747,88.53,89.06,C,19.79111111,Yes,Yes,High,1,4.5,5,Canada
Male,21,Business,59.70909,5.45149592,55.17,60.13,A,13.36222222,No,Yes,Low,9,6.1,6,Canada
Female,22,CS,82.17332,7.785840708,82.13,87.98,B,19.55111111,Yes,Yes,High,2,4.3,4,Canada
Male,23,CS,67.12902,7.321621622,78.39,81.27,C,18.06,Yes,Yes,High,2,8.6,9,US
Female,19,Engineering,53.71796,5.188226181,63.12,66.98,D,14.88444444,No,Yes,Low,5,4.5,5,US
Female,24,Business,73.86483,7.449438202,82.53,86.19,F,19.15333333,Yes,Yes,High,9,7.9,8,US
Female,21,CS,56.68894,4.973451327,53.83,61.82,D,13.73777778,No,Yes,Low,3,7.6,8,Canada
Female,22,Mathematics,53.12229,6.080757727,52.83,60.99,D,13.55333333,No,Yes,Low,10,4.2,4,US
Female,23,Engineering,48.8428,5.109720885,51.71,53.09,B,11.79777778,No,No,Low,8,7.6,8,US
Female,22,CS,69.3714,6.882411067,63.8,69.65,D,15.47777778,No,Yes,Low,10,8.8,9,US
Male,22,CS,47.91897,5.217680608,46.04,54.89,A,12.19777778,No,No,Low,1,6.6,7,Japan
Female,23,CS,63.81102,6.488117002,61.56,70.98,D,15.77333333,No,Yes,Low,10,5.4,5,US
Female,18,Business,42.81552,4.190041494,42.05,50.49,C,11.22,No,No,Low,2,6.7,7,Japan
Female,20,Mathematics,54.054,4.840737636,56.2,57.75,B,12.83333333,No,Yes,Low,8,4.6,5,France
Male,21,Engineering,86.86138,8.394439618,88.1,96.62,A,21.47111111,Yes,Yes,High,1,8.8,9,US
Male,21,Mathematics,86.27858,7.531879195,84.27,89.78,D,19.95111111,Yes,Yes,High,9,5.8,6,US
Male,24,Business,56.49434,6.030243902,59.67,61.81,D,13.73555556,No,Yes,Low,4,6.3,6,Canada
Female,24,Engineering,74.91352,6.780584057,79.33,85.91,A,19.09111111,Yes,Yes,High,3,6,6,Canada
Female,24,Engineering,76.49614,7.625228519,80.85,83.42,D,18.53777778,Yes,Yes,High,3,4.1,4,Japan
Male,21,Engineering,51.61145,5.025619129,54.5,58.85,A,13.07777778,No,Yes,Low,1,4.2,4,France
Male,22,Engineering,64.50555,5.717264387,68.31,68.55,A,15.23333333,No,Yes,Low,8,6.8,7,Canada
Male,24,CS,92.53223,9.218689788,92.4,95.69,B,21.26444444,Yes,Yes,High,4,6.5,7,US
Female,23,Engineering,82.593,7.998160074,83.59,86.94,C,19.32,Yes,Yes,High,1,8.9,9,Japan
Male,20,CS,72.79254,7.208845209,83.53,88.02,F,19.56,Yes,Yes,High,5,5.3,5,France
Female,19,Business,65.05408,6.430098684,69.68,78.19,A,17.37555556,No,Yes,High,10,5.8,6,US
Female,21,Business,69.03912,6.542026709,73.96,83.28,D,18.50666667,Yes,Yes,High,8,8.9,9,US
Female,23,CS,74.45928,6.883211679,66.89,75.44,C,16.76444444,No,Yes,High,8,4.2,4,Canada
Male,20,CS,80.0768,8.321223709,81.24,87.04,A,19.34222222,Yes,Yes,High,10,7.2,7,Japan
Female,20,Engineering,85.16712,7.232053422,86.36,86.64,B,19.25333333,Yes,Yes,High,3,4.5,5,US
Male,18,Engineering,51.39535,4.09451946,45.81,51.55,C,11.45555556,No,No,Low,4,8.7,9,Japan
Male,23,CS,73.34941,6.460015835,79.39,81.59,A,18.13111111,Yes,Yes,High,10,5.4,5,US
Male,21,Engineering,65.43647,6.706995885,74.75,81.49,D,18.10888889,Yes,Yes,High,4,8.1,8,Canada
Male,24,CS,48.5667,4.69806338,50.72,53.37,A,11.86,No,No,Low,3,8.6,9,Canada
Female,22,CS,68.61596,6.517560074,63.61,70.52,F,15.67111111,No,Yes,Low,6,8.2,8,US
Female,24,CS,85.25612,8.897844424,88.33,94.94,C,21.09777778,Yes,Yes,High,3,6.8,7,US
Female,20,CS,92.29815,8.903372835,94.32,97.67,D,21.70444444,Yes,Yes,High,6,8.9,9,Japan
Female,20,Business,80.55544,8.609661836,79.71,89.11,F,19.80222222,Yes,Yes,High,5,7.4,7,US
Male,19,Mathematics,55.03692,5.589320388,55.73,57.57,F,12.79333333,No,Yes,Low,2,7.9,8,Japan
Male,24,Engineering,58.7727,5.552504039,65.64,68.74,A,15.27555556,No,Yes,Low,8,5.2,5,Canada
Male,18,Engineering,48.90051,4.795620438,49.88,59.13,F,13.14,No,Yes,Low,7,6.1,6,France
Male,20,CS,82.11434,7.41561939,81.72,82.61,B,18.35777778,Yes,Yes,High,7,7,7,US
Female,20,Engineering,76.86822,8.186518929,84.32,88.66,B,19.70222222,Yes,Yes,High,6,4.7,5,Canada
Male,22,CS,91.92944,7.868838764,94.03,94.19,C,20.93111111,Yes,Yes,High,9,8.8,9,France
Female,22,Engineering,89.58789,8.818009479,90.25,93.03,A,20.67333333,Yes,Yes,High,4,4.5,5,Canada
Male,19,Mathematics,54.52032,5.474103586,53.23,54.96,C,12.21333333,No,No,Low,5,7.7,8,Canada
Male,23,CS,48.51336,4.872727273,46.71,56.28,B,12.50666667,No,Yes,Low,9,4.3,4,Canada
Male,19,Business,77.72072,8.540250447,92.1,95.48,A,21.21777778,Yes,Yes,High,3,4.5,5,US
Male,19,CS,82.78662,8.838926174,86.38,92.19,D,20.48666667,Yes,Yes,High,3,7.1,7,Canada
Female,22,CS,65.13384,5.865060241,64.31,73.02,D,16.22666667,No,Yes,Low,8,6.3,6,Canada
Female,24,CS,61.49,6.726246472,70.86,71.5,B,15.88888889,No,Yes,Low,10,4,4,Canada
Female,24,CS,70.57476,6.77486911,71.1,77.64,A,17.25333333,No,Yes,High,6,6,6,US
Female,24,CS,67.37652,6.241594996,77.33,79.83,F,17.74,No,Yes,High,2,5.3,5,Canada
Male,23,CS,50.98323,6.202769535,60.37,62.71,A,13.93555556,No,Yes,Low,3,8.4,8,US
Male,22,Engineering,56.152,6.697519084,69.75,70.19,A,15.59777778,No,Yes,Low,8,7.5,8,Canada
Female,18,CS,77.57884,6.287267081,73.03,80.98,B,17.99555556,Yes,Yes,High,5,7.7,8,France
Female,21,Engineering,49.57482,5.12404418,58.14,60.31,D,13.40222222,No,Yes,Low,2,8.8,9,Canada
Male,21,Mathematics,93.84366,8.105433901,98.47,99.94,D,22.20888889,Yes,Yes,High,3,7.5,8,US
Male,18,Engineering,62.2255,5.152610442,62.63,64.15,C,14.25555556,No,Yes,Low,2,4.8,5,Canada
Female,24,CS,66.13224,6.911843277,68.11,77.62,A,17.24888889,No,Yes,High,5,8.7,9,Canada
Female,21,CS,66.13121,6.2568438,73.59,77.71,A,17.26888889,No,Yes,High,5,4.6,5,France
Female,23,Business,63.06333,6.839773798,72.17,72.57,B,16.12666667,No,Yes,Low,9,5,5,Canada
Male,22,Engineering,56.61696,6.033041788,52.36,62.08,C,13.79555556,No,Yes,Low,6,5.4,5,US
Female,21,Engineering,64.33794,7.294501398,76.5,78.27,A,17.39333333,No,Yes,High,2,4.9,5,Canada
Female,23,CS,52.2589,4.874888293,52.49,54.55,C,12.12222222,No,No,Low,1,4.1,4,US
Female,22,Engineering,67.963,5.486550633,60.03,69.35,A,15.41111111,No,Yes,Low,7,6.3,6,Japan
Female,23,CS,49.64131,5.460303301,60.42,61.21,A,13.60222222,No,Yes,Low,7,7.4,7,Japan
Female,18,Mathematics,53.84918,5.565346535,53.7,56.21,F,12.49111111,No,Yes,Low,10,6.1,6,France
Male,19,Business,93.67071,8.299137931,94.8,96.27,D,21.39333333,Yes,Yes,High,6,5.2,5,Canada
Female,18,CS,69.19,7.443082312,84.95,85,B,18.88888889,Yes,Yes,High,2,8.4,8,France
Male,21,Engineering,48.7974,5.130816506,49.76,58.44,A,12.98666667,No,Yes,Low,8,5.9,6,US
Female,22,CS,84.7989,9.221381268,88.88,97.47,B,21.66,Yes,Yes,High,4,8.2,8,US
Female,23,Engineering,56.0576,5.087866109,53.82,60.8,A,13.51111111,No,Yes,Low,7,4.9,5,US
Female,21,Business,61.10042,4.950320513,60.96,61.78,B,13.72888889,No,Yes,Low,8,5.7,6,Canada
Male,21,Engineering,55.75344,5.335216573,53.44,56.66,C,12.59111111,No,Yes,Low,7,8,8,US
Male,19,CS,72.13565,7.278011794,83.47,86.39,B,19.19777778,Yes,Yes,High,3,4.2,4,Japan
Male,24,CS,63.77448,6.672897196,69.34,78.54,A,17.45333333,No,Yes,High,8,8.6,9,Canada
Female,21,Business,51.42852,4.502978723,44.9,52.91,F,11.75777778,No,No,Low,4,6,6,Canada
Female,19,Engineering,41.67438,4.150607287,42.57,51.26,A,11.39111111,No,No,Low,8,8.9,9,France
Male,22,Engineering,62.53008,6.096260939,73.81,76.63,F,17.02888889,No,Yes,High,5,7.5,8,US
Male,22,CS,68.9543,7.724976614,74.21,82.58,B,18.35111111,Yes,Yes,High,9,8.7,9,Japan
Female,23,CS,78.10698,7.087091757,91.09,91.14,B,20.25333333,Yes,Yes,High,3,4.3,4,US
Male,24,Mathematics,71.17533,6.098184818,69.59,73.91,D,16.42444444,No,Yes,Low,2,7.6,8,Canada
Female,19,Engineering,83.41085,6.860065466,83.8,83.83,A,18.62888889,Yes,Yes,High,4,8.4,8,Canada
Male,18,Engineering,82.25932,7.76007162,82.78,86.68,C,19.26222222,Yes,Yes,High,2,8.9,9,US
Male,22,Engineering,69.6816,6.457165733,80.4,80.65,A,17.92222222,Yes,Yes,High,2,4.2,4,France
Male,24,Business,67.00151,5.977895668,60.09,67.61,F,15.02444444,No,Yes,Low,1,4.4,4,Japan
Female,23,CS,49.12012,4.619591837,49.18,56.59,D,12.57555556,No,Yes,Low,8,7.7,8,France
Female,18,CS,78.01386,7.132467532,79.19,82.38,D,18.30666667,Yes,Yes,High,1,4.2,4,Canada
Male,22,Engineering,79.14485,8.635742188,78.54,88.43,B,19.65111111,Yes,Yes,High,8,4.1,4,Canada
Female,22,Engineering,49.79313,5.321109123,56.95,59.49,D,13.22,No,Yes,Low,9,6.7,7,France
Female,23,Business,64.50062,6.111201962,72.24,74.74,A,16.60888889,No,Yes,Low,6,6.6,7,US
Female,23,Business,60.56862,5.522529644,65.12,69.86,A,15.52444444,No,Yes,Low,7,7.1,7,US
Female,20,CS,58.30043,5.461050725,57.45,60.29,A,13.39777778,No,Yes,Low,6,4.1,4,Japan
Male,21,CS,57.22613,5.033953112,61.1,62.27,A,13.83777778,No,Yes,Low,1,6.5,7,US
Female,21,Mathematics,53.5262,5.44239226,55.88,61.88,A,13.75111111,No,Yes,Low,1,5.4,5,US
Female,18,Engineering,67.8282,5.573448547,63.75,70.95,B,15.76666667,No,Yes,Low,1,7.8,8,France
Male,21,Engineering,63.68032,6.627264061,65.69,69.52,D,15.44888889,No,Yes,Low,3,5.7,6,US
Female,18,Engineering,73.43595,6.895297249,76.06,77.71,B,17.26888889,No,Yes,High,7,5.8,6,Japan
Female,24,Engineering,51.927,5.311953353,53.58,54.66,B,12.14666667,No,No,Low,8,7.3,7,Japan
Female,22,CS,67.35912,6.244865719,74.19,79.06,D,17.56888889,No,Yes,High,1,7.3,7,Canada
Male,20,Business,43.73304,4.70875576,45.07,51.09,B,11.35333333,No,No,Low,6,4.3,4,Canada
Male,20,Business,54.88551,5.132244898,57.95,62.87,A,13.97111111,No,Yes,Low,8,7.1,7,US
Female,22,Engineering,71.65494,5.86796875,72.6,75.11,A,16.69111111,No,Yes,High,5,7.3,7,Japan
Female,23,Engineering,70.09485,7.471213463,81.78,84.35,C,18.74444444,Yes,Yes,High,2,6.3,6,Canada
Male,19,CS,70.93656,7.36159601,88.43,88.56,D,19.68,Yes,Yes,High,4,8.1,8,Canada
Male,19,CS,50.43372,4.116057234,48.19,51.78,F,11.50666667,No,No,Low,4,4,4,France
Male,21,CS,64.64767,6.239448052,70.27,76.87,F,17.08222222,No,Yes,High,4,8.8,9,Canada
Female,23,CS,60.47396,6.23572744,60.13,67.72,D,15.04888889,No,Yes,Low,8,5.9,6,Canada
Female,18,Mathematics,77.20725,6.867909238,79.08,84.75,D,18.83333333,Yes,Yes,High,6,7,7,Japan
Male,24,Business,54.62569,6.010299625,56.35,64.19,B,14.26444444,No,Yes,Low,9,4.2,4,US
Female,20,Engineering,70.6239,6.727623457,80.52,87.19,A,19.37555556,Yes,Yes,High,10,7.5,8,Japan
Female,21,Engineering,68.0935,7.114564831,72.15,80.11,C,17.80222222,Yes,Yes,High,1,6.7,7,Canada
Female,22,CS,76.32644,7.06793049,85.98,89.48,B,19.88444444,Yes,Yes,High,1,8.8,9,US
Female,23,Mathematics,82.25338,9.17853839,94.45,99.22,F,22.04888889,Yes,Yes,High,2,6.1,6,US
Female,20,CS,93.23511,9.114613181,89.1,95.43,D,21.20666667,Yes,Yes,High,5,7.6,8,US
Female,18,CS,77.90748,6.902946274,74.24,79.66,A,17.70222222,No,Yes,High,6,4.4,4,France
Female,18,Engineering,80.58119,7.742436631,87.84,94.69,F,21.04222222,Yes,Yes,High,3,4.3,4,US
Male,19,Business,56.66995,5.591658584,53.74,57.65,A,12.81111111,No,Yes,Low,1,8.7,9,US
Male,21,Business,48.23875,4.615044248,51.53,52.15,A,11.58888889,No,No,Low,7,5.3,5,France
Male,22,CS,75.74008,6.398998331,73.34,76.66,F,17.03555556,No,Yes,Low,1,8.6,9,Japan
Male,20,Business,94.2776,8.091803279,95.43,98.72,F,21.93777778,Yes,Yes,High,7,4.4,4,US
Male,24,CS,72.92297,7.382556131,81.22,85.49,F,18.99777778,Yes,Yes,High,9,7.2,7,Canada
Male,18,CS,59.32134,5.852914798,58.86,65.26,A,14.50222222,No,Yes,Low,1,6.8,7,US
Male,20,Business,70.25648,6.680544436,80.72,83.44,C,18.54222222,Yes,Yes,High,8,8.8,9,Canada
Male,22,Business,46.228,4.355108878,42.91,52,F,11.55555556,No,No,Low,10,6,6,US
Male,20,Engineering,59.04459,6.739688359,72.56,73.53,A,16.34,No,Yes,Low,9,4.2,4,Canada
Female,21,Engineering,53.38518,5.176569038,60.75,61.86,A,13.74666667,No,Yes,Low,8,6.4,6,Canada
Female,19,Business,50.51898,4.378964942,44.04,52.46,C,11.65777778,No,No,Low,1,8.1,8,Japan
Male,20,Business,57.25,5.269814503,62.07,62.5,F,13.88888889,No,Yes,Low,4,4.3,4,US
Female,23,Business,84.48372,6.98459043,76.94,86.12,C,19.13777778,Yes,Yes,High,10,4.2,4,France
Female,19,Engineering,73.75956,7.102564103,75.98,77.56,F,17.23555556,No,Yes,Low,4,8.1,8,US
Male,22,Mathematics,45.89949,4.325443787,45.05,51.17,C,11.37111111,No,No,Low,1,8.1,8,France
Male,19,Mathematics,69.64412,6.600187266,61.14,70.49,F,15.66444444,No,Yes,Low,7,5,5,US
Male,20,CS,74.73133,7.578719723,83.24,87.61,A,19.46888889,Yes,Yes,High,7,7.3,7,US
Female,20,Business,81.80001,7.570100697,92.45,97.73,C,21.71777778,Yes,Yes,High,10,4.3,4,Japan
Female,23,Engineering,85.19148,7.829573935,86.47,93.72,B,20.82666667,Yes,Yes,High,9,7.8,8,France
Male,18,CS,40.96544,4.019261637,43.64,50.08,B,11.12888889,No,No,Low,8,5.5,6,France
Female,23,Engineering,54.05378,4.867412141,58.07,60.94,A,13.54222222,No,Yes,Low,3,5.2,5,US
Female,20,CS,58.27635,5.450361011,52.15,60.39,C,13.42,No,Yes,Low,2,7.4,7,US
Female,24,Engineering,61.11225,6.640037594,66.44,70.65,A,15.7,No,Yes,Low,10,8.6,9,Japan
Male,19,Business,81.71397,6.51543943,74.68,82.29,F,18.28666667,Yes,Yes,High,3,4.2,4,US
Female,23,CS,48.0801,5.129003559,56.94,57.65,B,12.81111111,No,Yes,Low,8,4.7,5,France
Female,23,Engineering,94.43908,7.955149502,89.66,95.78,F,21.28444444,Yes,Yes,High,6,5.3,5,France
Female,24,Mathematics,73.57608,8.070844687,78.92,88.86,F,19.74666667,Yes,Yes,High,3,8.6,9,US
Female,24,Engineering,66.07307,6.165942659,62.09,70.97,A,15.77111111,No,Yes,Low,2,8.4,8,France
Female,24,CS,72.7056,7.29281768,72.99,79.2,D,17.6,No,Yes,Low,1,8.5,9,Canada
Female,18,Engineering,63.29089,6.472712007,71.44,77.09,C,17.13111111,No,Yes,Low,8,5.9,6,France
Female,20,Engineering,78.16068,7.541468065,69.3,79.11,D,17.58,No,Yes,Low,3,5.2,5,US
Male,20,Engineering,76.82626,8.165935031,88.1,93.01,A,20.66888889,Yes,Yes,High,3,5,5,US
Male,22,Business,52.38873,5.310619469,59.69,60.01,B,13.33555556,No,Yes,Low,5,8.4,8,Japan
Female,18,Engineering,69.37256,8.150048403,81.03,84.19,A,18.70888889,Yes,Yes,High,5,5.2,5,US
Male,22,Business,51.2541,4.424460432,53.2,55.35,F,12.3,No,Yes,Low,9,6.7,7,Japan
Female,22,Engineering,61.72416,5.655813953,66.76,72.96,F,16.21333333,No,Yes,Low,5,5.7,6,Japan
Female,22,CS,79.00914,6.671288744,74.88,81.79,D,18.17555556,Yes,Yes,High,7,6.5,7,Canada
Female,21,Engineering,40.80778,4.387348354,43.64,50.63,A,11.25111111,No,No,Low,7,5.7,6,Japan
Male,22,Business,50.6356,5.211665099,50.93,55.4,A,12.31111111,No,Yes,Low,7,5.5,6,US
Female,23,Engineering,45.99408,4.546666667,46.35,54.56,C,12.12444444,No,No,Low,5,6.1,6,France
Female,19,CS,56.22114,5.680165289,68.64,68.73,F,15.27333333,No,Yes,Low,3,5.7,6,US
Male,23,CS,74.6931,6.296583851,75.05,81.1,B,18.02222222,Yes,Yes,High,7,8.2,8,US
Male,23,CS,81.1374,9.097538742,91.58,99.8,B,22.17777778,Yes,Yes,High,8,6.9,7,France
Female,20,CS,60.7563,5.83255814,56.6,62.7,D,13.93333333,No,Yes,Low,4,4.9,5,Japan
Male,21,Engineering,47.0872,4.576954069,55.43,56.8,A,12.62222222,No,Yes,Low,6,5.2,5,Canada
Male,22,CS,66.8493,6.598880597,70.39,70.74,C,15.72,No,Yes,Low,5,4.3,4,Japan
Female,20,Business,48.0174,4.831365936,51.4,57.3,B,12.73333333,No,Yes,Low,10,5.5,6,Japan
Female,18,CS,45.79962,4.348896435,42.3,51.23,B,11.38444444,No,No,Low,2,7.3,7,Japan
Female,18,CS,64.9842,7.294776119,77.09,78.2,D,17.37777778,No,Yes,Low,1,4.9,5,US
Male,20,Engineering,76.02982,8.816135084,90.62,93.98,C,20.88444444,Yes,Yes,High,6,4.5,5,Canada
Male,19,CS,85.50376,7.965753425,91.12,93.04,A,20.67555556,Yes,Yes,High,10,5.6,6,Canada
Male,20,Business,52.0128,4.504091653,50.89,55.04,B,12.23111111,No,Yes,Low,6,7.1,7,Canada
Female,20,CS,56.39471,4.821008403,48.68,57.37,F,12.74888889,No,Yes,Low,7,6.4,6,US
Male,21,Engineering,70.90656,6.345531915,70.58,74.56,B,16.56888889,No,Yes,Low,5,5.7,6,Canada
Male,18,Business,66.47508,5.661423841,67.03,68.39,C,15.19777778,No,Yes,Low,1,8.4,8,US
Female,18,Engineering,73.0587,7.495598592,83.75,85.15,D,18.92222222,Yes,Yes,High,6,6.3,6,France
Female,22,CS,61.07075,6.244778613,72.51,74.75,A,16.61111111,No,Yes,Low,4,6.3,6,France
Female,23,Engineering,45.85799,4.286554622,47.2,51.01,B,11.33555556,No,No,Low,7,4.2,4,Canada
Male,20,Business,64.10154,5.936229205,62.22,64.23,A,14.27333333,No,Yes,Low,2,7.2,7,Canada
Female,20,Mathematics,83.75667,9.478564307,91.43,95.07,A,21.12666667,Yes,Yes,High,9,6.3,6,Canada
Male,19,Business,63.78952,6.991674376,69.96,75.58,A,16.79555556,No,Yes,Low,7,4.7,5,Japan
Male,24,CS,80.3706,7.573715249,81.23,89.9,F,19.97777778,Yes,Yes,High,5,5.2,5,France
Female,24,Mathematics,64.15065,5.852253756,69.58,70.11,A,15.58,No,Yes,Low,2,5,5,Japan
Female,18,CS,75.04575,8.212536729,77.51,83.85,D,18.63333333,Yes,Yes,High,1,4.6,5,Japan
Female,19,CS,48.1628,4.510030864,48.92,58.45,D,12.98888889,No,Yes,Low,5,6.2,6,US
Female,21,Business,73.02403,7.557006092,80.9,86.83,B,19.29555556,Yes,Yes,High,10,5.8,6,Canada
Female,22,CS,73.69725,8.026055705,85.86,89.33,C,19.85111111,Yes,Yes,High,5,5.8,6,Japan
Male,19,CS,45.29781,4.261923378,45.37,54.51,C,12.11333333,No,No,Low,3,5.3,5,US
Male,18,CS,54.19972,5.16768559,50.97,59.17,A,13.14888889,No,Yes,Low,9,6.2,6,Canada
Male,21,Engineering,59.53596,6.13590604,72.8,73.14,D,16.25333333,No,Yes,Low,10,6.7,7,Canada
Female,20,Business,80.15073,7.940834142,74.85,81.87,A,18.19333333,Yes,Yes,High,1,7.1,7,US
Male,21,Engineering,69.01641,6.997435897,76.57,81.87,B,18.19333333,Yes,Yes,High,5,5.1,5,Japan
Female,23,CS,78.73904,7.098723404,80.03,83.41,F,18.53555556,Yes,Yes,High,4,7.6,8,Canada
Female,19,Engineering,75.8622,7.612788632,83.28,85.72,C,19.04888889,Yes,Yes,High,2,4.1,4,US
Male,18,Mathematics,62.18954,6.052250804,66.21,75.29,A,16.73111111,No,Yes,Low,1,7.8,8,France
Male,19,Business,65.59042,7.024085638,69.6,78.74,D,17.49777778,No,Yes,Low,10,5.4,5,Canada
Female,20,CS,44.8738,4.316780822,45.17,50.42,A,11.20444444,No,No,Low,4,5.9,6,Japan
Male,24,Mathematics,53.89692,5.269196025,50.63,58.33,F,12.96222222,No,Yes,Low,6,6.9,7,Canada
Female,20,Business,71.85787,6.387894288,72.94,74.93,F,16.65111111,No,Yes,Low,8,7.1,7,US
Male,18,CS,80.64672,8.296577947,80.53,87.28,B,19.39555556,Yes,Yes,High,10,6.1,6,US
Male,23,CS,84.57075,8.406133829,89.65,90.45,F,20.1,Yes,Yes,High,2,8.7,9,Canada
Male,22,CS,83.6836,7.62345679,82.82,86.45,F,19.21111111,Yes,Yes,High,2,8.3,8,Japan
Male,21,Business,68.52304,6.042276423,65.93,74.32,C,16.51555556,No,Yes,Low,6,5.1,5,US
Male,21,CS,55.54002,5.272427984,59.69,64.06,F,14.23555556,No,Yes,Low,4,6.9,7,Japan
Female,20,Engineering,65.016,6.795860771,67.76,72.24,D,16.05333333,No,Yes,Low,10,7.6,8,Canada
Male,19,CS,49.14804,4.059533387,49.75,50.46,A,11.21333333,No,No,Low,9,5.1,5,US
Male,24,Mathematics,77.503,6.597853014,74.65,79.9,D,17.75555556,No,Yes,Low,4,4.1,4,US
Male,19,CS,53.62254,4.396890344,49.13,53.73,A,11.94,No,No,Low,2,8.9,9,Japan
Female,23,Mathematics,49.42401,5.449096099,51.19,57.27,F,12.72666667,No,Yes,Low,1,8.8,9,Canada
Female,22,Mathematics,75.5277,7.330928765,80.94,81.3,A,18.06666667,Yes,Yes,High,6,5.6,6,US
Female,19,CS,47.52846,4.80740038,49.07,50.67,A,11.26,No,No,Low,1,5.2,5,Japan
Female,21,Engineering,67.03536,6.289368505,76.38,78.68,A,17.48444444,No,Yes,Low,6,4.8,5,Canada
Female,24,CS,71.68,8.183816184,74.95,81.92,D,18.20444444,Yes,Yes,High,8,7.4,7,US
Male,19,Mathematics,72.60092,7.164262821,82.14,89.41,F,19.86888889,Yes,Yes,High,6,7.8,8,Canada
Male,24,Engineering,49.2882,4.506329114,49.78,53.4,B,11.86666667,No,No,Low,4,6.1,6,Japan
Male,22,CS,44.88425,3.924100156,49.73,50.15,D,11.14444444,No,No,Low,2,5.2,5,Japan
Female,21,CS,78.79928,8.009066183,82.79,88.34,C,19.63111111,Yes,Yes,High,5,6.2,6,US
Female,24,CS,52.632,5.313014827,55.01,64.5,A,14.33333333,No,Yes,Low,5,6.6,7,France
Male,19,Mathematics,90.30252,8.148531952,92.25,94.36,F,20.96888889,Yes,Yes,High,8,6.7,7,Canada
Female,21,Engineering,52.31775,4.933388843,50.31,59.25,B,13.16666667,No,Yes,Low,3,6.2,6,France
Female,20,Business,74.44392,6.466557912,76.35,79.28,A,17.61777778,No,Yes,Low,2,4,4,Canada
Female,20,CS,52.80744,4.330210773,45.58,55.47,C,12.32666667,No,Yes,Low,1,6.4,6,Canada
Male,23,CS,60.59232,5.883389262,61.61,70.13,A,15.58444444,No,Yes,Low,2,5.7,6,US
Male,20,Mathematics,81.867,8.218340611,89.93,94.1,F,20.91111111,Yes,Yes,High,2,6.8,7,France
Female,19,CS,69.64372,7.453197405,74.35,80.42,A,17.87111111,Yes,Yes,High,1,4.3,4,Japan
Female,22,Mathematics,70.9632,6.97029703,75.45,84.48,D,18.77333333,Yes,Yes,High,8,8.4,8,Canada
Female,21,CS,54.9861,5.745079663,56.92,61.3,B,13.62222222,No,Yes,Low,8,8.4,8,Japan
Female,24,CS,85.37232,7.759483454,93.09,96.14,B,21.36444444,Yes,Yes,High,10,6.8,7,France
Male,18,Engineering,66.5594,6.826745164,72.92,81.17,F,18.03777778,Yes,Yes,High,4,7.7,8,Canada
Female,20,Mathematics,54.01833,5.463438735,55.02,55.29,F,12.28666667,No,Yes,Low,3,6.2,6,France
Male,20,Mathematics,46.51448,4.141924959,41.42,50.78,A,11.28444444,No,No,Low,1,7,7,Japan
Male,18,CS,49.3776,4.028548771,49,50.8,A,11.28888889,No,No,Low,8,7.1,7,Japan
Male,24,CS,48.98592,4.651327434,44.81,52.56,F,11.68,No,No,Low,8,5.8,6,France
Female,24,Engineering,85.73526,7.357967667,89.55,95.58,C,21.24,Yes,Yes,High,4,8.8,9,France
Male,18,Engineering,66.96912,5.957894737,65.97,67.92,A,15.09333333,No,Yes,Low,5,7,7,France
Male,24,Business,52.44728,5.816308244,61.58,64.91,A,14.42444444,No,Yes,Low,4,9,9,Japan
Female,19,CS,65.37609,5.848885219,62.9,70.83,A,15.74,No,Yes,Low,5,6.2,6,US
Female,24,Mathematics,66.32168,5.819983485,65.57,70.48,A,15.66222222,No,Yes,Low,4,4.2,4,France
Female,21,Engineering,61.05312,5.403141361,53.48,61.92,A,13.76,No,Yes,Low,9,5.5,6,Japan
Male,24,Business,51.69673,4.221964424,50.62,54.59,C,12.13111111,No,No,Low,1,7.3,7,Japan
Female,20,Engineering,49.16641,4.717446809,53.05,55.43,A,12.31777778,No,Yes,Low,10,8.6,9,Japan
Male,22,Engineering,79.80008,7.132917038,73.53,79.96,F,17.76888889,No,Yes,Low,10,7.1,7,US
Male,19,Mathematics,61.24968,5.542857143,67.06,69.84,C,15.52,No,Yes,Low,3,6.4,6,France
Female,19,Engineering,78.9496,8.999053926,91.17,95.12,B,21.13777778,Yes,Yes,High,7,4.4,4,Japan
Male,24,Business,71.21387,6.160774411,66.73,73.19,F,16.26444444,No,Yes,Low,6,4.7,5,Canada
Male,22,Mathematics,60.81253,5.951702296,69.59,75.17,A,16.70444444,No,Yes,Low,8,4.3,4,Japan
Male,22,Engineering,95.15667,7.700479233,95.28,96.41,B,21.42444444,Yes,Yes,High,6,7.6,8,Japan
Male,23,Engineering,63.29244,5.977707006,72.82,75.08,B,16.68444444,No,Yes,Low,8,8.2,8,Canada
Female,22,CS,70.0683,6.06133979,68.58,75.1,A,16.68888889,No,Yes,Low,1,4.8,5,US
Male,24,CS,64.82016,6.085714286,61.66,68.16,B,15.14666667,No,Yes,Low,9,5.6,6,Canada
Female,24,CS,79.02048,7.534801762,76.04,85.52,A,19.00444444,Yes,Yes,High,5,6.4,6,Japan
Male,18,CS,64.45886,6.328181818,60.94,69.61,A,15.46888889,No,Yes,Low,10,4.7,5,Japan
Male,20,CS,68.61888,6.175738725,72.34,79.42,A,17.64888889,No,Yes,Low,2,6.1,6,Japan
Female,23,CS,58.47496,7.193836978,64.14,72.37,C,16.08222222,No,Yes,Low,1,8.8,9,Japan
Male,24,CS,63.59808,6.949090909,75.63,76.44,C,16.98666667,No,Yes,Low,4,7.6,8,Canada
Male,18,Engineering,90.8019,7.487704918,87.36,91.35,A,20.3,Yes,Yes,High,10,4.8,5,US
Male,23,CS,70.40724,6.97828233,65.55,70.69,B,15.70888889,No,Yes,Low,8,4.5,5,France
Male,20,CS,52.3365,4.853985793,55.42,61.5,B,13.66666667,No,Yes,Low,3,6.2,6,Canada
Male,23,Engineering,71.0606,7.118766999,69.22,78.52,A,17.44888889,No,Yes,Low,10,8.9,9,US
Male,18,Engineering,81.3792,7.610369207,91.3,96.88,D,21.52888889,Yes,Yes,High,4,8,8,Canada
Female,21,Engineering,69.16722,6.588326848,75.57,84.66,B,18.81333333,Yes,Yes,High,2,5.5,6,US
Female,24,Engineering,57.43876,6.483647175,59.28,65.42,A,14.53777778,No,Yes,Low,2,4.1,4,Japan
Female,20,Business,80.58115,9.190074906,94.4,98.15,B,21.81111111,Yes,Yes,High,2,6.1,6,France
Male,19,Engineering,63.58158,6.170955882,63.03,67.14,A,14.92,No,Yes,Low,10,4.8,5,Canada
Male,20,Engineering,92.81376,7.716731518,91.02,99.16,B,22.03555556,Yes,Yes,High,1,4.9,5,Canada
Male,20,Mathematics,57.3352,5.055131467,56.65,59.6,F,13.24444444,No,Yes,Low,10,4.8,5,Canada
Female,20,Business,89.18216,7.804839969,93.05,99.98,F,22.21777778,Yes,Yes,High,10,7.6,8,France
Male,21,Engineering,48.4738,4.83378257,52.74,53.8,B,11.95555556,No,No,Low,5,4.2,4,Canada
Female,24,Engineering,81.63398,6.930420712,78.68,85.66,C,19.03555556,Yes,Yes,High,5,6.8,7,Japan
Male,18,CS,77.36078,7.12111293,81.21,87.02,A,19.33777778,Yes,Yes,High,3,7.8,8,US
Male,24,Engineering,79.52906,7.264705882,77.74,83.98,C,18.66222222,Yes,Yes,High,3,4.8,5,Japan
Male,19,Mathematics,80.25864,8.730844794,83.01,88.88,C,19.75111111,Yes,Yes,High,8,8.5,9,Canada
Female,18,Engineering,63.36099,5.826603325,68.96,73.59,A,16.35333333,No,Yes,Low,10,4.4,4,Japan
Male,23,Mathematics,48.80946,4.414572864,48.48,52.71,C,11.71333333,No,No,Low,7,7.4,7,Japan
Female,23,Engineering,66.26064,6.138336347,63.84,67.89,A,15.08666667,No,Yes,Low,4,4.9,5,Canada
Male,23,Mathematics,72.10136,7.499543379,81.06,82.12,A,18.24888889,Yes,Yes,High,8,8,8,Japan
Male,18,Engineering,65.93031,7.303460515,78.35,82.31,A,18.29111111,Yes,Yes,High,10,6.9,7,France
Female,22,CS,50.4972,5.350044763,56.54,59.76,C,13.28,No,Yes,Low,9,6.9,7,Canada
Male,21,Engineering,57.1368,5.563943162,60.38,62.65,D,13.92222222,No,Yes,Low,6,5.7,6,France
Male,22,CS,72.17443,6.508756567,65.75,74.33,B,16.51777778,No,Yes,Low,7,5.4,5,Canada
Male,24,CS,80.46633,8.077570093,85.52,86.43,A,19.20666667,Yes,Yes,High,7,6.3,6,Canada
Male,23,Business,75.13104,8.882070949,85.73,92.64,C,20.58666667,Yes,Yes,High,5,7.8,8,US
Female,21,CS,53.01632,4.587837838,53.87,54.32,C,12.07111111,No,No,Low,4,4.8,5,Japan
Female,18,Business,86.26688,7.690095847,95.24,96.28,F,21.39555556,Yes,Yes,High,2,8.1,8,France
Male,23,CS,85.7871,7.49533437,93.37,96.39,A,21.42,Yes,Yes,High,1,6.4,6,Canada
Male,18,CS,41.7312,4.48,47.45,50.4,A,11.2,No,No,Low,8,6.3,6,Japan
Female,21,Mathematics,66.2816,6.011173184,68.45,75.32,A,16.73777778,No,Yes,Low,2,4.1,4,US
Male,18,CS,65.23392,6.702702703,77,79.36,D,17.63555556,No,Yes,Low,8,4.6,5,US
Female,18,Engineering,63.31735,7.301691729,70.11,77.69,A,17.26444444,No,Yes,Low,9,6.2,6,Canada
Male,19,Engineering,69.72177,6.595102041,70.99,80.79,F,17.95333333,Yes,Yes,High,4,8.9,9,Japan
Female,24,Engineering,69.45708,7.104914934,70.11,75.17,F,16.70444444,No,Yes,Low,1,5.3,5,US
Female,22,Mathematics,57.25065,5.1752,58.36,64.69,F,14.37555556,No,Yes,Low,6,4.1,4,US
Female,22,Engineering,51.39302,5.366307542,54.5,54.79,B,12.17555556,No,No,Low,8,6.2,6,US
Female,22,Engineering,51.23616,5.249348393,50.88,60.42,B,13.42666667,No,Yes,Low,1,4.1,4,France
Male,20,Business,71.69624,8.131775701,84.98,87.01,A,19.33555556,Yes,Yes,High,5,5.7,6,Canada
Male,19,CS,53.7353,5.915157293,52.08,62.05,A,13.78888889,No,Yes,Low,1,5.8,6,Canada
Female,23,Engineering,88.65381,7.617818485,89.65,91.49,B,20.33111111,Yes,Yes,High,7,4,4,Canada
Female,23,Mathematics,60.90756,6.344484629,60.24,70.17,C,15.59333333,No,Yes,Low,6,7.9,8,Canada
Female,23,Engineering,69.58848,6.434940855,64.36,70.72,A,15.71555556,No,Yes,Low,4,8.6,9,Japan
Female,22,Business,79.31358,7.56437247,89.3,93.42,C,20.76,Yes,Yes,High,8,9,9,France
Male,24,Engineering,52.75699,5.18003413,57.26,60.71,D,13.49111111,No,Yes,Low,8,6.5,7,France
Female,22,Business,55.3164,4.91164327,53.7,59.48,F,13.21777778,No,Yes,Low,2,5.5,6,US
Female,24,Mathematics,87.95322,8.639686684,95.2,99.27,D,22.06,Yes,Yes,High,5,7.6,8,Japan
Female,19,CS,71.56087,7.04757548,71.98,77.03,D,17.11777778,No,Yes,Low,1,7.7,8,Japan
Female,24,CS,53.87465,5.040643522,57.92,59.53,C,13.22888889,No,Yes,Low,3,5.9,6,Japan
Female,18,Engineering,56.42472,4.793585526,54.89,58.29,A,12.95333333,No,Yes,Low,3,6.8,7,Japan
Female,22,Business,88.23984,8.143482065,84.61,93.08,A,20.68444444,Yes,Yes,High,10,8.1,8,Japan
Female,23,CS,72.31096,6.323320158,71.31,79.99,B,17.77555556,No,Yes,Low,3,4.9,5,France
Male,18,CS,53.46425,4.463570857,50.02,55.75,C,12.38888889,No,Yes,Low,3,4.1,4,Japan
Female,22,CS,83.7828,7.464398734,86.29,94.35,D,20.96666667,Yes,Yes,High,10,6.7,7,Japan
Female,21,Mathematics,66.5684,6.092827004,65.4,72.2,A,16.04444444,No,Yes,Low,2,7.3,7,US
Female,20,Engineering,82.16222,7.663328197,93.74,99.47,F,22.10444444,Yes,Yes,High,7,6.9,7,Japan
Male,22,Engineering,57.80918,6.364448858,54.56,64.09,B,14.24222222,No,Yes,Low,7,7,7,France
Male,21,CS,75.6756,6.752650177,71.39,76.44,A,16.98666667,No,Yes,Low,4,6,6,France
Male,19,CS,48.62914,5.678606002,55.03,58.66,D,13.03555556,No,Yes,Low,8,7.3,7,Canada
Female,21,CS,71.19811,5.857607811,65.78,71.99,D,15.99777778,No,Yes,Low,10,4.2,4,Canada
Female,19,CS,53.94711,4.98559322,51.5,58.83,C,13.07333333,No,Yes,Low,10,4.8,5,Japan
Female,22,Mathematics,59.08544,5.728308501,61.22,65.36,A,14.52444444,No,Yes,Low,8,6.2,6,Japan
Male,19,Mathematics,51.17294,6.176070039,57.91,63.49,A,14.10888889,No,Yes,Low,4,8.7,9,Japan
Female,21,CS,59.08215,6.383084577,57.81,64.15,D,14.25555556,No,Yes,Low,6,7.2,7,Japan
Male,24,CS,82.14066,7.736842105,97.22,98.49,B,21.88666667,Yes,Yes,High,6,5.8,6,Japan
Male,20,CS,48.2856,4.898113208,46.02,51.92,B,11.53777778,No,No,Low,5,6.3,6,Canada
Male,18,Engineering,66.75728,5.972865124,65.88,74.84,C,16.63111111,No,Yes,Low,4,8.2,8,Canada
Male,18,CS,69.72976,6.633550489,81.03,81.46,C,18.10222222,Yes,Yes,High,9,6.7,7,France
Male,20,CS,79.55232,7.618348624,77.06,83.04,C,18.45333333,Yes,Yes,High,6,4.2,4,Canada
Female,23,CS,73.60547,7.75,86.65,87.73,C,19.49555556,Yes,Yes,High,7,6.1,6,US
Female,18,Business,73.2576,8.055809698,81.2,88.05,D,19.56666667,Yes,Yes,High,5,5.9,6,Japan
Male,22,Business,86.82864,9.447342995,96.65,97.78,D,21.72888889,Yes,Yes,High,2,8.5,9,France
Female,23,Engineering,86.98998,7.224691358,81.35,87.78,A,19.50666667,Yes,Yes,High,6,5.5,6,Canada
Female,22,CS,84.06796,8.244122966,85.83,91.18,A,20.26222222,Yes,Yes,High,3,4.3,4,Japan
Male,21,Mathematics,61.60248,5.930340557,70.98,76.62,A,17.02666667,No,Yes,Low,10,5.8,6,Japan
Male,21,Mathematics,80.14496,7.386809269,80.26,82.88,C,18.41777778,Yes,Yes,High,6,4.2,4,Japan
Female,23,CS,61.41921,5.75623053,72.91,73.91,D,16.42444444,No,Yes,Low,3,8.2,8,Canada
Female,23,CS,54.37464,6.003762935,57.55,63.82,F,14.18222222,No,Yes,Low,8,7,7,Japan
Female,23,Engineering,54.70311,5.11847233,63.29,65.67,C,14.59333333,No,Yes,Low,7,6.3,6,Canada
Female,23,CS,62.45154,5.79471891,67.69,68.03,D,15.11777778,No,Yes,Low,1,5.8,6,France
Male,19,Engineering,54.56242,5.282111899,60.23,67.03,F,14.89555556,No,Yes,Low,4,6.1,6,US
Female,24,Engineering,69.3773,6.142628205,74.54,76.66,D,17.03555556,No,Yes,Low,2,7.9,8,Canada
Male,23,Engineering,52.27444,5.22883487,61.51,62.38,C,13.86222222,No,Yes,Low,6,4.9,5,US
Male,24,CS,69.53611,6.8131177,70.54,75.83,D,16.85111111,No,Yes,Low,5,4.4,4,Canada
Female,23,Engineering,82.20498,8.224034335,92.03,95.81,A,21.29111111,Yes,Yes,High,2,6.8,7,Canada
Female,21,Mathematics,69.3861,5.669354839,61.32,70.3,A,15.62222222,No,Yes,Low,1,8.3,8,Canada
Female,22,CS,52.08276,5.766981132,54.24,61.13,A,13.58444444,No,Yes,Low,7,6.8,7,Canada
Male,24,Engineering,59.46122,5.765410959,59.97,67.34,A,14.96444444,No,Yes,Low,9,8,8,Japan
Male,21,CS,82.48536,8.688888889,85.55,93.84,B,20.85333333,Yes,Yes,High,9,8.5,9,Japan
Male,18,CS,94.94424,7.572542902,87.8,97.08,B,21.57333333,Yes,Yes,High,10,4.4,4,Japan
Male,19,Engineering,83.10473,8.882297552,85.54,94.33,D,20.96222222,Yes,Yes,High,3,6.9,7,Japan
Female,19,CS,63.27571,6.335629921,58.38,64.37,C,14.30444444,No,Yes,Low,6,8.2,8,US
Male,22,CS,57.52431,5.416861827,61.88,69.39,D,15.42,No,Yes,Low,10,7.2,7,Canada
Male,23,CS,86.11,8.708112875,90.83,98.75,C,21.94444444,Yes,Yes,High,1,7,7,France
Female,21,Engineering,57.38673,5.883555556,65.44,66.19,A,14.70888889,No,Yes,Low,1,7.9,8,Canada
Male,18,Business,52.85081,4.908541846,54.36,56.89,A,12.64222222,No,Yes,Low,6,7.5,8,Japan
Male,21,CS,58.0105,5.569070374,62.92,64.1,A,14.24444444,No,Yes,Low,6,6.5,7,France
Female,23,Engineering,79.2474,8.357446809,89.29,98.2,D,21.82222222,Yes,Yes,High,5,4.2,4,Canada
Male,23,CS,64.84364,7.02979146,62.89,70.79,F,15.73111111,No,Yes,Low,6,7.1,7,Canada
Male,20,Engineering,83.92692,7.729016787,93.3,96.69,D,21.48666667,Yes,Yes,High,10,5.1,5,France
Male,21,Engineering,54.4272,4.854881266,47.88,55.2,C,12.26666667,No,Yes,Low,5,5.3,5,Japan
Male,22,Engineering,71.6996,8.589494163,81.23,88.3,F,19.62222222,Yes,Yes,High,6,7.4,7,Canada
Female,21,Mathematics,51.3898,4.234701782,45.21,54.67,B,12.14888889,No,No,Low,9,6.3,6,Canada
Male,19,Mathematics,50.65002,4.851701783,52.98,59.87,B,13.30444444,No,Yes,Low,7,7.6,8,France
Female,18,CS,70.87037,6.318217357,80.27,80.81,F,17.95777778,Yes,Yes,High,3,6,6,Japan
Male,24,Business,67.7754,6.198789974,62.51,71.72,A,15.93777778,No,Yes,Low,9,8.4,8,Canada
Female,22,CS,79.74681,7.673112339,73.7,83.33,A,18.51777778,Yes,Yes,High,6,6.1,6,Canada
Female,20,Mathematics,91.26975,9.847305389,90.34,98.67,B,21.92666667,Yes,Yes,High,5,6.5,7,France
Female,18,CS,44.744,4.798541477,45.8,52.64,D,11.69777778,No,No,Low,4,4.6,5,Japan
Male,18,CS,50.46426,4.632970451,54.53,59.58,B,13.24,No,Yes,Low,10,6.5,7,France
Male,24,CS,76.2693,6.82847627,74.58,82.01,F,18.22444444,Yes,Yes,High,1,5.2,5,Japan
Male,19,CS,76.52781,7.895920067,93.07,94.83,D,21.07333333,Yes,Yes,High,7,7.8,8,Canada
Female,19,Business,78.28548,8.170909091,84.25,89.88,C,19.97333333,Yes,Yes,High,5,7.6,8,France
Male,19,Mathematics,70.12896,6.30094583,66.64,73.28,A,16.28444444,No,Yes,Low,1,4.1,4,France
Male,22,Engineering,71.03778,7.153278689,85.37,87.27,A,19.39333333,Yes,Yes,High,4,6.5,7,France
Male,21,Business,52.246,4.898621249,58.85,60.4,F,13.42222222,No,Yes,Low,10,4.2,4,Canada
Male,18,Business,43.23857,4.689176688,44.37,50.69,F,11.26444444,No,No,Low,1,6.8,7,Japan
Female,21,CS,71.5135,6.83202785,69.99,78.5,A,17.44444444,No,Yes,Low,10,8.5,9,France
Female,21,CS,80.32476,8.332720588,83.09,90.66,B,20.14666667,Yes,Yes,High,4,8.3,8,Canada
Male,19,CS,71.16831,5.59921875,62.26,71.67,D,15.92666667,No,Yes,Low,7,5.2,5,Japan
Male,21,CS,63.63106,7.062106211,74.7,78.46,D,17.43555556,No,Yes,Low,9,4.7,5,Japan
Male,18,CS,67.5545,5.639175258,68.51,71.11,B,15.80222222,No,Yes,Low,2,8,8,Japan
Female,18,CS,75.5486,7.101313321,72.88,75.7,B,16.82222222,No,Yes,Low,4,6.7,7,Japan
Male,23,CS,80.087,8.473021583,94.1,94.22,B,20.93777778,Yes,Yes,High,1,6.1,6,Canada
Female,20,CS,60.16274,5.702932099,71.17,73.91,D,16.42444444,No,Yes,Low,6,8.1,8,Canada
Female,22,Mathematics,48.60705,4.095121951,45.64,50.37,F,11.19333333,No,No,Low,8,5.3,5,Japan
Male,21,CS,80.18109,7.798093588,84.36,89.99,B,19.99777778,Yes,Yes,High,3,5.1,5,Canada
Male,22,Engineering,65.44001,7.993083004,79.14,80.89,C,17.97555556,Yes,Yes,High,5,7.1,7,US
Male,22,Engineering,81.58836,6.807238395,81.15,86.52,A,19.22666667,Yes,Yes,High,1,5.4,5,Canada
Female,22,Engineering,92.9589,7.778232406,91.38,95.05,B,21.12222222,Yes,Yes,High,5,6.1,6,US
Female,24,CS,60.4514,5.323675497,57.92,64.31,A,14.29111111,No,Yes,Low,1,6.3,6,France
Male,23,CS,72.06885,6.739910314,68.46,75.15,D,16.7,No,Yes,Low,5,5,5,Canada
Female,22,CS,73.79052,7.878072763,73.64,80.12,B,17.80444444,Yes,Yes,High,9,4.3,4,Japan
Male,23,CS,58.59217,5.202629544,62.88,67.27,D,14.94888889,No,Yes,Low,7,7.8,8,Canada
Male,18,CS,82.7931,8.900675024,83.04,92.3,B,20.51111111,Yes,Yes,High,7,7.9,8,Canada
Female,24,Engineering,71.21432,6.574748257,84.53,84.88,D,18.86222222,Yes,Yes,High,9,7,7,Japan
Female,21,Engineering,78.52302,7.289318755,82.88,86.67,A,19.26,Yes,Yes,High,5,4.7,5,Canada
Female,23,Engineering,82.1736,7.799827437,88.56,90.4,A,20.08888889,Yes,Yes,High,8,6.4,6,Canada
Female,20,Engineering,57.868,5.206953642,56.02,62.9,A,13.97777778,No,Yes,Low,7,4.9,5,Japan
Male,22,CS,73.3152,7.267277269,82.07,87.28,C,19.39555556,Yes,Yes,High,6,8.4,8,US
Male,24,Business,71.21807,7.535259133,81.2,88.69,F,19.70888889,Yes,Yes,High,6,7.5,8,US
Male,20,CS,86.96128,8.740037951,85.46,92.12,B,20.47111111,Yes,Yes,High,7,4.2,4,Canada
Female,18,Business,62.37234,6.815934066,74.02,74.43,A,16.54,No,Yes,Low,10,4,4,Japan
Male,18,Business,68.14026,6.251870324,67.76,75.21,A,16.71333333,No,Yes,Low,3,8.9,9,Canada
Female,19,Engineering,54.14126,5.367546432,50.36,54.91,B,12.20222222,No,No,Low,5,4.2,4,Canada
Female,22,CS,86.21991,8.181095406,87.08,92.61,F,20.58,Yes,Yes,High,2,8.3,8,Canada
Female,19,Engineering,72.52982,6.203074434,72.91,76.67,B,17.03777778,No,Yes,Low,5,8.8,9,US
Male,24,CS,71.11024,6.141756549,73.98,79.72,A,17.71555556,No,Yes,Low,8,5.5,6,Japan
Female,20,CS,48.38841,4.656976744,53.89,56.07,D,12.46,No,Yes,Low,7,6.7,7,France
Female,21,CS,70.31902,6.793044953,73.96,80.09,D,17.79777778,Yes,Yes,High,3,7.2,7,Japan
Female,19,CS,45.0144,4.518647008,49.07,52.1,C,11.57777778,No,No,Low,7,6.6,7,US
Female,18,Engineering,86.83248,8.978524743,94.17,96.16,C,21.36888889,Yes,Yes,High,2,5.1,5,Japan
Female,22,Business,76.8735,7.594132029,90.42,93.18,D,20.70666667,Yes,Yes,High,4,6.9,7,France
Female,20,CS,50.4634,4.724683544,53.74,59.72,D,13.27111111,No,Yes,Low,10,5.3,5,US
Female,23,Mathematics,68.05526,6.365015974,75.06,79.69,A,17.70888889,No,Yes,Low,2,4.8,5,Japan
Female,24,Mathematics,68.83167,7.772065955,70.23,80.13,C,17.80666667,Yes,Yes,High,7,6.5,7,Canada
Female,24,Mathematics,79.25943,8.058087578,80.59,90.17,A,20.03777778,Yes,Yes,High,5,5.9,6,Canada
Female,18,Business,87.23505,7.407251265,80.89,87.85,C,19.52222222,Yes,Yes,High,9,4.1,4,Japan
Female,23,CS,97.96578,8.222772277,91.65,99.66,D,22.14666667,Yes,Yes,High,7,8.7,9,France
Female,24,CS,61.25878,5.618968386,65.38,67.54,B,15.00888889,No,Yes,Low,2,4.2,4,France
Male,21,Engineering,48.97633,4.420597484,50.34,56.23,B,12.49555556,No,Yes,Low,4,8.5,9,Canada
Male,22,Engineering,70.25231,6.858761988,71.27,78.67,A,17.48222222,No,Yes,Low,3,4.9,5,France
Female,21,Business,71.7948,8.432122371,82.6,88.2,D,19.6,Yes,Yes,High,10,4.7,5,Canada
Female,24,Mathematics,52.58922,5.269672131,57.46,64.29,B,14.28666667,No,Yes,Low,2,4.3,4,France
Female,21,Engineering,55.13452,5.598731884,53.75,61.81,B,13.73555556,No,Yes,Low,2,6.1,6,Canada
Male,24,CS,81.5586,8.682080925,81.28,90.12,F,20.02666667,Yes,Yes,High,8,6.9,7,Canada
Male,22,CS,80.6748,7.037720706,82.17,87.69,C,19.48666667,Yes,Yes,High,6,8.5,9,Canada
Male,22,CS,56.5598,5.96333003,52.59,60.17,A,13.37111111,No,Yes,Low,3,7.9,8,France
Female,23,Engineering,81.02982,9.281032771,88.07,93.46,F,20.76888889,Yes,Yes,High,8,4.8,5,France
Female,21,Engineering,52.14406,5.075134168,49.87,56.74,A,12.60888889,No,Yes,Low,3,4.8,5,US
Female,20,Business,44.6453,4.965085049,47.18,55.46,A,12.32444444,No,Yes,Low,5,4,4,Canada
Female,23,Engineering,61.61472,5.221020093,61.93,67.56,C,15.01333333,No,Yes,Low,1,7.4,7,Japan
Male,22,Mathematics,81.78411,8.347787611,94.03,94.33,F,20.96222222,Yes,Yes,High,1,4.1,4,Japan
Female,18,Engineering,75.02145,7.105616094,77.02,84.77,A,18.83777778,Yes,Yes,High,10,4.7,5,Japan
Male,24,Business,63.32392,5.792358804,69.06,69.74,A,15.49777778,No,Yes,Low,2,7.2,7,US
Male,23,CS,49.58602,4.516783763,51.82,57.86,F,12.85777778,No,Yes,Low,7,4.8,5,Japan
Female,19,Business,72.39115,8.499007937,77.15,85.67,B,19.03777778,Yes,Yes,High,1,4.8,5,Japan
Male,20,Engineering,73.64316,6.246875,74.43,79.96,A,17.76888889,No,Yes,Low,7,5.2,5,US
Male,24,CS,98.08806,9.546589817,96.19,99.38,D,22.08444444,Yes,Yes,High,10,5.9,6,Canada
Male,23,CS,78.92232,8.15143121,81,88.28,B,19.61777778,Yes,Yes,High,9,4,4,Canada
Male,22,Mathematics,44.80443,4.419406576,48.06,55.11,B,12.24666667,No,Yes,Low,5,7.7,8,Canada
Female,22,CS,76.47285,8.068160598,83.32,86.41,C,19.20222222,Yes,Yes,High,6,7.9,8,Canada
Female,20,Engineering,53.4395,5.674187726,60.62,62.87,A,13.97111111,No,Yes,Low,10,5.8,6,Japan
Male,19,CS,88.77145,9.579101563,93.22,98.09,C,21.79777778,Yes,Yes,High,7,8,8,Japan
Female,23,Engineering,43.5708,4.211570248,49.27,50.96,D,11.32444444,No,No,Low,8,5.4,5,Japan
Male,23,Business,61.42464,6.064642507,56.54,61.92,C,13.76,No,Yes,Low,2,8.9,9,Canada
Female,21,CS,65.8061,6.015248796,66.58,74.95,A,16.65555556,No,Yes,Low,2,6,6,Japan
Female,18,Engineering,52.70915,4.976937269,50.05,53.95,B,11.98888889,No,No,Low,9,7.3,7,Canada
Female,22,Mathematics,62.6976,5.719148936,60.47,67.2,A,14.93333333,No,Yes,Low,6,5.6,6,Canada
Female,23,Business,62.58296,5.903785489,65.52,74.86,A,16.63555556,No,Yes,Low,7,6.3,6,US
Female,23,Business,72.27765,7.128078818,64.13,72.35,B,16.07777778,No,Yes,Low,5,7.2,7,Canada
Male,24,Engineering,61.85641,7.223541048,63.76,73.03,F,16.22888889,No,Yes,Low,1,5.7,6,Canada
Female,24,CS,81.83045,7.663132137,86.04,93.95,A,20.87777778,Yes,Yes,High,8,7.3,7,US
Male,23,Engineering,69.08868,6.287385129,65.26,75.26,A,16.72444444,No,Yes,Low,1,4.7,5,Canada
Male,19,Business,83.2689,7.877435065,91.35,97.05,A,21.56666667,Yes,Yes,High,1,6.4,6,Canada
Female,18,CS,52.74141,5.217272727,50.8,57.39,B,12.75333333,No,Yes,Low,2,5.4,5,Japan
Male,23,CS,57.609,6.214563107,63.56,64.01,D,14.22444444,No,Yes,Low,5,8.6,9,Canada
Female,20,CS,76.12077,7.043367347,76.46,82.83,D,18.40666667,Yes,Yes,High,4,8.1,8,Canada
Male,22,Engineering,53.06032,5.854014599,58.25,64.16,F,14.25777778,No,Yes,Low,4,6.4,6,Australia
Male,21,Business,60.42192,6.702487562,58.89,67.36,A,14.96888889,No,Yes,Low,1,6.3,6,US
Female,24,CS,88.30145,8.736213235,94,95.05,C,21.12222222,Yes,Yes,High,1,8.2,8,France
Female,20,Engineering,64.54427,6.043205027,73.34,76.93,A,17.09555556,No,Yes,Low,10,7.5,8,Canada
Female,22,Mathematics,64.86156,6.313150426,59.9,66.73,B,14.82888889,No,Yes,Low,2,7.4,7,Canada
Female,24,CS,84.8422,8.469018112,86.71,88.84,F,19.74222222,Yes,Yes,High,2,6.7,7,France
Male,19,Engineering,46.83875,4.292702486,43.8,53.53,D,11.89555556,No,No,Low,1,8.3,8,Canada
Female,24,Mathematics,74.271,6.553227158,76.51,78.18,C,17.37333333,No,Yes,Low,10,4.9,5,France
Male,18,Mathematics,53.27562,5.17215428,51.56,54.98,C,12.21777778,No,No,Low,8,8.3,8,Japan
Male,18,CS,54.54468,4.899250624,52.21,58.84,B,13.07555556,No,Yes,Low,3,6.6,7,Japan
Male,22,CS,46.42688,5.093000959,44.32,53.12,F,11.80444444,No,No,Low,8,7.1,7,Japan
Male,20,CS,79.8672,8.52735426,86.98,95.08,C,21.12888889,Yes,Yes,High,5,8.8,9,Japan
Male,21,Business,47.64069,4.972485769,51.21,52.41,F,11.64666667,No,No,Low,3,6.1,6,Japan
Male,19,Business,72.4081,6.12934519,72.43,75.82,B,16.84888889,No,Yes,Low,6,7.3,7,Australia
Female,22,Engineering,51.75625,5.553037171,53.5,61.25,C,13.61111111,No,Yes,Low,2,6.6,7,France
Male,19,CS,65.3751,6.59485224,68.78,69.18,C,15.37333333,No,Yes,Low,1,8.7,9,Australia
Male,18,CS,74.23192,6.116298116,71.18,74.68,B,16.59555556,No,Yes,Low,9,6.4,6,Japan
Male,23,Engineering,72.4275,6.304347826,72.06,72.5,D,16.11111111,No,Yes,Low,3,5.3,5,France
Female,23,Engineering,78.9222,6.780449961,78.8,87.4,D,19.42222222,Yes,Yes,High,7,6.4,6,Canada
Female,21,Business,91.47963,8.121495327,95.19,95.59,C,21.24222222,Yes,Yes,High,9,8.6,9,US
Male,19,Engineering,57.98892,5.293973941,55.54,65.01,D,14.44666667,No,Yes,Low,4,6.5,7,Japan
Female,22,CS,50.92262,3.980574981,49.81,51.23,C,11.38444444,No,No,Low,9,4.7,5,Australia
Male,21,CS,81.3473,7.363919129,90.74,94.7,F,21.04444444,Yes,Yes,High,4,6.7,7,US
Female,24,CS,88.84812,7.693623639,95.58,98.94,A,21.98666667,Yes,Yes,High,2,5.9,6,Japan
Male,24,CS,71.52666,5.99748954,68.33,71.67,F,15.92666667,No,Yes,Low,6,7.2,7,US
Female,20,CS,61.94429,7.206930693,69.78,72.79,D,16.17555556,No,Yes,Low,9,5.2,5,Japan
Female,23,CS,47.02662,4.783444816,53.33,57.21,C,12.71333333,No,Yes,Low,3,5.6,6,Australia
Female,22,CS,62.78678,6.027777778,73.71,73.78,A,16.39555556,No,Yes,Low,2,6.6,7,Japan
Male,19,CS,52.136,5.324346405,64.73,65.17,A,14.48222222,No,Yes,Low,5,4.6,5,Japan
Male,21,Business,98.92224,8.537671233,98.36,99.72,C,22.16,Yes,Yes,High,7,5.1,5,US
Male,22,CS,50.88716,5.196491228,56.63,59.24,C,13.16444444,No,Yes,Low,6,8,8,Japan
Female,21,Engineering,61.83021,6.442056075,62.04,68.93,D,15.31777778,No,Yes,Low,4,8.7,9,Japan
Female,21,Business,77.27348,6.752715121,75.35,80.83,A,17.96222222,Yes,Yes,High,9,8.8,9,Japan
Male,21,Engineering,58.11264,6.30956848,58.92,67.26,A,14.94666667,No,Yes,Low,1,8.7,9,France
Female,19,Mathematics,62.95688,7.335323383,67.06,73.72,A,16.38222222,No,Yes,Low,10,8.7,9,Japan
Male,22,CS,87.91497,8.857271095,94.5,98.67,F,21.92666667,Yes,Yes,High,1,8.1,8,Canada
Male,18,Business,71.5546,6.246893123,72.09,75.4,B,16.75555556,No,Yes,Low,7,7.7,8,US
Male,18,Mathematics,93.70512,8,94.53,95.52,C,21.22666667,Yes,Yes,High,5,5.2,5,France
Male,19,Business,42.29365,4.910546139,44.3,52.15,D,11.58888889,No,No,Low,4,6.2,6,US
Female,24,CS,55.59807,5.141414141,55.25,55.99,D,12.44222222,No,Yes,Low,5,6,6,France
Female,19,CS,81.96489,8.184343434,87.96,97.23,D,21.60666667,Yes,Yes,High,3,7.7,8,Australia
Female,23,CS,53.56156,4.873920553,51.82,56.44,A,12.54222222,No,Yes,Low,1,6.4,6,France
Male,21,Engineering,78.32066,7.272194305,83.54,86.83,B,19.29555556,Yes,Yes,High,9,5.8,6,Canada
Female,22,Business,67.3836,5.574402467,69.87,72.3,B,16.06666667,No,Yes,Low,5,8.1,8,Australia
Male,22,CS,63.72804,5.423284503,69.22,70.34,A,15.63111111,No,Yes,Low,10,7.7,8,Canada
Male,20,Engineering,70.43304,7.625,77.27,82.96,C,18.43555556,Yes,Yes,High,6,5.8,6,US
Male,20,Engineering,82.83842,7.091954023,80.57,86.38,B,19.19555556,Yes,Yes,High,8,6.1,6,Japan
Male,18,Engineering,82.9794,8.66367713,86.67,96.6,F,21.46666667,Yes,Yes,High,10,8.5,9,Japan
Male,20,Business,52.91128,5.138184791,55.48,62.84,A,13.96444444,No,Yes,Low,6,7.7,8,Australia
Male,20,Business,72.2499,7.075,78.66,84.9,B,18.86666667,Yes,Yes,High,10,7.4,7,Australia
Female,18,CS,62.74785,5.394694534,58.34,67.11,C,14.91333333,No,Yes,Low,3,7.6,8,Japan
Female,23,Engineering,74.45796,6.864908074,76.42,85.88,C,19.08444444,Yes,Yes,High,8,4.5,5,Japan
Female,24,CS,52.14143,5.413270142,52.57,57.11,C,12.69111111,No,Yes,Low,2,6.8,7,US
Female,18,Engineering,58.95992,6.601449275,66.36,72.88,A,16.19555556,No,Yes,Low,7,5.5,6,France
Male,24,Mathematics,54.91904,4.745789896,58.82,59.18,C,13.15111111,No,Yes,Low,6,4.4,4,Japan
Male,20,Business,62.94444,5.605704698,62.66,66.82,C,14.84888889,No,Yes,Low,2,7.7,8,France
Female,22,Engineering,78.66026,8.451231527,76.05,85.78,A,19.06222222,Yes,Yes,High,4,5.5,6,Canada
Female,20,CS,52.29616,5.046644845,53.02,61.67,A,13.70444444,No,Yes,Low,3,5.6,6,Japan
Female,21,CS,69.0768,7.3125,82.15,84.24,C,18.72,Yes,Yes,High,1,7.2,7,Canada
Female,24,Engineering,69.564,6.166529266,65.71,74.8,B,16.62222222,No,Yes,Low,3,7.3,7,France
Female,24,CS,48.2118,5.141242938,48.04,54.6,A,12.13333333,No,No,Low,7,6.4,6,Canada
Female,21,Engineering,63.99159,5.541966427,61.37,69.33,B,15.40666667,No,Yes,Low,6,6.8,7,Japan
Female,21,CS,88.69354,7.31871574,93.44,93.46,F,20.76888889,Yes,Yes,High,3,8.2,8,France
Female,23,CS,85.5356,9.116406966,95.97,99.46,B,22.10222222,Yes,Yes,High,2,4.5,5,Canada
Male,19,CS,60.57825,6.379310345,59.79,68.45,D,15.21111111,No,Yes,Low,6,4.3,4,Australia
Male,21,Mathematics,43.08858,5.085824494,46.72,52.74,D,11.72,No,No,Low,7,7.3,7,Australia
Male,24,Business,54.92772,4.842330763,47.27,56.51,B,12.55777778,No,Yes,Low,2,7,7,Japan
Male,22,CS,89.32059,8.14298725,81.11,89.41,B,19.86888889,Yes,Yes,High,7,4.9,5,Japan
Female,24,CS,72.77241,7.076068376,75.11,82.79,A,18.39777778,Yes,Yes,High,3,6.6,7,Australia
Male,24,Engineering,60.5235,5.695921986,63.94,64.25,D,14.27777778,No,Yes,Low,6,7.7,8,US
Female,23,CS,59.126,6.746847721,61.16,69.56,D,15.45777778,No,Yes,Low,5,7.7,8,US
Male,19,Engineering,80.23616,7.571906355,85.15,90.56,C,20.12444444,Yes,Yes,High,1,7,7,Japan
Female,19,Business,56.95196,5.698387097,69.94,70.66,B,15.70222222,No,Yes,Low,9,4.7,5,Japan
Female,21,Engineering,77.78194,8.717974181,79.01,87.79,D,19.50888889,Yes,Yes,High,4,5.5,6,US
Male,20,Engineering,59.38492,5.214170692,56.68,64.76,B,14.39111111,No,Yes,Low,5,6,6,Japan
Male,24,Engineering,84.77392,7.85428051,77.59,86.24,F,19.16444444,Yes,Yes,High,3,7.9,8,Australia
Female,18,Mathematics,64.81488,5.856230032,68.42,73.32,B,16.29333333,No,Yes,Low,7,6.7,7,US
Female,20,Mathematics,65.83404,6.520675105,73.45,77.27,A,17.17111111,No,Yes,Low,10,7.7,8,Australia
Female,20,Engineering,64.27176,6.536385936,77.91,79.94,A,17.76444444,No,Yes,Low,4,8.6,9,France
Male,19,CS,64.84182,6.220411664,69.57,72.53,A,16.11777778,No,Yes,Low,4,7.1,7,Canada
Male,19,Engineering,67.22527,5.989379085,66.45,73.31,B,16.29111111,No,Yes,Low,9,5.2,5,US
Female,23,CS,54.30282,5.865616311,57.41,63.29,B,14.06444444,No,Yes,Low,3,4.7,5,France
Male,23,Engineering,97.89994,9.059306569,90.66,99.29,C,22.06444444,Yes,Yes,High,5,4,4,Canada
Female,19,Engineering,85.66571,7.629303443,90.5,95.29,B,21.17555556,Yes,Yes,High,3,4.9,5,Japan
Male,22,CS,69.80218,7.546442688,74.01,76.37,B,16.97111111,No,Yes,Low,2,5.3,5,Australia
Male,22,CS,48.41928,4.271676301,44.71,51.73,F,11.49555556,No,No,Low,6,5.3,5,Canada
Male,18,Engineering,57.8358,4.542768274,53.64,58.42,B,12.98222222,No,Yes,Low,8,7.3,7,US
Male,19,Business,88.6212,7.416,90.32,92.7,B,20.6,Yes,Yes,High,5,4.8,5,US
Male,21,Engineering,78.10086,7.874388254,93.82,96.54,C,21.45333333,Yes,Yes,High,2,6.2,6,Canada
Female,23,Engineering,54.80864,5.106420405,51.65,58.06,D,12.90222222,No,Yes,Low,5,4,4,Australia
Female,19,CS,72.41955,7.425513699,80.06,86.73,D,19.27333333,Yes,Yes,High,10,5.3,5,US
Male,22,Engineering,69.6267,7.194148936,71.24,81.15,B,18.03333333,Yes,Yes,High,6,4.2,4,Japan
Female,19,Engineering,53.89559,5.574850299,57.98,65.17,F,14.48222222,No,Yes,Low,1,7.5,8,France
Female,22,Engineering,65.338,6.760828625,63.15,71.8,A,15.95555556,No,Yes,Low,3,5.8,6,Japan
Male,19,CS,70.8617,8.001908397,76.29,83.86,C,18.63555556,Yes,Yes,High,7,6.4,6,US
Female,24,Engineering,50.54508,4.3015625,54.41,55.06,A,12.23555556,No,Yes,Low,9,7.8,8,Japan
Male,21,CS,50.4136,4.853061224,56.3,59.45,D,13.21111111,No,Yes,Low,8,8.3,8,Japan
Female,18,CS,46.55467,4.718721461,46.77,51.67,D,11.48222222,No,No,Low,4,6.6,7,Canada
Female,24,Mathematics,86.64521,8.749770009,90.95,95.11,F,21.13555556,Yes,Yes,High,6,7.2,7,Canada
Female,21,CS,63.89628,7.173199635,68.91,78.69,A,17.48666667,No,Yes,Low,10,7.7,8,Canada
Female,22,CS,72.3615,6.258833196,67.38,76.17,F,16.92666667,No,Yes,Low,9,5.4,5,Japan
Female,23,Engineering,68.67455,6.803030303,80.7,85.31,D,18.95777778,Yes,Yes,High,7,7.5,8,France
Female,23,Business,95.24436,8.12254902,94.91,99.42,C,22.09333333,Yes,Yes,High,10,7.3,7,Japan
Female,20,Engineering,50.52182,4.633201581,52.35,58.61,B,13.02444444,No,Yes,Low,2,6.2,6,Australia
Male,21,Business,55.18684,5.500970874,51.74,56.66,B,12.59111111,No,Yes,Low,6,5.7,6,Japan
Male,19,Business,57.87756,6.165714286,59.56,64.74,A,14.38666667,No,Yes,Low,8,8.9,9,France
Male,18,CS,91.2016,7.752442997,90.27,95.2,C,21.15555556,Yes,Yes,High,1,8.9,9,Australia
Male,19,CS,67.60606,6.00085034,64.63,70.57,B,15.68222222,No,Yes,Low,1,7.5,8,France
Female,19,CS,79.98564,7.817785527,86,89.67,F,19.92666667,Yes,Yes,High,1,5.9,6,Canada
Female,21,Business,52.3305,5.493150685,54.56,60.15,B,13.36666667,No,Yes,Low,4,7.8,8,Canada
Female,18,CS,61.46164,7.132760267,72.02,74.68,D,16.59555556,No,Yes,Low,2,7.4,7,Australia
Male,20,CS,46.67436,4.81383433,48.62,56.37,A,12.52666667,No,Yes,Low,7,6.7,7,Canada
Male,24,Engineering,61.66872,5.81878089,69.99,70.64,B,15.69777778,No,Yes,Low,4,4.7,5,Japan
Male,19,Engineering,62.22646,4.918939984,55.11,63.11,A,14.02444444,No,Yes,Low,7,8.7,9,France
Female,18,Engineering,73.28662,6.318923328,77,77.47,A,17.21555556,No,Yes,Low,10,5.2,5,Canada
Male,20,Engineering,79.58388,7.674137931,79.96,89.02,A,19.78222222,Yes,Yes,High,2,6,6,Canada
Female,24,CS,81.21896,8.398613518,95.74,96.92,F,21.53777778,Yes,Yes,High,3,5.7,6,Japan
Male,19,Engineering,64.12581,5.562391681,57.69,64.19,A,14.26444444,No,Yes,Low,1,4.8,5,US
Female,18,Engineering,82.88916,6.906497623,85.29,87.16,A,19.36888889,Yes,Yes,High,9,4.1,4,Australia
Male,24,Mathematics,88.05752,8.77839851,89.42,94.28,D,20.95111111,Yes,Yes,High,6,8.6,9,Australia
Female,21,CS,48.3664,5.5628091,52.72,56.24,F,12.49777778,No,Yes,Low,10,7.7,8,US
Male,23,Business,74.2248,6.602830974,70.48,79.3,B,17.62222222,No,Yes,Low,10,4.1,4,Canada
Male,23,Engineering,74.1428,7.756496631,76.66,80.59,A,17.90888889,Yes,Yes,High,7,7.4,7,France
Female,19,CS,54.26786,5.253509496,56.43,63.62,C,14.13777778,No,Yes,Low,4,4.6,5,Australia
Female,19,Business,50.72096,4.197865353,50.5,51.13,F,11.36222222,No,No,Low,4,7.6,8,Australia
Male,24,CS,61.52036,5.497812773,60.43,62.84,D,13.96444444,No,Yes,Low,10,6.5,7,Australia
Female,18,Mathematics,71.23676,6.161741835,77.52,79.24,B,17.60888889,No,Yes,Low,10,8.9,9,Australia
Male,23,Business,50.847,5.026890756,50.76,59.82,B,13.29333333,No,Yes,Low,8,6.2,6,France
Female,19,CS,57.80426,5.825339367,62.18,64.37,D,14.30444444,No,Yes,Low,1,7.7,8,Australia
Male,20,CS,78.7388,8.323586745,80.35,85.4,F,18.97777778,Yes,Yes,High,7,4.2,4,Japan
Female,19,CS,68.45168,6.001716738,61.54,69.92,B,15.53777778,No,Yes,Low,4,8.7,9,France
Male,23,CS,45.22623,4.221077655,44.61,53.27,C,11.83777778,No,No,Low,4,6.8,7,US
Male,22,CS,58.4166,6.224199288,61.44,69.96,F,15.54666667,No,Yes,Low,8,5.6,6,US
Male,23,CS,91.39086,9.486717268,93.33,99.99,B,22.22,Yes,Yes,High,6,4.6,5,Australia
Female,20,Engineering,62.23035,5.870577281,60.72,63.05,F,14.01111111,No,Yes,Low,5,7.2,7,France
Male,18,CS,62.81718,5.628113879,57.48,63.26,A,14.05777778,No,Yes,Low,9,7.7,8,France
Female,20,Business,51.52969,5.185283688,56.82,58.49,C,12.99777778,No,Yes,Low,2,4.4,4,Canada
Female,22,Business,59.25656,5.050039714,57.85,63.58,F,14.12888889,No,Yes,Low,7,4.8,5,Australia
Female,22,Engineering,68.5038,6.747215081,71.11,78.74,B,17.49777778,No,Yes,Low,2,5.9,6,Canada
Male,19,Business,93.12204,8.338709677,93.17,98.23,A,21.82888889,Yes,Yes,High,5,8.3,8,US
Female,19,CS,77.08442,6.941278066,76.44,80.38,B,17.86222222,Yes,Yes,High,3,8.9,9,Australia
Female,23,CS,68.23432,5.494154326,69.36,70.49,B,15.66444444,No,Yes,Low,9,7.7,8,Australia
Female,21,Engineering,57.39048,5.868243243,60.49,69.48,F,15.44,No,Yes,Low,6,4,4,Canada
Male,20,Engineering,45.32085,4.146558704,50.3,51.21,C,11.38,No,No,Low,6,8.5,9,Canada
Female,23,Engineering,41.05647,4.329015544,43.09,50.13,B,11.14,No,No,Low,3,4.1,4,Japan
Female,21,Business,82.58134,7.469659185,83.8,89.86,B,19.96888889,Yes,Yes,High,9,8.5,9,Japan
Female,23,Mathematics,71.67862,5.843921569,65.89,74.51,F,16.55777778,No,Yes,Low,7,6.1,6,Canada
Female,22,Engineering,51.24672,4.070921986,46.68,51.66,B,11.48,No,No,Low,5,7.7,8,France
Male,19,Business,62.8211,5.909926471,59.37,64.3,D,14.28888889,No,Yes,Low,10,4.4,4,Japan
Male,19,CS,58.40163,6.01863354,58.62,67.83,F,15.07333333,No,Yes,Low,7,4.8,5,Australia
Female,23,CS,87.3768,8.411320755,80.71,89.16,D,19.81333333,Yes,Yes,High,10,6.3,6,Japan
Female,19,Business,64.61972,5.576982893,62.93,71.72,A,15.93777778,No,Yes,Low,2,4.2,4,US
Female,18,Engineering,80.07565,8.291936979,80.1,89.47,A,19.88222222,Yes,Yes,High,6,5.9,6,US
Female,23,Engineering,73.19424,7.091145833,81.53,81.69,C,18.15333333,Yes,Yes,High,5,7.8,8,Australia
Male,22,CS,47.94048,4.363175676,46.89,51.66,B,11.48,No,No,Low,6,7.3,7,France
Male,24,Engineering,90.16188,8.672246696,91.24,98.43,F,21.87333333,Yes,Yes,High,8,5.8,6,Canada
Male,23,CS,54.22626,4.662194159,57.67,59.07,C,13.12666667,No,Yes,Low,3,4,4,Japan
Male,23,Engineering,55.1697,6.204280156,62.19,63.78,B,14.17333333,No,Yes,Low,10,5.3,5,Australia
Female,19,CS,79.51434,7.408681409,81.38,90.46,A,20.10222222,Yes,Yes,High,8,7.9,8,US
Female,22,CS,47.82996,5.687380497,50.56,59.49,D,13.22,No,Yes,Low,9,5.7,6,US
Male,23,CS,57.93135,6.928783383,68.41,70.05,A,15.56666667,No,Yes,Low,5,5.9,6,US
Male,19,CS,85.2305,8.385791367,85.31,93.25,B,20.72222222,Yes,Yes,High,5,4.4,4,Australia
Female,20,Business,70.72704,8.112983152,77.87,81.86,B,18.19111111,Yes,Yes,High,7,7,7,France
Female,22,CS,63.3423,6.229665072,63.34,65.1,C,14.46666667,No,Yes,Low,4,7.1,7,Canada
Female,21,CS,77.9256,6.872909699,74.59,82.2,B,18.26666667,Yes,Yes,High,3,6.2,6,US
Female,18,Engineering,76.21983,7.502483444,84.67,90.63,F,20.14,Yes,Yes,High,3,7.8,8,Japan
Female,21,Engineering,63.03062,6.634215501,64.18,70.19,F,15.59777778,No,Yes,Low,9,8.4,8,Japan
Male,24,CS,77.63704,7.009812667,72.86,78.58,B,17.46222222,No,Yes,Low,10,7.8,8,Australia
Male,22,CS,95.5234,7.82061369,89.85,99.4,C,22.08888889,Yes,Yes,High,1,6.7,7,Canada
Female,23,Mathematics,81.92382,9.472516876,96.92,98.23,A,21.82888889,Yes,Yes,High,9,8.7,9,US
Female,19,Engineering,72.80925,7.455533597,74.6,75.45,D,16.76666667,No,Yes,Low,8,5.9,6,Australia
Male,24,CS,46.75293,5.215033302,45.16,54.81,A,12.18,No,No,Low,1,7.3,7,Australia
Female,22,Engineering,82.64916,6.695275591,84.13,85.03,F,18.89555556,Yes,Yes,High,8,6.9,7,Japan
Male,18,CS,60.8928,6.273986152,57.03,63.43,F,14.09555556,No,Yes,Low,4,8.2,8,France
Male,22,CS,76.87587,8.103883495,78.75,83.47,D,18.54888889,Yes,Yes,High,6,6.5,7,Japan
Male,24,Engineering,64.54845,5.613787375,66.66,67.59,F,15.02,No,Yes,Low,8,6.8,7,France
Male,19,Business,79.23668,7.605309735,77.02,85.94,A,19.09777778,Yes,Yes,High,1,6.3,6,France
Female,21,CS,61.39626,5.491566265,59.91,68.37,C,15.19333333,No,Yes,Low,4,4.7,5,Australia
Female,20,Business,89.39226,9.012070566,89.21,97.06,F,21.56888889,Yes,Yes,High,2,8.4,8,France
Male,21,CS,54.04533,5.30130597,51.2,56.83,C,12.62888889,No,Yes,Low,1,8.3,8,Canada
Female,19,CS,45.83436,4.782452999,51.02,53.42,A,11.87111111,No,No,Low,4,7.5,8,Japan
Female,24,CS,88.52564,8.155677656,81.84,89.06,A,19.79111111,Yes,Yes,High,3,5.7,6,Canada
Female,19,CS,66.70664,6.548598131,66.57,70.07,A,15.57111111,No,Yes,Low,9,5.8,6,Australia
Female,18,Mathematics,71.37472,5.900161031,72.99,73.28,B,16.28444444,No,Yes,Low,1,4.2,4,France
Male,22,Engineering,92.33895,7.848214286,89.96,96.69,A,21.48666667,Yes,Yes,High,6,4.4,4,Japan
Female,22,CS,72.4245,7.817109145,79.25,79.5,A,17.66666667,No,Yes,Low,4,6.6,7,Australia
Male,21,Mathematics,75.37308,7.300791557,75.98,83.01,A,18.44666667,Yes,Yes,High,4,4.2,4,Japan
Male,24,Business,48.62538,4.378865979,48.1,50.97,A,11.32666667,No,No,Low,3,4.5,5,Japan
Female,20,Business,81.52528,6.897605285,79.17,83.53,A,18.56222222,Yes,Yes,High,2,5.3,5,Canada
Male,20,Mathematics,58.03512,6.825958702,61.09,69.42,C,15.42666667,No,Yes,Low,4,5.9,6,France
Female,18,CS,72.42592,6.326689775,70.31,73.01,C,16.22444444,No,Yes,Low,7,6.4,6,Japan
Female,19,Business,77.3824,8.923988154,82.93,90.4,F,20.08888889,Yes,Yes,High,7,5.6,6,Australia
Male,18,Engineering,63.61865,6.619461338,75.84,76.19,A,16.93111111,No,Yes,Low,1,8.7,9,Japan
Female,22,Business,84.73702,9.635305529,93.74,99.34,B,22.07555556,Yes,Yes,High,10,8.8,9,Japan
Male,23,Business,82.74264,8.137681159,85.69,89.84,D,19.96444444,Yes,Yes,High,3,4.3,4,Australia
Male,23,CS,76.31769,7.190515807,84.08,86.43,D,19.20666667,Yes,Yes,High,4,8.9,9,Japan
Female,23,Business,70.13669,7.726653696,76.86,79.43,A,17.65111111,No,Yes,Low,3,4.9,5,France
Female,19,CS,56.99034,5.461716937,64.75,70.62,F,15.69333333,No,Yes,Low,6,5.7,6,Australia
Female,18,CS,43.11216,4.093312597,50.21,52.64,C,11.69777778,No,No,Low,7,8.2,8,Japan
Male,24,CS,41.85624,4.821969697,45.23,50.92,A,11.31555556,No,No,Low,4,7.4,7,Canada
Female,21,Mathematics,49.61832,4.762511374,45.78,52.34,A,11.63111111,No,No,Low,7,4.3,4,Australia
Male,22,CS,95.29562,8.034454471,91.45,97.94,C,21.76444444,Yes,Yes,High,6,7.9,8,US
Male,23,Engineering,64.90296,6.206378987,56.66,66.16,A,14.70222222,No,Yes,Low,1,7.3,7,Japan
Female,24,CS,84.85994,7.688065099,78.52,85.03,B,18.89555556,Yes,Yes,High,1,8.8,9,US
Female,20,Mathematics,71.90744,7.149775785,72.98,79.72,C,17.71555556,No,Yes,Low,4,8.6,9,Canada
Female,18,CS,78.42284,6.597816961,74.12,78.58,A,17.46222222,No,Yes,Low,7,8.9,9,Canada
Male,22,Business,75.95952,6.192941176,76.68,78.96,B,17.54666667,No,Yes,Low,4,6.3,6,France
Female,22,Business,57.36191,6.284749035,60.84,65.11,A,14.46888889,No,Yes,Low,7,7.5,8,Japan
Male,20,Engineering,83.0104,7.427559055,88.06,94.33,A,20.96222222,Yes,Yes,High,6,8.8,9,Australia
Female,20,CS,79.26296,8.477031802,92.7,95.96,B,21.32444444,Yes,Yes,High,4,4,4,Canada
Female,20,Business,68.49759,6.636803874,79.66,82.23,D,18.27333333,Yes,Yes,High,10,7.9,8,US
Male,23,Mathematics,74.8396,8.013757524,92.12,93.2,B,20.71111111,Yes,Yes,High,8,4.3,4,Japan
Male,23,Business,48.919,4.957904584,50.45,53,D,11.77777778,No,No,Low,1,9,9,France
Female,18,CS,51.27864,5.300578035,54.65,55.02,B,12.22666667,No,Yes,Low,7,4.1,4,Japan
Female,20,Business,73.1171,7.257914339,70.15,77.95,C,17.32222222,No,Yes,Low,1,6.8,7,Japan
Female,21,CS,76.44924,8.86084453,87.02,92.33,C,20.51777778,Yes,Yes,High,6,6.6,7,Australia
Female,22,Engineering,55.44411,6.473425197,62.02,65.77,C,14.61555556,No,Yes,Low,7,5.5,6,Australia
Female,20,Business,76.0068,7.281279398,76.99,77.4,C,17.2,No,Yes,Low,6,7.7,8,Japan
Male,22,CS,44.5915,4.349698536,49.52,50.5,C,11.22222222,No,No,Low,4,5.3,5,Canada
Male,19,Business,85.72179,7.90843949,89.7,99.33,D,22.07333333,Yes,Yes,High,8,5.5,6,US
Male,24,Engineering,80.5752,8.791044776,81.17,88.35,D,19.63333333,Yes,Yes,High,8,4.9,5,US
Male,19,Business,64.05387,5.648962656,65.17,68.07,C,15.12666667,No,Yes,Low,2,7.6,8,US
Female,20,CS,96.5721,9.407020873,90.7,99.15,C,22.03333333,Yes,Yes,High,1,4.9,5,Japan
Male,22,Engineering,45.38922,4.648510638,49.01,54.62,B,12.13777778,No,No,Low,8,8.5,9,Australia
Male,24,Business,61.05714,6.005742412,63.99,73.21,C,16.26888889,No,Yes,Low,7,5.4,5,US
Male,19,CS,50.08124,5.210629921,43.34,52.94,A,11.76444444,No,No,Low,10,6.6,7,Canada
Female,20,CS,64.94775,5.779220779,65.15,66.75,F,14.83333333,No,Yes,Low,2,6.4,6,Japan
Male,22,Mathematics,55.42173,4.912973409,60.51,60.97,B,13.54888889,No,Yes,Low,5,7.5,8,Canada
Female,20,CS,65.69834,6.323727185,56.63,65.83,C,14.62888889,No,Yes,Low,5,5.2,5,Japan
Male,23,Mathematics,96.00682,8.120934112,92.52,97.37,F,21.63777778,Yes,Yes,High,7,8.2,8,Australia
Female,22,CS,57.30208,6.861538462,68.4,71.36,A,15.85777778,No,Yes,Low,2,7.7,8,Japan
Male,19,CS,54.84672,6.513274336,61.09,66.24,C,14.72,No,Yes,Low,9,5.7,6,US
Female,20,Business,81.87592,7.645852749,72.15,82.04,C,18.23111111,Yes,Yes,High,9,4.6,5,Australia
Male,19,Engineering,73.64875,7.435512367,83.25,84.17,A,18.70444444,Yes,Yes,High,5,6.5,7,Japan
Female,20,Engineering,92.14751,7.683191325,97.72,99.19,A,22.04222222,Yes,Yes,High,2,8.9,9,Japan
Female,18,Engineering,69.1062,6.945193172,70.51,77.3,A,17.17777778,Yes,Yes,Low,7,4.1,4,Australia
Male,19,Business,83.16087,6.921800948,87.16,87.63,F,19.47333333,Yes,Yes,High,4,8.2,8,Japan
Female,19,CS,62.12989,6.025283348,59.7,69.11,D,15.35777778,No,Yes,Low,3,7.5,8,Canada
Female,21,Engineering,46.9571,4.807060755,50.73,58.55,C,13.01111111,No,Yes,Low,7,4.9,5,Australia
Male,24,CS,63.98355,5.589523065,66.81,71.49,B,15.88666667,Yes,Yes,Low,7,6.4,6,Canada
Male,23,Engineering,68.88274,6.756190476,64.24,70.94,A,15.76444444,No,Yes,Low,1,7.1,7,Australia
Female,19,CS,64.49524,6.045106383,68.52,71.03,D,15.78444444,Yes,Yes,Low,7,7.5,8,Japan
Male,22,CS,76.293,6.903094463,76.47,84.77,D,18.83777778,Yes,Yes,High,10,8.6,9,Australia
Male,24,Engineering,58.2084,6.669829222,64.66,70.3,A,15.62222222,No,Yes,Low,5,8.4,8,Japan
Male,20,CS,85.49625,8.437823834,89.4,97.71,C,21.71333333,Yes,Yes,High,7,5.6,6,US
Female,18,CS,84.269,7.691233514,97.01,99.14,A,22.03111111,Yes,Yes,High,8,4.6,5,US
Female,22,Engineering,69.46704,7.460333007,74.62,76.17,D,16.92666667,Yes,Yes,Low,10,4.5,5,Australia
Female,24,Engineering,67.47872,6.466390041,68.26,77.92,C,17.31555556,Yes,Yes,Low,7,8.8,9,Australia
Female,22,Business,57.0078,5.422187982,60.73,70.38,B,15.64,No,Yes,Low,10,8.8,9,Australia
Female,22,Engineering,56.86742,5.686241611,67.19,67.78,B,15.06222222,No,Yes,Low,2,8.1,8,US
Female,22,CS,84.77658,8.991847826,94,99.27,A,22.06,Yes,Yes,High,4,8.9,9,France
Female,24,Engineering,51.24955,4.536181343,43.82,52.03,A,11.56222222,No,No,Low,6,5.4,5,Japan
Male,18,CS,67.3275,6.317204301,69.78,70.5,A,15.66666667,No,Yes,Low,9,8.1,8,Canada
Female,21,Business,48.58908,5.05,54.8,57.57,B,12.79333333,No,Yes,Low,5,6.5,7,Japan
Female,23,Mathematics,75.78018,7.320610687,77.45,86.31,D,19.18,Yes,Yes,High,2,8,8,Australia
Male,19,Engineering,57.74924,4.618716164,56.07,59.72,C,13.27111111,No,Yes,Low,4,7.1,7,Japan
Male,24,Engineering,83.39355,9.320474777,88.45,94.23,B,20.94,Yes,Yes,High,8,8.2,8,Australia
Male,22,CS,61.09208,6.264357338,68.34,68.72,A,15.27111111,No,Yes,Low,4,6,6,US
Female,19,Engineering,90.30012,9.50049554,91.92,95.86,B,21.30222222,Yes,Yes,High,8,8.9,9,Japan
Male,24,Business,84.03318,8.964801444,94.65,99.33,A,22.07333333,Yes,Yes,High,4,5.1,5,France
Female,19,CS,71.20224,7.549872123,88.56,88.56,F,19.68,Yes,Yes,High,8,7.4,7,Canada
Female,22,CS,65.00916,7.64938737,72.19,81.16,F,18.03555556,Yes,Yes,High,3,8,8,Australia
Female,21,Engineering,46.0575,4.819782062,52.66,57.5,C,12.77777778,No,Yes,Low,4,6.9,7,Australia
Male,24,Business,94.81365,9.248803828,90.63,96.65,C,21.47777778,Yes,Yes,High,10,5.5,6,France
Male,19,CS,87.5074,7.372614108,85.74,88.84,A,19.74222222,Yes,Yes,High,9,6.8,7,Japan
Female,20,Mathematics,60.0208,5.143769968,64.36,64.4,B,14.31111111,No,Yes,Low,5,6.5,7,US
Female,19,CS,71.59425,7.184931507,67.92,73.43,D,16.31777778,Yes,Yes,Low,3,5,5,US
Female,23,CS,43.29118,5.132692308,44.75,53.38,C,11.86222222,No,No,Low,3,7.8,8,US
Male,22,Business,72.8301,7.26993865,79.85,82.95,D,18.43333333,Yes,Yes,High,4,5.3,5,US
Female,18,CS,55.58488,4.700083542,49.24,56.26,F,12.50222222,No,Yes,Low,2,8.2,8,Japan
Male,19,Engineering,70.77106,7.480072464,73.33,82.58,B,18.35111111,Yes,Yes,High,7,5.1,5,France
Female,21,CS,68.28486,7.998086124,81.93,83.58,F,18.57333333,Yes,Yes,High,7,6.5,7,Japan
Male,20,CS,55.6332,6.207122774,60.99,66.23,A,14.71777778,No,Yes,Low,9,7.5,8,US
Female,20,CS,95.4814,9.148356808,87.7,97.43,D,21.65111111,Yes,Yes,High,8,9,9,US
Male,18,Mathematics,86.37045,8.84194831,88.04,88.95,B,19.76666667,Yes,Yes,High,3,5.4,5,Canada
Male,23,Engineering,64.96112,7.244917715,69.02,74.84,B,16.63111111,Yes,Yes,Low,5,7.2,7,France
Male,18,Business,94.68291,8.115905245,95.76,95.93,B,21.31777778,Yes,Yes,High,8,4.8,5,Japan
Male,23,CS,84.34611,9.178041543,86.01,92.79,F,20.62,Yes,Yes,High,8,8.1,8,Australia
Male,19,Engineering,69.21098,6.523515806,75.36,84.61,F,18.80222222,Yes,Yes,High,2,8.3,8,Canada
Male,22,Engineering,52.86505,5.057017544,56.72,57.65,A,12.81111111,No,Yes,Low,1,8.4,8,Canada
Female,21,Mathematics,73.57755,7.345436703,72.59,74.85,A,16.63333333,Yes,Yes,Low,5,8.7,9,US
Female,20,Business,82.22004,7.548178138,83.79,93.22,A,20.71555556,Yes,Yes,High,1,5.8,6,Australia
Female,18,Business,77.30284,7.545966229,78.47,80.44,F,17.87555556,Yes,Yes,High,7,7.3,7,Japan
Female,21,CS,66.30624,6.91234347,67.71,77.28,A,17.17333333,Yes,Yes,Low,8,5.6,6,Japan
Male,23,Engineering,91.79664,9.355023923,88.28,97.76,D,21.72444444,Yes,Yes,High,6,8,8,US
Female,22,Engineering,41.88392,4.954191033,43.86,50.83,A,11.29555556,No,No,Low,3,6.1,6,France
Male,20,Mathematics,41.8462,4.805318139,41.13,50.6,A,11.24444444,No,No,Low,10,6.8,7,US
Male,20,CS,84.41888,8.151593454,90.52,94.64,F,21.03111111,Yes,Yes,High,1,4.7,5,Canada
Male,23,CS,46.78893,5.141584158,44.74,51.93,F,11.54,No,No,Low,2,8.3,8,Japan
Female,22,Engineering,55.56942,5.819213974,63.17,66.63,D,14.80666667,No,Yes,Low,2,6.4,6,France
Male,20,CS,84.5598,7.440061872,93.08,96.2,B,21.37777778,Yes,Yes,High,10,7.2,7,Japan
Female,22,CS,83.62984,6.668769716,84.27,84.56,A,18.79111111,Yes,Yes,High,2,7.3,7,US
Female,20,Business,70.95501,7.993210475,80.19,82.41,A,18.31333333,Yes,Yes,High,10,5.4,5,Japan
Female,19,Engineering,72.49375,8.285,76.14,82.85,B,18.41111111,Yes,Yes,High,5,8,8,Canada
Female,23,Business,56.19564,5.723718506,59.18,65.88,A,14.64,No,Yes,Low,2,8.2,8,France
Female,22,Business,69.87189,7.046961326,69.13,76.53,D,17.00666667,Yes,Yes,Low,9,6.6,7,Japan
Male,21,CS,76.773,7.322551662,77.94,81.5,D,18.11111111,Yes,Yes,High,6,8.5,9,Japan
Male,19,Engineering,63.9842,6.509471585,57.16,65.29,F,14.50888889,No,Yes,Low,7,4.8,5,US
Female,24,CS,73.97048,7.71883061,82.04,89.77,F,19.94888889,Yes,Yes,High,3,6.1,6,Australia
Male,21,Mathematics,64.04121,5.663239075,56.36,66.09,F,14.68666667,No,Yes,Low,10,4.2,4,Canada
Female,23,Engineering,44.19525,4.88331814,48.01,53.57,A,11.90444444,No,No,Low,7,6,6,France
Male,20,CS,50.27859,4.737381703,59.37,60.07,B,13.34888889,No,Yes,Low,4,9,9,France
Male,24,CS,70.34958,6.719465649,62.89,70.42,D,15.64888889,No,Yes,Low,8,6.3,6,Canada
Male,21,Engineering,81.7578,7.577442415,87.89,95.4,B,21.2,Yes,Yes,High,9,6.1,6,Japan
Male,19,CS,69.23262,5.50466563,61.81,70.79,C,15.73111111,No,Yes,Low,5,7.4,7,France
Male,24,CS,44.57282,5.310916179,48.67,54.49,D,12.10888889,No,No,Low,3,4.2,4,Japan
Male,24,Business,52.88088,5.26584507,56.87,59.82,A,13.29333333,No,Yes,Low,6,5.8,6,Japan
Male,22,Business,62.31654,6.099526066,74.3,77.22,A,17.16,Yes,Yes,Low,3,6.7,7,France
Male,18,CS,51.99104,5.716504854,56.53,58.88,B,13.08444444,No,Yes,Low,6,6.4,6,Canada
Male,21,Engineering,51.9232,4.38582028,49.45,53.2,A,11.82222222,No,No,Low,7,7.2,7,Australia
Male,18,Business,81.19578,7.724324324,81.07,85.74,B,19.05333333,Yes,Yes,High,6,4.7,5,Australia
Male,23,CS,81.36864,7.497478992,88.09,89.22,C,19.82666667,Yes,Yes,High,4,6,6,France
Male,21,Business,88.55121,9.234530938,88.21,92.53,C,20.56222222,Yes,Yes,High,7,7.2,7,Australia
Male,21,CS,80.9516,7.103235747,87.76,92.2,C,20.48888889,Yes,Yes,High,2,5.5,6,Japan
Female,22,Engineering,63.37424,5.746666667,65.37,68.96,F,15.32444444,No,Yes,Low,5,7.1,7,US
Male,20,Engineering,78.4816,7.948670944,85.67,86.72,A,19.27111111,Yes,Yes,High,6,8.8,9,Canada
Male,19,Engineering,63.81908,7.70233463,74.07,79.18,F,17.59555556,Yes,Yes,Low,6,8.7,9,France
Male,19,Business,51.01649,4.504401408,51.11,51.17,A,11.37111111,No,No,Low,5,7.6,8,Canada
Male,19,CS,69.7296,5.411583012,68.61,70.08,C,15.57333333,No,Yes,Low,10,4.9,5,Japan
Male,23,CS,45.95472,4.613496933,45.28,52.64,A,11.69777778,No,No,Low,5,7.9,8,Australia
Male,24,Engineering,43.336,4.365028203,44.18,54.17,A,12.03777778,No,No,Low,8,6.2,6,Japan
Female,20,Business,45.4608,4.8,50.66,52.8,C,11.73333333,No,No,Low,5,8.8,9,Japan
Female,18,CS,94.42215,8.103305785,89.45,98.05,C,21.78888889,Yes,Yes,High,6,7.1,7,Canada
Female,19,Business,91.19569,8.633895131,82.85,92.21,F,20.49111111,Yes,Yes,High,10,5.1,5,US
Male,18,CS,58.35956,6.820853081,65.38,71.96,B,15.99111111,Yes,Yes,Low,1,5.6,6,Australia
Male,20,CS,58.8432,4.894117647,59.35,62.4,C,13.86666667,No,Yes,Low,1,5.6,6,US
Male,23,Business,49.97384,4.310289389,46.11,53.62,D,11.91555556,No,No,Low,1,5.4,5,US
Female,20,CS,63.3306,5.822620016,62.39,71.56,A,15.90222222,Yes,Yes,Low,4,7.9,8,France
Male,22,Engineering,77.69942,8.002,70.96,80.02,A,17.78222222,Yes,Yes,High,3,5.7,6,Australia
Male,24,CS,77.36946,8.558095238,82.81,89.86,A,19.96888889,Yes,Yes,High,5,5,5,Australia
Female,19,CS,51.7913,4.095015576,51.72,52.58,F,11.68444444,No,No,Low,7,7,7,Japan
Female,23,Engineering,59.68938,6.450409463,66.26,70.89,D,15.75333333,No,Yes,Low,6,6.3,6,Japan
Male,22,Engineering,82.92676,8.433447099,90.9,98.84,D,21.96444444,Yes,Yes,High,3,4.1,4,Canada
Male,19,Engineering,44.94408,4.423046567,54.06,56.04,F,12.45333333,No,Yes,Low,2,5.4,5,Canada
Male,20,Engineering,62.93899,5.490980392,63.57,70.01,A,15.55777778,No,Yes,Low,2,4.2,4,France
Male,20,CS,54.9525,5.448717949,59.57,63.75,B,14.16666667,No,Yes,Low,3,7.8,8,Canada
Female,21,Engineering,53.4114,4.443573668,53.23,56.7,A,12.6,No,Yes,Low,10,8.8,9,Japan
Male,21,Mathematics,78.5253,8.122791519,88.14,91.95,B,20.43333333,Yes,Yes,High,3,6.5,7,US
Male,20,Business,78.9198,7.077564637,79.02,84.86,B,18.85777778,Yes,Yes,High,3,6.8,7,France
Female,20,CS,59.92242,5.966187658,69.66,70.58,F,15.68444444,No,Yes,Low,8,8.2,8,Japan
Male,18,CS,63.9323,6.15557554,59.99,68.45,C,15.21111111,No,Yes,Low,3,4.1,4,US
Male,24,Mathematics,83.34768,7.040832049,88.27,91.39,A,20.30888889,Yes,Yes,High,6,4.8,5,Canada
Female,18,Engineering,46.68624,4.909090909,51.64,54.54,A,12.12,No,No,Low,9,7.3,7,Canada
Female,24,Engineering,56.13586,5.147217235,49.31,57.34,D,12.74222222,No,Yes,Low,8,7.7,8,Japan
Male,22,Business,79.79121,7.608140463,95.17,95.33,A,21.18444444,Yes,Yes,High,6,7.1,7,US
Female,21,CS,73.50574,7.540248963,81.07,90.86,F,20.19111111,Yes,Yes,High,10,8.7,9,US
Female,21,Engineering,70.992,7.937388193,88.43,88.74,C,19.72,Yes,Yes,High,5,6,6,France
Male,20,Mathematics,72.9176,7.073170732,78.86,81.2,D,18.04444444,Yes,Yes,High,5,6.8,7,Canada
Female,20,Engineering,54.41004,5.513651877,60.26,64.62,A,14.36,No,Yes,Low,8,8.8,9,Canada
Male,22,CS,90.64538,8.426829268,94.94,96.74,C,21.49777778,Yes,Yes,High,7,8.5,9,US
Male,23,CS,63.55068,7.356015779,71.85,74.59,B,16.57555556,Yes,Yes,Low,5,4.2,4,Australia
Male,23,CS,58.01118,5.701691897,61.18,64.03,F,14.22888889,No,Yes,Low,10,5.8,6,France
Male,23,Business,55.37508,5.4624,67.21,68.28,A,15.17333333,No,Yes,Low,6,7.7,8,France
Female,21,CS,45.55264,4.447944007,50.14,50.84,B,11.29777778,No,No,Low,5,4,4,Japan
Male,18,CS,62.4462,5.318644068,59.86,62.76,D,13.94666667,No,Yes,Low,9,8.3,8,Japan
Male,23,Mathematics,54.945,5.43956044,54.19,59.4,A,13.2,No,Yes,Low,6,6.5,7,US
Male,19,CS,56.15542,4.704225352,49.47,56.78,A,12.61777778,No,Yes,Low,3,4.4,4,Canada
Male,22,CS,45.62324,4.054202671,44.38,51.61,B,11.46888889,No,No,Low,3,6.2,6,Canada
Female,23,CS,60.23588,5.193903472,57.29,61.34,D,13.63111111,No,Yes,Low,10,6.5,7,Canada
Female,19,CS,46.95818,4.680237489,49.43,55.18,C,12.26222222,No,Yes,Low,10,5.8,6,Japan
Female,23,Engineering,43.79388,5.039537126,48.48,52.26,A,11.61333333,No,No,Low,4,6.3,6,US
Male,18,Mathematics,49.81812,5.10044843,47.74,56.87,B,12.63777778,No,Yes,Low,5,8.5,9,France
Female,18,Business,55.3104,5.227826087,52.42,60.12,B,13.36,No,Yes,Low,9,5.6,6,France
Female,23,Engineering,69.5964,5.95959596,62.6,70.8,A,15.73333333,No,Yes,Low,10,8.8,9,Australia
Male,19,Engineering,70.23266,6.219952867,69.38,79.18,A,17.59555556,Yes,Yes,Low,2,7.4,7,Canada
Female,22,Engineering,58.30902,5.669811321,64.26,66.11,D,14.69111111,No,Yes,Low,2,8.5,9,Japan
Male,19,CS,51.98166,5.561403509,49,57.06,A,12.68,No,Yes,Low,1,5,5,France
Female,22,CS,93.6243,7.862236629,89.22,97.02,D,21.56,Yes,Yes,High,8,6.5,7,Canada
Female,23,Mathematics,75.58852,6.667253521,68.94,75.74,B,16.83111111,Yes,Yes,Low,1,6.8,7,Canada
Female,22,CS,81.69042,8.374038462,81.03,87.09,F,19.35333333,Yes,Yes,High,6,4.4,4,Japan
Female,20,CS,70.7412,7.99245283,79.55,84.72,D,18.82666667,Yes,Yes,High,2,6.5,7,Canada
Male,21,Engineering,58.65112,5.720391808,59.99,64.24,F,14.27555556,No,Yes,Low,9,8.3,8,Canada
Male,24,Engineering,77.13211,7.122374429,74.71,77.99,A,17.33111111,Yes,Yes,Low,4,4.3,4,US
Female,21,CS,72.65977,6.806287171,73.57,80.11,F,17.80222222,Yes,Yes,High,10,7.2,7,France
Male,18,CS,67.31964,5.939367311,61.21,67.59,B,15.02,No,Yes,Low,5,8.9,9,Canada
Female,20,CS,70.09006,7.986615679,77.33,83.54,A,18.56444444,Yes,Yes,High,2,6.6,7,Japan
Female,21,Engineering,82.3676,8.794695481,85.48,89.53,D,19.89555556,Yes,Yes,High,5,5.5,6,Australia
Female,23,CS,65.27697,6.713582677,61.03,68.21,A,15.15777778,No,Yes,Low,7,6.9,7,Japan
Female,22,Engineering,44.66,5.019782394,41.92,50.75,F,11.27777778,No,No,Low,5,6.7,7,Japan
Female,22,Engineering,54.04347,5.603820598,61.11,67.47,A,14.99333333,No,Yes,Low,1,4.5,5,Canada
Female,19,Business,48.3016,4.668896321,49.84,55.84,D,12.40888889,No,Yes,Low,9,5.1,5,Canada
Male,19,CS,56.79774,5.210099188,47.82,57.78,F,12.84,No,Yes,Low,2,7.3,7,US
Male,22,CS,63.2458,5.548334687,62.82,68.3,F,15.17777778,No,Yes,Low,4,7,7,Japan
Female,23,Engineering,57.54214,5.218668971,57.51,60.38,A,13.41777778,No,Yes,Low,6,5.7,6,Canada
Male,22,Business,93.06388,9.024253731,96.52,96.74,D,21.49777778,Yes,Yes,High,1,8.9,9,Canada
Female,19,CS,75.86352,6.669895077,76.52,82.64,C,18.36444444,Yes,Yes,High,9,7.2,7,Japan
Male,21,Engineering,61.26744,6.192495922,73.72,75.92,B,16.87111111,Yes,Yes,Low,9,5.2,5,France
Male,18,CS,48.36942,4.565099458,49.47,50.49,A,11.22,No,No,Low,8,6.4,6,Australia
Male,19,CS,52.75208,5.128252788,48.54,55.18,A,12.26222222,No,Yes,Low,9,7.6,8,Japan
Female,23,Engineering,73.23498,8.129090909,84.27,89.42,B,19.87111111,Yes,Yes,High,4,7.4,7,Canada
Male,21,CS,67.82224,5.864135021,61.43,69.49,D,15.44222222,No,Yes,Low,9,5.2,5,Australia
Female,21,Business,45.10901,4.625663717,44.31,52.27,C,11.61555556,No,No,Low,4,7.2,7,US
Female,21,Engineering,83.42992,9.037623762,86.53,91.28,A,20.28444444,Yes,Yes,High,5,5.7,6,Japan
Female,20,Engineering,60.18012,5.533559898,64.38,65.13,A,14.47333333,No,Yes,Low,6,6.3,6,Australia
Male,20,Engineering,65.42864,5.364551084,67.95,69.31,B,15.40222222,No,Yes,Low,7,7.3,7,Japan
Male,24,Engineering,79.27216,9.764589515,92.28,98.72,D,21.93777778,Yes,Yes,High,3,6.9,7,Japan
Male,21,CS,44.22938,4.052673583,42.12,50.78,A,11.28444444,No,No,Low,2,7.6,8,Australia
Female,23,Business,82.19685,6.666924864,76.48,86.07,A,19.12666667,Yes,Yes,High,5,5.9,6,Japan
Female,22,Mathematics,86.81904,7.993437244,90.85,97.44,A,21.65333333,Yes,Yes,High,10,7.8,8,Japan
Male,23,CS,47.92419,4.286059629,50.41,53.19,B,11.82,No,No,Low,3,4.1,4,Canada
Female,20,CS,83.5035,7.900084674,89.33,93.3,C,20.73333333,Yes,Yes,High,3,4.9,5,Japan
Male,19,CS,69.53542,5.930485762,66.2,70.81,A,15.73555556,No,Yes,Low,7,8.9,9,Canada
Male,24,Engineering,87.327,9.26035503,88.87,93.9,B,20.86666667,Yes,Yes,High,6,4.4,4,France
Male,20,Engineering,56.51424,5.199523052,56.67,65.41,A,14.53555556,No,Yes,Low,3,7.3,7,France
Male,22,Business,89.31613,8.819395018,95.74,99.13,C,22.02888889,Yes,Yes,High,7,8.6,9,US
Female,18,Business,68.0211,6.700569569,81.05,82.35,C,18.3,Yes,Yes,High,10,8.3,8,Canada
Male,24,Engineering,67.27645,6.311093871,79.27,81.35,D,18.07777778,Yes,Yes,High,10,8.6,9,Canada
Male,20,Engineering,76.3938,8.844270323,85.38,90.3,A,20.06666667,Yes,Yes,High,6,8.9,9,US
Male,23,Engineering,63.06674,6.880268199,64.76,71.83,A,15.96222222,Yes,Yes,Low,1,5.8,6,Canada
Male,24,Engineering,52.73534,5.752285192,55.42,62.93,B,13.98444444,No,Yes,Low,5,5.7,6,US
Male,23,Engineering,61.3818,5.429922614,60.51,63.15,A,14.03333333,No,Yes,Low,4,4.6,5,Australia
Male,21,Engineering,61.60678,5.382686084,62.95,66.53,D,14.78444444,No,Yes,Low,3,5,5,Australia
Male,21,Engineering,73.75344,6.977566868,78.1,80.87,F,17.97111111,Yes,Yes,High,3,7.3,7,Canada
Female,21,Engineering,86.03712,8.258760108,91.68,91.92,A,20.42666667,Yes,Yes,High,8,5.7,6,France
Female,24,Engineering,62.45834,5.903937008,72.52,74.98,F,16.66222222,Yes,Yes,Low,3,5.7,6,US
Female,18,Business,59.36382,6.070069204,61.36,70.17,A,15.59333333,No,Yes,Low,2,7.2,7,Australia
Female,22,Engineering,78.65813,7.562394604,79.95,89.69,F,19.93111111,Yes,Yes,High,5,4.5,5,Canada
Male,24,Engineering,56.80688,5.311367381,58.34,64.48,C,14.32888889,No,Yes,Low,10,4.3,4,France
Female,19,Engineering,71.4447,7.324371206,76.67,84.45,D,18.76666667,Yes,Yes,High,3,8,8,Japan
Female,23,Engineering,48.15759,4.650126156,53.56,55.29,B,12.28666667,No,Yes,Low,10,7.9,8,Japan
Female,23,CS,53.48926,5.398642095,50.9,55.66,B,12.36888889,No,Yes,Low,3,5.9,6,Australia
Male,24,CS,73.0758,7.025641026,74.66,82.2,A,18.26666667,Yes,Yes,High,8,7,7,Australia
Female,24,Engineering,49.10498,5.266536965,51.48,54.14,B,12.03111111,No,No,Low,9,5.2,5,Japan
Female,22,Engineering,52.95675,5.407303371,53.84,57.75,B,12.83333333,No,Yes,Low,2,5.8,6,Japan
Male,18,Mathematics,69.28066,6.476874003,75.08,81.22,B,18.04888889,Yes,Yes,High,1,4.2,4,Japan
Female,24,CS,68.02686,6.012541806,68.02,71.91,B,15.98,Yes,Yes,Low,8,5.4,5,Japan
Male,21,CS,63.93114,7.728712871,69.96,78.06,A,17.34666667,Yes,Yes,Low,10,4.1,4,Japan
Female,22,CS,96.77415,9.152777778,92.86,98.85,A,21.96666667,Yes,Yes,High,10,6.1,6,France
Male,19,CS,77.6832,6.650366748,73.56,81.6,B,18.13333333,Yes,Yes,High,6,6.6,7,Japan
Female,21,Business,70.55198,7.198190045,70.17,79.54,F,17.67555556,Yes,Yes,Low,9,6.5,7,France
Female,19,CS,56.03612,6.759059745,66.2,69.01,A,15.33555556,No,Yes,Low,1,5.7,6,Canada
Female,20,Engineering,71.10288,7.023255814,78.11,81.54,F,18.12,Yes,Yes,High,5,5,5,Australia
Male,19,Engineering,50.3461,3.950858034,44.65,50.65,F,11.25555556,No,No,Low,5,6.3,6,US
Female,21,Engineering,77.24704,6.027089783,77.33,77.87,D,17.30444444,Yes,Yes,Low,3,8.3,8,Canada
Male,20,Business,51.3024,5.275419546,49.94,53.44,B,11.87555556,No,No,Low,2,8.9,9,US
Male,21,Engineering,49.29608,5.516274864,55.67,61.01,A,13.55777778,No,Yes,Low,9,5.6,6,Australia
Male,23,CS,76.12784,7.250463822,72.38,78.16,B,17.36888889,Yes,Yes,Low,7,8.9,9,Japan
Male,21,Business,80.7312,8.241106719,79.6,83.4,D,18.53333333,Yes,Yes,High,9,6.2,6,Japan
Female,20,Business,63.77004,5.77,59.78,69.24,B,15.38666667,No,Yes,Low,3,7.1,7,Japan
Female,19,CS,60.80415,5.957178841,64.86,70.95,F,15.76666667,No,Yes,Low,1,8,8,Japan
Female,23,CS,66.1367,5.916271722,68.78,74.9,A,16.64444444,Yes,Yes,Low,2,5.8,6,US
Male,18,CS,78.71525,7.238683128,80.77,87.95,C,19.54444444,Yes,Yes,High,6,5,5,Canada
Female,18,CS,45.99552,4.009456265,46.91,50.88,F,11.30666667,No,No,Low,6,5.4,5,France
Male,18,Mathematics,66.20025,5.565384615,66.79,72.35,F,16.07777778,Yes,Yes,Low,2,8.2,8,Japan
Male,18,Engineering,49.39154,4.584990958,46.84,50.71,B,11.26888889,No,No,Low,9,8.7,9,Japan
Male,22,CS,62.20028,5.990917348,65.21,65.96,A,14.65777778,No,Yes,Low,10,4.6,5,Japan
Female,18,Business,62.00784,6.223587224,75.68,75.99,A,16.88666667,Yes,Yes,Low,1,7.5,8,US
Female,20,Engineering,51.246,4.909090909,50.84,54,D,12,No,No,Low,4,4.2,4,Japan
Male,24,CS,63.64082,6.595026643,69.86,74.26,B,16.50222222,Yes,Yes,Low,4,8.4,8,France
Female,18,Mathematics,77.36892,7.50624025,94.94,96.23,C,21.38444444,Yes,Yes,High,1,8.3,8,US
Female,21,Business,68.76432,6.823481781,79.1,84.27,A,18.72666667,Yes,Yes,High,5,7.9,8,Japan
Male,24,Business,83.05052,8.676728335,84.55,89.11,F,19.80222222,Yes,Yes,High,6,8.1,8,Japan
Male,18,Engineering,64.95444,6.574043261,72.58,79.02,D,17.56,Yes,Yes,Low,9,7,7,Japan
Female,24,Business,79.1747,7.665319321,87.14,94.82,D,21.07111111,Yes,Yes,High,8,4.7,5,Japan
Male,19,CS,54.93172,5.087843833,56.61,57.34,D,12.74222222,No,Yes,Low,4,8.6,9,Japan
Male,20,Engineering,69.51791,6.845136922,72.32,72.49,A,16.10888889,Yes,Yes,Low,6,4.7,5,Canada
Female,20,Mathematics,63.88,6.772688719,70.07,79.85,D,17.74444444,Yes,Yes,Low,7,5.1,5,US
Female,24,CS,75.02967,7.999146029,88.21,93.67,A,20.81555556,Yes,Yes,High,6,6.2,6,France
Male,23,Business,58.1406,5.956284153,57.67,65.4,C,14.53333333,No,Yes,Low,5,6.5,7,France
Female,22,Engineering,41.59986,4.465655665,49.55,50.06,F,11.12444444,No,No,Low,1,4.5,5,Japan
Male,21,CS,81.54272,8.562012142,95.11,98.72,A,21.93777778,Yes,Yes,High,7,7.8,8,Canada
Male,24,Business,50.7357,4.107285829,51.02,51.3,D,11.4,No,No,Low,7,4.7,5,US
Female,20,CS,54.27804,5.643486778,55.2,57.62,A,12.80444444,No,Yes,Low,5,7.3,7,Japan
Male,19,Engineering,65.7675,6.399639964,63.14,71.1,C,15.8,Yes,Yes,Low,9,6.3,6,Japan
Male,18,CS,61.05312,6.979477612,68.89,74.82,C,16.62666667,Yes,Yes,Low,3,8.1,8,Japan
Male,20,Mathematics,90.06904,7.58643507,87.99,91.72,A,20.38222222,Yes,Yes,High,1,5.5,6,Japan
Female,19,CS,63.26886,6.586897179,65.49,72.39,A,16.08666667,Yes,Yes,Low,5,8.2,8,Japan
Female,18,CS,74.42994,6.1896,77.18,77.37,B,17.19333333,Yes,Yes,Low,4,5.3,5,Canada
Female,22,CS,56.04,5.415162455,53.14,60,A,13.33333333,No,Yes,Low,6,6.9,7,US
Male,20,Mathematics,63.1603,6.091614907,72.14,78.46,C,17.43555556,Yes,Yes,Low,2,6.4,6,US
Male,20,Business,58.92508,6.248378128,60.52,67.42,B,14.98222222,No,Yes,Low,5,5.8,6,US
Female,24,Business,51.58866,4.384676776,50.66,54.94,F,12.20888889,No,No,Low,8,4.1,4,Australia
Female,24,Engineering,82.33272,7.880161943,87.8,97.32,A,21.62666667,Yes,Yes,High,8,6,6,Canada
Female,19,Engineering,50.13216,5.007407407,52.94,54.08,F,12.01777778,No,No,Low,2,4.6,5,France
Male,23,CS,72.31318,6.732744783,79.28,83.89,C,18.64222222,Yes,Yes,High,3,5.1,5,US
Female,24,Engineering,92.16606,8.296521739,89.22,95.41,A,21.20222222,Yes,Yes,High,9,7.4,7,Japan
Male,21,CS,58.90104,4.635220126,55.39,58.96,A,13.10222222,No,Yes,Low,7,6.9,7,Japan
Female,22,Mathematics,50.78706,5.224662162,52.45,61.86,A,13.74666667,No,Yes,Low,9,6.6,7,US
Male,21,Business,66.48888,5.513137558,67.09,71.34,D,15.85333333,Yes,Yes,Low,4,6.8,7,US
Male,20,Engineering,53.46698,5.195024077,60.97,64.73,B,14.38444444,No,Yes,Low,7,4.6,5,Australia
Female,21,CS,75.19725,7.510674637,79.13,87.95,A,19.54444444,Yes,Yes,High,7,4.8,5,Canada
Male,18,Business,59.21535,5.589807853,58.04,66.91,B,14.86888889,No,Yes,Low,7,6.7,7,Japan
Female,22,CS,82.4107,9.556304139,92.23,99.29,A,22.06444444,Yes,Yes,High,10,6,6,Australia
Male,21,CS,79.64958,7.586938776,85.15,92.94,D,20.65333333,Yes,Yes,High,5,6.3,6,US
Male,18,CS,91.16874,7.421299922,92.41,94.77,A,21.06,Yes,Yes,High,6,8.4,8,France
Female,19,Engineering,46.31978,4.151444184,52.12,53.18,A,11.81777778,No,No,Low,4,4.9,5,Japan
Male,21,Business,52.58508,5.580645161,54.62,58.82,C,13.07111111,No,Yes,Low,9,8.6,9,Canada
Female,22,CS,55.25415,4.967714528,55.1,58.47,B,12.99333333,No,Yes,Low,4,8.3,8,Japan
Female,18,CS,74.5712,6.593059937,82.94,83.6,A,18.57777778,Yes,Yes,High,9,8.5,9,France
Female,21,Engineering,45.034,4.481842338,41.8,50.6,A,11.24444444,No,No,Low,9,7.2,7,Australia
Male,19,Business,79.9332,8.173755656,83.85,90.32,B,20.07111111,Yes,Yes,High,5,8.3,8,Japan
Male,21,CS,73.0184,6.212851406,72.42,77.35,A,17.18888889,Yes,Yes,Low,9,9,9,Japan
Male,18,CS,76.83192,6.728522337,78.27,78.32,A,17.40444444,Yes,Yes,Low,9,6.4,6,US
Female,21,Mathematics,71.56597,6.067087609,74.29,76.87,F,17.08222222,Yes,Yes,Low,3,8.3,8,Japan
Female,22,Mathematics,70.09101,6.854464286,70.48,76.77,F,17.06,Yes,Yes,Low,3,8.5,9,Japan
Male,20,Mathematics,52.64331,5.634054563,55.32,59.89,C,13.30888889,No,Yes,Low,4,5.5,6,Australia
Male,18,Business,53.5736,5.373534338,58.38,64.16,F,14.25777778,No,Yes,Low,8,6.2,6,Australia
Female,18,CS,60.32218,5.815480844,71.44,74.38,F,16.52888889,Yes,Yes,Low,3,6.9,7,Australia
Male,18,CS,71.05483,6.921617162,81.15,83.89,F,18.64222222,Yes,Yes,High,2,5.7,6,US
Female,18,CS,57.6852,5.771324864,57.56,63.6,A,14.13333333,No,Yes,Low,6,5.6,6,US
Male,21,CS,87.05884,8.503766478,87.15,90.31,A,20.06888889,Yes,Yes,High,3,5.9,6,Japan
Female,22,Mathematics,75.77361,8.679769895,89.45,90.53,B,20.11777778,Yes,Yes,High,9,6.1,6,Japan
Male,19,Business,59.42277,5.046751189,60.02,63.69,A,14.15333333,No,Yes,Low,10,5.3,5,US
Male,22,Business,64.662,6.01387818,73.3,78,D,17.33333333,Yes,Yes,Low,9,6.4,6,Canada
Female,18,CS,62.52615,5.639632107,57.75,67.45,F,14.98888889,No,Yes,Low,10,7.9,8,France
Female,23,Mathematics,48.75507,4.985762144,51.06,59.53,C,13.22888889,No,Yes,Low,6,7.1,7,Australia
Female,21,Business,75.9423,8.384401114,86.77,90.3,C,20.06666667,Yes,Yes,High,5,5.9,6,France
Male,23,CS,87.6216,7.902380952,91.37,99.57,A,22.12666667,Yes,Yes,High,2,4.8,5,US
Female,21,Business,74.45379,7.392823418,68.49,78.29,F,17.39777778,Yes,Yes,Low,8,8.1,8,US
Female,18,CS,78.0912,9.255319149,87.51,95.7,D,21.26666667,Yes,Yes,High,3,6.6,7,Canada
Male,21,CS,68.1513,6.958474576,74.81,82.11,D,18.24666667,Yes,Yes,High,5,8.9,9,Canada
Female,18,Engineering,71.40048,7.578896418,72.22,78.29,B,17.39777778,Yes,Yes,Low,10,5.3,5,Japan
Female,22,Engineering,66.75702,5.728328173,68.1,74.01,A,16.44666667,Yes,Yes,Low,4,4.9,5,Japan
Female,24,CS,61.48105,5.731910946,60.24,61.79,C,13.73111111,No,Yes,Low,3,4,4,Japan
Male,20,CS,54.04737,4.94165907,44.75,54.21,B,12.04666667,No,No,Low,3,4.4,4,Australia
Male,21,Mathematics,63.32136,5.990033223,62.62,72.12,F,16.02666667,Yes,Yes,Low,9,5.9,6,Australia
Male,18,Engineering,77.75772,7.014375562,76.02,78.07,B,17.34888889,Yes,Yes,Low,2,5,5,US
Female,23,Business,68.37582,6.395762712,74.12,75.47,C,16.77111111,Yes,Yes,Low,3,4.2,4,Canada
Male,18,CS,83.67786,6.723235527,84.53,84.78,B,18.84,Yes,Yes,High,5,5.1,5,Japan
Female,23,CS,56.322,5.596244131,57.53,59.6,C,13.24444444,No,Yes,Low,4,7.6,8,US
Female,21,CS,62.36091,5.656641604,62.35,67.71,B,15.04666667,No,Yes,Low,9,7.7,8,Japan
Female,19,CS,68.01958,6.149435274,69.75,70.78,D,15.72888889,No,Yes,Low,5,4.7,5,Australia
Male,23,CS,53.04102,4.948290242,58.16,59.33,F,13.18444444,No,Yes,Low,10,8.7,9,Japan
Male,18,CS,91.12592,7.838815789,88.92,95.32,F,21.18222222,Yes,Yes,High,5,4.8,5,US
Female,21,Engineering,80.38048,7.083403538,76.8,84.08,A,18.68444444,Yes,Yes,High,7,4.4,4,Canada
Female,18,CS,53.17066,5.073420074,50.41,54.59,D,12.13111111,No,No,Low,4,4.8,5,Canada
Male,19,Business,69.02584,7.389128559,84.88,85.64,D,19.03111111,Yes,Yes,High,5,4.7,5,Japan
Male,20,CS,76.30654,7.139298893,75.67,77.39,B,17.19777778,Yes,Yes,Low,1,7.2,7,Japan
Male,24,Engineering,65.6844,7.042513863,68.65,76.2,D,16.93333333,Yes,Yes,Low,7,4.8,5,Japan
Female,24,CS,89.24253,8.229114971,99.03,99.49,F,22.10888889,Yes,Yes,High,4,7.2,7,US
Male,19,Engineering,70.63443,6.247876448,74.74,80.91,C,17.98,Yes,Yes,High,2,5.4,5,Australia
Male,22,CS,80.99336,8.218370884,89.17,94.84,C,21.07555556,Yes,Yes,High,7,5.2,5,France
Male,21,Mathematics,85.34656,8.074261603,94.29,95.68,B,21.26222222,Yes,Yes,High,8,8.5,9,Australia
Female,19,Business,53.74832,4.596828047,55.03,55.07,A,12.23777778,No,Yes,Low,9,5.1,5,Japan
Male,20,Engineering,41.64692,3.966955153,45.2,50.42,A,11.20444444,No,No,Low,8,8.3,8,Canada
Female,18,CS,63.93816,6.9,69.46,71.76,F,15.94666667,Yes,Yes,Low,8,5.5,6,France
Female,21,Engineering,76.60636,8.538610039,80.83,88.46,D,19.65777778,Yes,Yes,High,8,9,9,Australia
Female,23,Business,82.45384,8.383272059,84.9,91.21,A,20.26888889,Yes,Yes,High,7,8.9,9,Japan
Male,19,CS,79.5393,8.191567369,85.1,89.37,A,19.86,Yes,Yes,High,2,8.1,8,Australia
Male,20,Engineering,66.86064,7.171456888,69.02,72.36,B,16.08,Yes,Yes,Low,2,8.3,8,Canada
Male,19,Business,72.5375,7.648601399,82.53,87.5,A,19.44444444,Yes,Yes,High,9,8.1,8,France
Female,22,Business,72.79118,6.636293436,85.57,85.94,A,19.09777778,Yes,Yes,High,1,7.1,7,Canada
Male,24,Business,63.91637,5.492474916,62.61,65.69,C,14.59777778,No,Yes,Low,1,8,8,US
Female,24,Business,56.04396,5.322404372,48.8,58.44,D,12.98666667,No,Yes,Low,7,7.1,7,Japan
Male,21,Mathematics,70.36876,6.368421053,76.63,81.07,A,18.01555556,Yes,Yes,High,10,8.2,8,France
Male,18,Engineering,69.4278,8.000954198,83.81,83.85,C,18.63333333,Yes,Yes,High,6,8.7,9,US
Male,20,Engineering,75.4208,6.77029361,70.61,78.4,F,17.42222222,Yes,Yes,Low,6,7.8,8,Japan
Male,19,Business,50.22648,6,54.73,60.66,A,13.48,No,Yes,Low,8,8.8,9,Australia
Female,21,Engineering,59.80871,5.535993062,62.82,63.83,A,14.18444444,No,Yes,Low,4,6.2,6,Japan
Female,19,Mathematics,81.5761,8.440711462,77.16,85.42,C,18.98222222,Yes,Yes,High,5,8.6,9,Australia
Female,21,CS,78.99465,8.577797203,88.27,98.13,C,21.80666667,Yes,Yes,High,5,5.1,5,US
Female,24,CS,87.90496,7.957446809,94.18,97.24,D,21.60888889,Yes,Yes,High,6,4.2,4,France
Male,22,CS,71.72512,6.390243902,68.43,75.98,B,16.88444444,Yes,Yes,Low,1,4.6,5,Japan
Female,19,CS,90.36814,8.840674789,94.2,94.33,A,20.96222222,Yes,Yes,High,4,4.8,5,Japan
Female,22,CS,43.95538,4.433247201,43.45,51.47,F,11.43777778,No,No,Low,3,8.1,8,Canada
Female,23,Business,82.63728,7.415139442,84.06,93.06,F,20.68,Yes,Yes,High,7,6,6,France
Male,23,CS,72.11237,6.537643933,64.32,73.81,A,16.40222222,Yes,Yes,Low,1,5.2,5,Australia
Female,24,Business,75.98524,7.705882353,86.64,89.08,A,19.79555556,Yes,Yes,High,2,8.1,8,Japan
Female,20,Engineering,48.97272,4.0224,44.48,50.28,D,11.17333333,No,No,Low,8,5,5,Australia
Male,22,CS,92.68256,7.626938776,88.69,93.43,F,20.76222222,Yes,Yes,High,2,4.4,4,Australia
Male,21,CS,74.008,7.063773251,73.47,79.75,B,17.72222222,Yes,Yes,Low,9,6.3,6,US
Female,20,Engineering,53.3286,6.194805195,53.87,62.01,B,13.78,No,Yes,Low,4,4.3,4,Japan
Female,19,Business,55.2434,6.690168818,61.02,67.37,B,14.97111111,No,Yes,Low,3,5.4,5,Australia
Male,19,Business,48.44421,5.761036468,53.33,60.03,C,13.34,No,Yes,Low,4,7.5,8,US
Female,21,Business,66.73314,6.486338798,64.09,71.22,A,15.82666667,Yes,Yes,Low,9,5.9,6,Japan
Male,18,Mathematics,63.84,6.197576887,64.32,66.5,C,14.77777778,No,Yes,Low,7,4.4,4,France
Female,18,Engineering,70.66833,6.784261715,67.32,76.73,B,17.05111111,Yes,Yes,Low,4,6,6,Australia
Female,19,Mathematics,83.4808,7.150512214,85.33,90.74,A,20.16444444,Yes,Yes,High,7,6.6,7,US
Female,24,Business,79.58533,8.573529412,96.44,99.11,A,22.02444444,Yes,Yes,High,8,5.3,5,France
Female,24,Business,61.3186,5.537168142,56.32,62.57,B,13.90444444,No,Yes,Low,8,4.9,5,Japan
Female,21,CS,49.2437,5.37184466,46.62,55.33,A,12.29555556,No,Yes,Low,6,7.8,8,France
Male,18,Mathematics,68.59374,6.263913824,60.92,69.78,F,15.50666667,No,Yes,Low,1,4.3,4,Australia
Male,22,Engineering,56.09358,4.96785404,49.31,57.18,D,12.70666667,No,Yes,Low,10,8.8,9,Japan
Female,19,Business,84.83175,7.713204373,87.76,91.71,A,20.38,Yes,Yes,High,3,4,4,Japan
Female,23,CS,60.7986,6.409906063,70.53,75.06,B,16.68,Yes,Yes,Low,6,7.3,7,France
Female,22,CS,75.816,6.639344262,74.36,81,A,18,Yes,Yes,High,1,4.7,5,Canada
Male,21,CS,50.10863,4.639516129,52.68,57.53,B,12.78444444,No,Yes,Low,5,6.7,7,Canada
Male,23,CS,84.50568,7.81769437,80.17,87.48,D,19.44,Yes,Yes,High,2,4.9,5,Australia
Male,22,CS,87.8252,9.858141858,97.44,98.68,A,21.92888889,Yes,Yes,High,1,4.2,4,Canada
Male,18,Business,64.33616,6.725952813,64.8,74.12,F,16.47111111,Yes,Yes,Low,10,8.3,8,Australia
Male,24,CS,94.58768,8.737310775,94.1,98.12,B,21.80444444,Yes,Yes,High,3,6.1,6,Canada
Male,18,CS,47.03166,4.119426752,48.37,51.74,B,11.49777778,No,No,Low,2,5.4,5,Japan
Male,23,CS,45.36804,4.23120915,48.77,51.79,D,11.50888889,No,No,Low,6,8.7,9,US
Male,20,Engineering,80.752,7.561728395,90.77,98,B,21.77777778,Yes,Yes,High,6,4.4,4,US
Female,24,CS,83.47982,8.285575049,75.01,85.01,D,18.89111111,Yes,Yes,High,7,5.7,6,France
Male,19,CS,51.16923,5.725433526,53.78,59.43,F,13.20666667,No,Yes,Low,7,4.9,5,Japan
Male,23,Engineering,57.48417,5.429140127,63.24,68.19,C,15.15333333,No,Yes,Low,5,9,9,Japan
Male,21,Engineering,73.58064,7.145971564,67.64,75.39,D,16.75333333,Yes,Yes,Low,3,6.7,7,Canada
Male,19,CS,72.19024,8.193455245,76.33,85.13,F,18.91777778,Yes,Yes,High,6,8.1,8,Australia
Female,22,CS,79.9428,7.662229617,91.49,92.1,A,20.46666667,Yes,Yes,High,3,4.8,5,Canada
Male,24,CS,53.42631,4.739929947,51.93,54.13,D,12.02888889,No,No,Low,5,5.5,6,US
Female,21,Mathematics,71.73078,7.134366925,79.53,82.83,B,18.40666667,Yes,Yes,High,3,7.1,7,Japan
Female,21,CS,59.21968,5.86031746,71.02,73.84,A,16.40888889,Yes,Yes,Low,6,4.9,5,Canada
Female,18,Engineering,69.25596,7.964107677,72.83,79.88,A,17.75111111,Yes,Yes,Low,4,6.5,7,Japan
Male,22,CS,74.52484,5.815728604,69.92,75.43,F,16.76222222,Yes,Yes,Low,9,8.7,9,Japan
Male,18,Engineering,58.31412,6.522482014,71.87,72.53,A,16.11777778,Yes,Yes,Low,2,8.7,9,Canada
Male,18,CS,59.31552,5.065546218,56.66,60.28,A,13.39555556,No,Yes,Low,7,5.8,6,France
Female,24,CS,65.59542,5.961133603,69.85,73.62,A,16.36,Yes,Yes,Low,5,6.6,7,Canada
Female,20,Engineering,53.47252,5.287111111,54.47,59.48,F,13.21777778,No,Yes,Low,9,5,5,Japan
Female,18,CS,47.73822,4.667560322,49.63,52.23,A,11.60666667,No,No,Low,10,8.9,9,US
Female,19,CS,57.90567,5.728940784,67.64,68.69,B,15.26444444,No,Yes,Low,5,6.6,7,Japan
Male,21,Engineering,50.43,4.387842466,49.84,51.25,F,11.38888889,No,No,Low,5,5,5,Australia
Male,24,Mathematics,76.02049,6.190966719,76.61,78.13,A,17.36222222,Yes,Yes,Low,2,8.2,8,Canada
Male,18,CS,43.05686,4.678883072,48.48,53.62,C,11.91555556,No,No,Low,3,6.1,6,Japan
Female,23,Engineering,66.99216,7.01953125,67.28,71.88,B,15.97333333,Yes,Yes,Low,6,7.2,7,Australia
Female,19,Mathematics,84.85157,8.911791179,94.92,99.01,D,22.00222222,Yes,Yes,High,4,8.2,8,Australia
Male,22,Business,47.4606,4.341358555,41.74,50.49,D,11.22,No,No,Low,3,5.5,6,France
Male,21,Engineering,56.31216,5.881239243,65.76,68.34,A,15.18666667,No,Yes,Low,5,6.9,7,France
Female,24,Business,71.5293,6.86863711,82.79,83.66,C,18.59111111,Yes,Yes,High,9,4.3,4,US
Male,23,CS,51.74935,4.969982847,48.94,57.95,C,12.87777778,No,Yes,Low,3,5.2,5,Canada
Male,24,Engineering,69.53364,6.273311897,72.57,78.04,A,17.34222222,Yes,Yes,Low,7,4.7,5,Japan
Female,24,CS,54.03969,5.286554622,53.72,62.91,A,13.98,No,Yes,Low,9,7.2,7,France
Female,23,CS,54.23118,5.415411869,54.31,61.14,A,13.58666667,No,Yes,Low,4,5.3,5,Japan
Female,22,Engineering,85.4645,9.207968902,88.83,94.75,B,21.05555556,Yes,Yes,High,7,7.8,8,Japan
Male,23,CS,51.85792,5.172828891,53.09,60.16,F,13.36888889,No,Yes,Low,7,7.8,8,France
Female,19,Engineering,57.8172,6.855577689,59.41,68.83,A,15.29555556,No,Yes,Low,3,7.9,8,France
Male,24,Engineering,48.77232,4.633914422,57.47,58.48,C,12.99555556,No,Yes,Low,1,4.7,5,US
Male,22,Engineering,63.80486,5.557575758,60.31,64.19,A,14.26444444,No,Yes,Low,4,6.6,7,Japan
Female,24,CS,61.81496,5.905022831,55.55,64.66,B,14.36888889,No,Yes,Low,9,7.4,7,US
Male,23,CS,53.60272,5.748700173,57.72,66.34,B,14.74222222,No,Yes,Low,10,5.6,6,France
Female,22,Engineering,73.845,6.350619195,81.2,82.05,D,18.23333333,Yes,Yes,High,7,5.3,5,Japan
Female,22,Mathematics,78.76552,6.80703125,77.22,87.13,F,19.36222222,Yes,Yes,High,10,7.6,8,Canada
Male,18,CS,65.40898,6.145646867,72.3,75.53,A,16.78444444,Yes,Yes,Low,6,5.8,6,Australia
Male,18,CS,69.48876,6.911587983,76,80.52,A,17.89333333,Yes,Yes,High,5,5.2,5,Japan
Female,18,Business,86.85228,7.077283372,86.85,90.66,B,20.14666667,Yes,Yes,High,10,6.8,7,France
Female,23,CS,88.78224,8.50170068,97.86,99.98,C,22.21777778,Yes,Yes,High,10,7.1,7,Australia
Female,21,Business,60.95871,6.78751165,70.19,72.83,A,16.18444444,Yes,Yes,Low,1,7.9,8,France
Female,19,Engineering,88.1062,8.129303107,90.42,96.82,C,21.51555556,Yes,Yes,High,4,4.2,4,Japan
Female,23,Engineering,63.64008,6.029126214,70.34,74.52,A,16.56,Yes,Yes,Low,3,4.9,5,Japan
Female,24,CS,74.0421,8.358348968,88.06,89.1,F,19.8,Yes,Yes,High,3,7.9,8,Australia
Male,18,CS,74.88432,7.585342334,73.28,78.66,C,17.48,Yes,Yes,Low,1,6.7,7,US
Male,22,CS,81.012,8.532608696,91.87,94.2,C,20.93333333,Yes,Yes,High,3,8,8,Japan
Male,23,Business,60.99448,6.097643098,67.3,72.44,B,16.09777778,Yes,Yes,Low,10,6.2,6,Australia
Male,22,Business,74.10646,6.60872954,83.89,84.79,A,18.84222222,Yes,Yes,High,10,6.3,6,Japan
Female,24,Engineering,62.76192,5.912903226,70.43,73.32,D,16.29333333,Yes,Yes,Low,8,5.9,6,US
Male,22,Business,75.7656,7.769874477,84.9,92.85,C,20.63333333,Yes,Yes,High,4,7.5,8,Australia
Male,22,CS,83.06676,8.330827068,95.23,99.72,A,22.16,Yes,Yes,High,7,7,7,France
Female,20,Engineering,50.48204,5.550892857,57.46,62.17,D,13.81555556,No,Yes,Low,2,6,6,Canada
Male,21,Engineering,65.2422,6.671493213,71.12,73.72,A,16.38222222,Yes,Yes,Low,7,4.9,5,Japan
Female,19,Business,52.27602,4.788308237,48.9,54.06,B,12.01333333,No,No,Low,6,4,4,US
Female,19,CS,49.6335,5.598626104,52.37,57.05,A,12.67777778,No,Yes,Low,8,4.5,5,Japan
Female,18,Engineering,78.03614,9.057276995,92.19,96.46,F,21.43555556,Yes,Yes,High,8,4.5,5,US
Female,20,Business,74.63306,6.50210615,67.59,77.18,C,17.15111111,Yes,Yes,Low,8,6.8,7,Canada
Female,23,Engineering,62.85376,5.603212851,65.44,69.76,A,15.50222222,No,Yes,Low,10,7.8,8,Canada
Male,23,CS,75.38014,6.872532895,73.98,83.57,A,18.57111111,Yes,Yes,High,4,6.3,6,US
Male,19,Engineering,69.74094,6.484621779,68.92,78.01,C,17.33555556,Yes,Yes,Low,9,6.1,6,France
Male,21,CS,61.02468,5.748438894,58.87,64.44,B,14.32,No,Yes,Low,8,4.7,5,Canada
Female,22,Engineering,61.20734,4.970016207,52.07,61.33,A,13.62888889,No,Yes,Low,4,8.5,9,France
Male,24,Mathematics,75.69352,7.630518234,77.15,79.51,F,17.66888889,Yes,Yes,Low,2,7.7,8,Australia
Male,18,Engineering,56.49891,5.941,57.32,59.41,F,13.20222222,No,Yes,Low,1,6.1,6,France
Male,21,Engineering,51.66272,5.113105925,54.96,56.96,D,12.65777778,No,Yes,Low,2,4.5,5,Japan
Male,19,Engineering,60.11904,6.069981584,58.56,65.92,D,14.64888889,No,Yes,Low,5,8.2,8,Japan
Female,20,CS,75.85205,8.171202809,83.85,93.07,D,20.68222222,Yes,Yes,High,5,4.8,5,France
Male,18,CS,46.24128,4.876763876,51.02,51.84,A,11.52,No,No,Low,10,7.4,7,France
Female,19,Mathematics,77.72768,7.942807626,91.03,91.66,A,20.36888889,Yes,Yes,High,2,5.7,6,Japan
Female,23,Engineering,79.02375,7.321589883,71.99,81.05,A,18.01111111,Yes,Yes,High,4,8.3,8,Canada
Male,18,CS,49.62708,5.135241856,44.49,52.02,A,11.56,No,No,Low,8,6.9,7,Japan
Female,19,CS,71.4492,7.151785714,76.71,80.1,A,17.8,Yes,Yes,High,1,5.1,5,Japan
Female,23,Engineering,68.5906,5.592156863,63.95,71.3,C,15.84444444,Yes,Yes,Low,2,4.1,4,Australia
Female,24,Business,83.68254,8.047202797,86.76,92.06,C,20.45777778,Yes,Yes,High,2,5.1,5,France
Female,23,Business,81.056,9.413622902,95,95.36,D,21.19111111,Yes,Yes,High,5,5.8,6,Canada
Female,22,CS,59.43168,5.568831169,57.36,64.32,A,14.29333333,No,Yes,Low,2,7.5,8,Japan
Female,20,Mathematics,73.50904,7.360561056,86.37,89.21,C,19.82444444,Yes,Yes,High,8,5.1,5,France
Female,22,Engineering,54.42219,6.024839006,59.12,65.49,B,14.55333333,No,Yes,Low,3,5.3,5,US
Male,19,Engineering,60.5693,5.987060998,62.95,64.78,D,14.39555556,No,Yes,Low,3,6.2,6,Australia
Male,24,Engineering,50.6855,5.367236724,55.85,59.63,A,13.25111111,No,Yes,Low,8,4.2,4,France
Female,21,CS,82.2416,6.981697171,76.37,83.92,B,18.64888889,Yes,Yes,High,1,7.8,8,Japan
Female,24,Mathematics,55.195,5.332206255,56.14,63.08,F,14.01777778,No,Yes,Low,4,4.4,4,Australia
Male,24,CS,69.13856,6.592259226,66.19,73.24,A,16.27555556,Yes,Yes,Low,7,7.7,8,Australia
Male,24,CS,82.63632,7.507042254,88.54,90.61,B,20.13555556,Yes,Yes,High,5,5.3,5,Australia
Male,22,Business,83.6864,8.205128205,84.58,89.6,F,19.91111111,Yes,Yes,High,3,6.3,6,US
Male,21,Engineering,85.44117,7.392031873,92.03,92.77,A,20.61555556,Yes,Yes,High,8,6.1,6,Australia
Female,23,Business,50.44545,4.882253995,49.46,58.05,A,12.9,No,Yes,Low,5,5.3,5,US
Female,19,Engineering,70.13656,6.947460595,75.59,79.34,D,17.63111111,Yes,Yes,Low,6,5.3,5,US
Male,20,CS,76.592,9.006585136,94.38,95.74,C,21.27555556,Yes,Yes,High,1,8.7,9,US
Male,21,Mathematics,44.5976,4.582233949,44.07,52.1,A,11.57777778,No,No,Low,3,5.5,6,Japan
Male,19,CS,78.51375,7.348894349,87.49,89.73,A,19.94,Yes,Yes,High,10,4.9,5,Australia
Male,21,Business,56.14131,5.33933162,54.18,62.31,B,13.84666667,No,Yes,Low,4,5.3,5,Japan
Female,22,CS,71.62584,7.297202797,78.08,83.48,F,18.55111111,Yes,Yes,High,10,7.5,8,Australia
Male,19,Business,82.09172,7.806363636,81.29,85.87,F,19.08222222,Yes,Yes,High,10,5.5,6,France
Male,22,CS,90.79204,8.063651591,94.45,96.28,B,21.39555556,Yes,Yes,High,4,4.9,5,Japan
Male,18,Engineering,66.83984,6.548611111,71.15,75.44,A,16.76444444,Yes,Yes,Low,5,6.1,6,Japan
Female,19,Business,80.85875,7.242163009,82.67,92.41,A,20.53555556,Yes,Yes,High,9,4.6,5,Australia
Female,21,Engineering,51.2246,4.403538332,50.35,52.27,C,11.61555556,No,No,Low,4,6,6,Canada
Female,18,Business,68.54395,6.88942774,64.92,71.03,C,15.78444444,Yes,Yes,Low,7,8.3,8,Australia
Male,22,Business,61.9028,5.998333333,70.37,71.98,A,15.99555556,Yes,Yes,Low,8,5.9,6,France
Male,22,Business,66.83479,6.138068635,70.11,76.91,A,17.09111111,Yes,Yes,Low,7,6.6,7,US
Male,21,Mathematics,67.25556,6.637096774,69.83,74.07,B,16.46,Yes,Yes,Low,2,7.9,8,Canada
Female,18,Engineering,86.1,8.078817734,96.34,98.4,B,21.86666667,Yes,Yes,High,1,6.6,7,France
Female,24,CS,48.10556,5.1756238,46.66,53.93,F,11.98444444,No,No,Low,5,4.2,4,Canada
Male,23,CS,57.937,6.111111111,56.15,63.25,B,14.05555556,No,Yes,Low,8,5.1,5,Canada
Male,20,CS,84.45294,8.749333333,94.59,98.43,F,21.87333333,Yes,Yes,High,1,8.5,9,Japan
Female,21,CS,71.5473,6.230172414,69.61,72.27,D,16.06,Yes,Yes,Low,2,8,8,Japan
Male,22,Engineering,78.01008,6.299919808,69.43,78.56,A,17.45777778,Yes,Yes,Low,9,7.8,8,France
Male,19,CS,51.7799,4.33788122,47.73,54.05,F,12.01111111,No,No,Low,6,6.7,7,US
Male,18,CS,54.3132,5.027407987,56.25,64.2,A,14.26666667,No,Yes,Low,1,5.8,6,France
Female,23,CS,47.40576,4.799630656,46.77,51.98,F,11.55111111,No,No,Low,8,7.5,8,Japan
Male,20,Business,52.614,5.213565536,49.58,56.88,F,12.64,No,Yes,Low,3,7.3,7,Japan
Male,19,Engineering,67.05107,7.807839388,77.42,81.67,D,18.14888889,Yes,Yes,High,4,7.2,7,Canada
Male,18,CS,81.30196,8.318867925,79.59,88.18,D,19.59555556,Yes,Yes,High,10,6.5,7,US
Male,23,Business,84.711,8.237885463,92.92,93.5,A,20.77777778,Yes,Yes,High,5,5.3,5,France
Female,21,CS,59.06608,5.708941606,55.99,62.57,F,13.90444444,No,Yes,Low,9,6.2,6,France
Female,23,Mathematics,57.6436,5.466776046,65.2,66.64,A,14.80888889,No,Yes,Low,5,6.6,7,Canada
Female,21,Engineering,76.82213,6.495860927,72.95,78.47,F,17.43777778,Yes,Yes,Low,6,5.1,5,Canada
Male,24,CS,52.12116,4.744308231,44.24,54.18,A,12.04,No,No,Low,7,5.2,5,France
Female,18,Engineering,83.20314,8.051693405,86.98,90.34,A,20.07555556,Yes,Yes,High,5,8,8,Canada
Male,23,Business,68.82048,6,69.48,74.16,B,16.48,Yes,Yes,Low,5,5.6,6,Japan
Female,20,Engineering,82.94832,8.378516624,91.69,98.28,C,21.84,Yes,Yes,High,2,8.9,9,France
Male,23,Business,51.34453,5.168362627,46.51,55.87,B,12.41555556,No,Yes,Low,2,6.2,6,Canada
Female,18,CS,47.8777,5.632206759,47.64,56.66,B,12.59111111,No,Yes,Low,6,7,7,Japan
Female,19,CS,56.03433,5.661628883,57.9,67.43,C,14.98444444,No,Yes,Low,10,6.5,7,Japan
Female,19,CS,54.72838,4.929738562,51.47,60.34,D,13.40888889,No,Yes,Low,6,6.5,7,US
Male,23,CS,79.99469,7.004954583,76.85,84.83,B,18.85111111,Yes,Yes,High,10,8.5,9,Canada
Male,23,CS,92.66768,8.39137931,89.68,97.34,F,21.63111111,Yes,Yes,High,6,4.5,5,Canada
Male,21,Mathematics,48.9955,4.763986014,53.08,54.5,A,12.11111111,No,No,Low,3,5.7,6,Japan
Female,18,CS,51.98607,5.214945424,53.26,62.11,C,13.80222222,No,Yes,Low,9,5.4,5,Canada
Male,21,Engineering,58.30038,6.043945313,61.61,61.89,A,13.75333333,No,Yes,Low,7,5.6,6,Australia
Male,20,Engineering,63.6798,6.665194346,70.41,75.45,F,16.76666667,Yes,Yes,Low,4,8.6,9,Australia
Male,24,Business,59.895,5.734597156,63.42,72.6,B,16.13333333,Yes,Yes,Low,9,4.3,4,Australia
Male,19,Mathematics,81.50496,7.29222973,79.76,86.34,A,19.18666667,Yes,Yes,High,4,5.4,5,US
Male,22,Business,77.53385,7.255443886,78.86,86.63,C,19.25111111,Yes,Yes,High,3,7.7,8,France
Male,22,Mathematics,64.17024,7.36329588,71.18,78.64,B,17.47555556,Yes,Yes,Low,1,5.2,5,France
Female,18,Business,64.2764,7.325046041,78.97,79.55,D,17.67777778,Yes,Yes,Low,4,8.2,8,Australia
Female,18,Mathematics,74.89356,9.175298805,91.97,92.12,F,20.47111111,Yes,Yes,High,3,5.6,6,Japan
Male,22,Business,62.865,6.902173913,62.65,69.85,B,15.52222222,No,Yes,Low,3,4.6,5,France
Female,18,CS,47.3297,4.007917656,44.16,50.62,C,11.24888889,No,No,Low,6,6.6,7,Japan
Female,19,Engineering,51.9164,4.979474548,58.27,60.65,B,13.47777778,No,Yes,Low,9,6.6,7,Japan
Male,20,Engineering,50.99345,4.128389155,44.17,51.77,C,11.50444444,No,No,Low,1,4.2,4,Canada
Male,20,CS,65.76848,6.737911025,67.3,69.67,A,15.48222222,No,Yes,Low,9,7.6,8,France
Female,21,CS,66.05697,5.537520392,64.44,67.89,C,15.08666667,No,Yes,Low,2,4.7,5,Australia
Male,19,Engineering,48.44826,4.566084788,50.64,54.93,D,12.20666667,No,No,Low,3,5.1,5,Japan
Female,24,Mathematics,84.85425,7.558139535,87.11,87.75,C,19.5,Yes,Yes,High,9,6.8,7,Australia
Female,18,CS,68.0214,6.133491311,77.22,77.65,F,17.25555556,Yes,Yes,Low,8,8.5,9,US
Female,18,Business,56.63196,5.92173913,58.94,61.29,C,13.62,No,Yes,Low,9,4.1,4,Australia
Male,24,Business,84.35364,7.770318021,80.29,87.96,F,19.54666667,Yes,Yes,High,8,8.1,8,France
Female,21,Mathematics,81.2316,7.554347826,82.3,83.4,C,18.53333333,Yes,Yes,High,6,7.8,8,Japan
Male,21,Mathematics,55.52856,5.706896552,59.4,59.58,F,13.24,No,Yes,Low,10,4.8,5,Japan
Male,18,Business,95.6701,8.843889384,97.68,99.14,F,22.03111111,Yes,Yes,High,9,5.9,6,Japan
Male,18,Engineering,52.45317,4.751412429,49.21,58.87,D,13.08222222,No,Yes,Low,3,8.5,9,Australia
Male,24,CS,82.12293,7.444537815,87.91,88.59,B,19.68666667,Yes,Yes,High,4,4.7,5,Australia
Male,19,Engineering,78.92482,9.128942486,94.59,98.41,B,21.86888889,Yes,Yes,High,1,4.6,5,Japan
Female,24,Business,81.1032,7.879452055,86.24,86.28,C,19.17333333,Yes,Yes,High,7,7.7,8,Australia
Male,21,Business,79.62524,8.173699706,82.73,83.29,C,18.50888889,Yes,Yes,High,2,6.4,6,France
Male,24,Business,78.89593,8.218480138,93.7,95.17,F,21.14888889,Yes,Yes,High,1,5.4,5,Japan
Male,24,CS,55.27366,5.508680556,55.69,63.46,A,14.10222222,No,Yes,Low,8,4.9,5,France
Male,24,Engineering,58.24032,5.533795494,57.63,63.86,A,14.19111111,No,Yes,Low,10,7.6,8,Canada
Male,19,CS,65.648,7.690721649,75.48,82.06,A,18.23555556,Yes,Yes,High,9,6.2,6,France
Female,23,CS,88.93395,7.239230769,88.2,94.11,B,20.91333333,Yes,Yes,High,4,5.2,5,Japan
Male,18,CS,74.23866,6.564123377,78.85,80.87,F,17.97111111,Yes,Yes,High,9,8.7,9,Canada
Male,22,CS,88.66845,8.786666667,91.81,98.85,A,21.96666667,Yes,Yes,High,3,6.8,7,US
Female,24,Business,57.66445,5.004091653,52.06,61.15,B,13.58888889,No,Yes,Low,8,5.8,6,France
Male,22,CS,86.45163,8.299090909,88.4,91.29,C,20.28666667,Yes,Yes,High,10,7.6,8,Japan
Female,23,CS,90.67476,9.447058824,95.45,96.36,B,21.41333333,Yes,Yes,High,5,6.5,7,Australia
Female,18,Mathematics,57.15135,5.52244582,61.55,71.35,C,15.85555556,Yes,Yes,Low,2,4,4,Australia
Female,21,CS,82.9926,8.054187192,93.39,98.1,D,21.8,Yes,Yes,High,5,8.2,8,Australia
Female,22,CS,57.94604,5.333629104,57.53,60.11,B,13.35777778,No,Yes,Low,6,4.3,4,Canada
Male,21,CS,95.58956,9.272554606,96.63,97.64,D,21.69777778,Yes,Yes,High,5,8.9,9,Japan
Male,22,CS,78.58564,8.98394712,85.47,95.14,D,21.14222222,Yes,Yes,High,7,5.7,6,US
Female,21,CS,44.2473,4.595689655,49.56,53.31,C,11.84666667,No,No,Low,4,6.6,7,US
Female,24,CS,63.74666,7.371124031,66.24,76.07,A,16.90444444,Yes,Yes,Low,10,9,9,Japan
Male,22,Engineering,72.54156,6.905149051,70.21,76.44,F,16.98666667,Yes,Yes,Low,10,5.3,5,Japan
Female,21,CS,42.96705,4.335520919,49.39,52.85,A,11.74444444,No,No,Low,7,6.3,6,Australia
Female,23,CS,42.31172,5.066276803,46.61,51.98,F,11.55111111,No,No,Low,9,7.8,8,Canada
Female,19,Business,49.7475,4.985119048,43.91,50.25,F,11.16666667,No,No,Low,2,6.3,6,Canada
Male,21,Engineering,69.44553,6.788067676,73.84,76.23,F,16.94,Yes,Yes,Low,9,5.7,6,Australia
Female,19,Mathematics,59.43028,6.023868313,65.61,73.19,D,16.26444444,Yes,Yes,Low,10,4.6,5,France
Male,19,Engineering,96.92298,8.132439229,91.59,97.02,D,21.56,Yes,Yes,High,2,6.6,7,France
Male,18,CS,57.85744,5.892888499,61.62,67.12,B,14.91555556,No,Yes,Low,7,6.8,7,Australia
Male,24,Business,78.59868,7.402678571,82.65,82.91,A,18.42444444,Yes,Yes,High,5,5.2,5,Australia
Female,23,CS,46.80302,4.498214286,46.96,50.38,C,11.19555556,No,No,Low,4,5.7,6,France
Female,19,CS,71.9507,6.984047019,82.75,83.18,A,18.48444444,Yes,Yes,High,7,5.5,6,Canada
Male,20,Engineering,88.0164,7.462558502,89.7,95.67,D,21.26,Yes,Yes,High,1,6.1,6,Japan
Male,24,Engineering,59.54346,5.626245847,62.19,67.74,C,15.05333333,No,Yes,Low,3,8,8,Canada
Male,19,Business,53.217,5.763157895,56.35,65.7,A,14.6,No,Yes,Low,2,5.7,6,Japan
Female,21,Mathematics,67.8042,7.081881533,75.81,81.3,D,18.06666667,Yes,Yes,High,2,5.4,5,France
Female,19,CS,65.56641,5.418433931,66.02,66.43,A,14.76222222,No,Yes,Low,5,8.2,8,Australia
Male,21,Engineering,61.56536,5.547468354,62.25,70.12,C,15.58222222,No,Yes,Low,10,8.1,8,France
Male,21,Engineering,56.46642,5.883548983,54.08,63.66,D,14.14666667,No,Yes,Low,2,8,8,France
Female,20,Mathematics,61.65908,6.592156863,61.18,67.24,D,14.94222222,No,Yes,Low,3,7.7,8,US
Male,19,Business,76.58064,7.00918197,74.01,83.97,A,18.66,Yes,Yes,High,7,8.4,8,Japan
Female,19,Mathematics,89.10324,7.911111111,88.83,96.12,A,21.36,Yes,Yes,High,2,7.6,8,Japan
Female,22,CS,68.8692,7.510436433,73.46,79.16,F,17.59111111,Yes,Yes,Low,4,4.8,5,France
Male,24,Business,49.4395,4.92202729,50.5,50.5,D,11.22222222,No,No,Low,2,4.2,4,Japan
Male,22,CS,55.16487,5.829335793,56,63.19,F,14.04222222,No,Yes,Low,8,4.9,5,Japan
Female,18,CS,80.72347,8.073614557,90.13,97.61,B,21.69111111,Yes,Yes,High,6,5.8,6,Japan
Female,21,Mathematics,94.27824,7.574940523,93.91,95.52,C,21.22666667,Yes,Yes,High,8,4.3,4,France
Female,20,CS,49.0864,4.743197279,51.38,55.78,F,12.39555556,No,Yes,Low,6,7.8,8,Canada
Female,22,Mathematics,86.73678,7.905550953,91.28,95.42,A,21.20444444,Yes,Yes,High,1,7.2,7,Australia
Female,19,CS,97.64062,8.439003436,95.88,98.23,F,21.82888889,Yes,Yes,High,9,7.6,8,Japan
Male,18,Business,55.56697,5.23971519,57.42,66.23,D,14.71777778,No,Yes,Low,9,4.5,5,Australia
Female,20,CS,76.3749,8.092293054,75.35,85.05,A,18.9,Yes,Yes,High,5,5.6,6,Japan
Female,23,CS,62.4,6.244995997,69.84,78,C,17.33333333,Yes,Yes,Low,10,6.3,6,US
Female,19,CS,63.97545,6.265229616,62.15,66.85,B,14.85555556,No,Yes,Low,7,7,7,Australia
Male,19,Engineering,52.24902,4.50546875,48.75,57.67,B,12.81555556,No,Yes,Low,3,8,8,Canada
Male,23,CS,62.0618,5.70058382,64.74,68.35,B,15.18888889,No,Yes,Low,2,8.9,9,Australia
Female,21,Engineering,90.70299,9.268269231,95.12,96.39,F,21.42,Yes,Yes,High,8,4.4,4,Australia
Female,21,CS,74.44032,8.583886256,85.31,90.56,D,20.12444444,Yes,Yes,High,3,7.2,7,Japan
Male,22,CS,57.48192,5.169386169,59.47,66.53,C,14.78444444,No,Yes,Low,2,4.7,5,Japan
Male,22,CS,63.29684,7.191449814,69.78,77.38,D,17.19555556,Yes,Yes,Low,7,5.5,6,Japan
Male,19,Engineering,64.3948,6.008547009,66.47,70.3,A,15.62222222,No,Yes,Low,9,7.9,8,Japan
Male,24,Business,60.40744,5.72734375,65.17,73.31,A,16.29111111,Yes,Yes,Low,6,9,9,Australia
Female,19,Business,76.96444,7.005568815,86.47,88.06,A,19.56888889,Yes,Yes,High,2,6.6,7,Australia
Male,22,CS,75.83845,6.565957447,68.45,77.15,F,17.14444444,Yes,Yes,Low,2,5.8,6,Canada
Female,23,Engineering,55.6251,4.987331081,50.25,59.05,F,13.12222222,No,Yes,Low,1,5.1,5,France
Female,22,Business,56.28015,5.291909925,56.92,63.45,A,14.1,No,Yes,Low,9,7.9,8,Japan
Male,19,CS,65.22048,6.241242038,72.07,78.39,A,17.42,Yes,Yes,Low,4,8.5,9,France
Male,20,Engineering,83.70896,6.977741138,83.95,84.64,A,18.80888889,Yes,Yes,High,4,8.2,8,Japan
Male,19,Engineering,70.80999,6.703111111,65.74,75.41,B,16.75777778,Yes,Yes,Low,10,6.5,7,Japan
Male,20,CS,69.34456,6.270123839,74.9,81.01,B,18.00222222,Yes,Yes,High,4,6.9,7,Japan
Female,20,CS,78.91254,8.34608209,81.75,89.47,B,19.88222222,Yes,Yes,High,1,8.2,8,Japan
Female,19,CS,77.19273,7.605314961,68.79,77.27,C,17.17111111,Yes,Yes,Low,10,8.6,9,Japan
Female,24,Engineering,90.55576,8.725507502,96.14,98.86,D,21.96888889,Yes,Yes,High,8,8.7,9,Australia
Male,24,CS,53.87216,4.849293564,60.88,61.78,D,13.72888889,No,Yes,Low,9,7.4,7,Japan
Female,18,CS,90.79708,9.054716981,93.54,95.98,C,21.32888889,Yes,Yes,High,9,5,5,France
Male,22,CS,62.00572,5.242016807,53.33,62.38,D,13.86222222,No,Yes,Low,9,5.6,6,Australia
Female,24,CS,70.30044,6.653344917,69.72,76.58,F,17.01777778,Yes,Yes,Low,6,5.3,5,Japan
Male,21,CS,58.3856,6.046511628,66.49,72.8,A,16.17777778,Yes,Yes,Low,7,4.9,5,France
Female,19,Mathematics,60.33456,6.189359784,64.26,68.64,C,15.25333333,No,Yes,Low,1,5.3,5,Canada
Female,20,CS,83.81156,7.691222571,89.78,98.14,F,21.80888889,Yes,Yes,High,5,8.3,8,France
Male,19,Engineering,57.19438,6.17070805,56.08,63.62,D,14.13777778,No,Yes,Low,6,7.9,8,Australia
Female,22,CS,78.54812,8.242125984,75.59,83.74,F,18.60888889,Yes,Yes,High,8,4.2,4,Australia
Female,23,Engineering,76.3994,7.884615385,88.46,90.2,B,20.04444444,Yes,Yes,High,1,4.7,5,Australia
Male,24,Engineering,59.79015,4.614494988,57.5,59.85,A,13.3,No,Yes,Low,8,8.9,9,Australia
Male,24,CS,88.3007,8.021138211,95.08,98.66,F,21.92444444,Yes,Yes,High,7,5.1,5,Australia
Male,24,Business,70.44763,6.487416107,75.35,77.33,B,17.18444444,Yes,Yes,Low,2,7.2,7,US
Male,20,Engineering,88.541,7.756888169,87.07,95.72,F,21.27111111,Yes,Yes,High,7,5,5,France
Male,21,Business,76.95075,7.002525253,75.35,83.19,F,18.48666667,Yes,Yes,High,4,5.2,5,Japan
Female,21,Engineering,68.03775,8.117125984,75.27,82.47,F,18.32666667,Yes,Yes,High,10,6.5,7,US
Male,24,Mathematics,58.73544,6.028673835,58.96,67.28,A,14.95111111,No,Yes,Low,10,6.4,6,US
Female,21,Business,71.97489,7.793133803,84.75,88.53,C,19.67333333,Yes,Yes,High,6,7.2,7,Australia
Female,23,Mathematics,44.12693,4.622082585,45.25,51.49,B,11.44222222,No,No,Low,9,4.8,5,France
Male,24,Engineering,75.53409,7.23627907,73.28,77.79,B,17.28666667,Yes,Yes,Low,4,5.3,5,Japan
Female,18,Engineering,47.17154,5.155844156,45.75,51.61,B,11.46888889,No,No,Low,10,7.1,7,US
Female,20,Business,57.69522,5.120689655,58.02,65.34,D,14.52,No,Yes,Low,2,4.5,5,France
Male,23,Business,47.62989,4.409493162,45.06,54.81,D,12.18,No,No,Low,9,8.5,9,Japan
Female,20,Mathematics,87.4557,9.510447761,92.5,95.58,D,21.24,Yes,Yes,High,1,4.9,5,Australia
Male,24,CS,79.45616,7.281753131,80.35,81.41,F,18.09111111,Yes,Yes,High,6,6.2,6,Canada
Male,23,Business,78.92478,7.682320442,76.77,83.43,D,18.54,Yes,Yes,High,7,4.5,5,Japan
Male,24,CS,87.37664,7.175193798,84.14,92.56,D,20.56888889,Yes,Yes,High,8,7.4,7,Japan
Female,23,Engineering,83.184,6.817466562,85.51,86.65,D,19.25555556,Yes,Yes,High,4,5.6,6,US
Female,24,CS,54.91717,4.511235955,53.36,56.21,C,12.49111111,No,Yes,Low,1,4.4,4,US
Female,18,CS,71.9832,6.480769231,76.39,80.88,A,17.97333333,Yes,Yes,High,1,7,7,Japan
Female,20,Mathematics,91.9863,8.147446458,94.48,98.91,C,21.98,Yes,Yes,High,1,8.9,9,Australia
Male,23,CS,57.43166,4.833598726,57.92,60.71,B,13.49111111,No,Yes,Low,3,8.4,8,Japan
Female,18,Engineering,69.6514,7.336050725,73.72,80.99,D,17.99777778,Yes,Yes,High,9,7.5,8,Australia
Male,19,Engineering,75.99096,6.608622147,73.91,78.18,F,17.37333333,Yes,Yes,Low,6,4.1,4,Japan
Female,24,CS,67.91008,6.882294758,63.06,69.58,F,15.46222222,No,Yes,Low,7,8.3,8,Canada
Female,22,CS,94.01626,8.275190517,89.49,97.73,D,21.71777778,Yes,Yes,High,7,8.5,9,US
Female,23,Engineering,66.05668,5.306729264,62.61,67.82,B,15.07111111,No,Yes,Low,2,4.2,4,Japan
Female,21,CS,47.35288,5.1342723,53.47,54.68,C,12.15111111,No,No,Low,6,4.6,5,Japan
Female,18,Business,78.99465,9.583007813,97.64,98.13,A,21.80666667,Yes,Yes,High,9,6.3,6,Japan
Male,18,Mathematics,79.88904,7.998149861,79.68,86.46,F,19.21333333,Yes,Yes,High,4,6,6,Australia
Female,23,CS,66.65016,5.22741433,59.28,67.12,B,14.91555556,No,Yes,Low,8,5.5,6,Canada
Female,18,CS,57.56297,5.193025142,58.82,64.03,A,14.22888889,No,Yes,Low,8,5,5,Canada
Female,19,Engineering,86.9528,7.501945525,90.38,96.4,D,21.42222222,Yes,Yes,High,3,6.7,7,Japan
Female,18,Business,62.21536,5.45672665,60.9,63.68,D,14.15111111,No,Yes,Low,7,7.9,8,Canada
Male,22,CS,72.47898,6.208400646,67.22,76.86,A,17.08,Yes,Yes,Low,8,8.7,9,Australia
Female,22,CS,53.5815,4.899193548,56.48,60.75,A,13.5,No,Yes,Low,6,5.5,6,US
Male,24,Engineering,92.57728,9.52817574,90.29,99.76,A,22.16888889,Yes,Yes,High,4,7.5,8,US
Female,24,Mathematics,85.64864,7.252459016,85.28,88.48,F,19.66222222,Yes,Yes,High,8,7.9,8,Japan
Male,21,CS,71.3258,6.558995816,76.45,78.38,A,17.41777778,Yes,Yes,Low,4,6.4,6,Canada
Male,19,Engineering,74.02192,7.663740123,80.44,87.29,D,19.39777778,Yes,Yes,High,6,8.6,9,US
Male,22,Mathematics,94.28688,8.930102516,87.73,95.82,D,21.29333333,Yes,Yes,High,2,4.1,4,Canada
Male,23,Engineering,90.69984,9.097312326,97.73,98.16,B,21.81333333,Yes,Yes,High,2,8.5,9,Australia
Male,20,Business,84.2992,7.048145225,88.19,89.3,F,19.84444444,Yes,Yes,High,4,8.5,9,US
Female,20,Engineering,83.205,7.821489002,86.65,92.45,A,20.54444444,Yes,Yes,High,6,4.7,5,US
Male,20,Mathematics,66.60517,6.471296296,65.08,69.89,A,15.53111111,No,Yes,Low,3,6.2,6,Japan
Female,24,Engineering,69.38123,6.072425829,67.14,69.59,D,15.46444444,No,Yes,Low,3,6.6,7,Japan
Male,23,Business,72.96087,9.013958126,88.48,90.41,C,20.09111111,Yes,Yes,High,6,6,6,Australia
Male,18,Engineering,82.52524,7.933273219,81.84,87.98,A,19.55111111,Yes,Yes,High,10,8.5,9,France
Female,23,Business,86.21035,8.563063063,87.24,95.05,C,21.12222222,Yes,Yes,High,8,7.6,8,US
Male,18,CS,52.4579,4.63963964,52.42,56.65,C,12.58888889,No,Yes,Low,6,4.6,5,US
Male,20,CS,83.2719,7.923149016,81.93,84.54,A,18.78666667,Yes,Yes,High,8,8.6,9,Japan
Male,21,Business,72.74154,6.381099923,76,82.38,C,18.30666667,Yes,Yes,High,4,4.2,4,Japan
Male,21,CS,88.1314,8.688888889,84.74,89.93,C,19.98444444,Yes,Yes,High,5,7,7,Australia
Female,18,Engineering,48.41235,4.513656388,48.94,51.23,D,11.38444444,No,No,Low,3,6.6,7,France
Male,20,CS,88.29677,7.995621716,82.9,91.31,F,20.29111111,Yes,Yes,High,7,4.4,4,Australia
Male,23,Business,60.48384,5.50373444,56.72,66.32,B,14.73777778,No,Yes,Low,7,7.5,8,Australia
Female,21,CS,80.9856,6.852965069,78.42,84.36,D,18.74666667,Yes,Yes,High,6,8.8,9,Australia
Female,18,Business,64.98732,7.924509804,80.55,80.83,A,17.96222222,Yes,Yes,High,4,6.3,6,Japan
Male,23,Engineering,66.17719,6.984481086,64.61,72.01,A,16.00222222,Yes,Yes,Low,7,6.6,7,Australia
Male,20,CS,71.4114,7.678100264,80.96,87.3,A,19.4,Yes,Yes,High,3,5.9,6,Canada
Female,19,Engineering,82.17428,8.345531915,93.87,98.06,B,21.79111111,Yes,Yes,High,6,8.4,8,Japan
Male,20,CS,58.62662,5.401632653,64.53,66.17,A,14.70444444,No,Yes,Low,4,8.6,9,Australia
Female,24,CS,78.15348,7.911312217,81.2,87.42,A,19.42666667,Yes,Yes,High,5,6,6,Canada
Male,20,CS,61.98339,5.352605863,64.18,65.73,F,14.60666667,No,Yes,Low,6,8.5,9,Australia
Female,23,CS,87.75828,8.031331593,83.21,92.28,F,20.50666667,Yes,Yes,High,7,5,5,US
Female,23,Mathematics,61.22472,7.114851485,65.32,71.86,C,15.96888889,Yes,Yes,Low,7,6.3,6,France
Female,22,CS,67.60518,6.510332435,71.48,72.46,B,16.10222222,Yes,Yes,Low,7,5.3,5,Japan
Male,22,Engineering,75.47868,7.243663123,85.19,88.59,C,19.68666667,Yes,Yes,High,5,5.1,5,France
Male,23,CS,64.86027,5.767925983,73.85,74.81,C,16.62444444,Yes,Yes,Low,10,8.3,8,France
Male,23,Engineering,53.70384,5.891162791,60.68,63.33,B,14.07333333,No,Yes,Low,7,7.6,8,US
Male,19,CS,81.02136,7.716937355,90.37,99.78,A,22.17333333,Yes,Yes,High,5,4.3,4,Canada
Female,19,Engineering,66.50921,6.824768324,74.18,81.01,B,18.00222222,Yes,Yes,High,5,7.8,8,Japan
Female,20,Business,65.97252,7.652093023,79.98,82.26,F,18.28,Yes,Yes,High,3,6.9,7,France
Female,24,Engineering,73.85001,8.143422354,76.36,82.33,A,18.29555556,Yes,Yes,High,9,7.9,8,Australia
Male,21,CS,88.42563,8.238845144,91.91,94.17,C,20.92666667,Yes,Yes,High,9,7,7,Japan
Male,24,Engineering,55.10589,5.054654142,49.3,59.19,A,13.15333333,No,Yes,Low,1,5.9,6,Japan
Male,19,CS,42.79168,4.545922747,45.66,52.96,F,11.76888889,No,No,Low,4,6.5,7,Canada
Female,20,CS,63.37676,6.35563703,65.52,69.34,D,15.40888889,No,Yes,Low,3,4.7,5,Japan
Male,24,Engineering,66.8255,6.127642913,69.8,78.25,D,17.38888889,Yes,Yes,Low,4,5.6,6,Japan
Male,18,Engineering,57.2181,5.659330986,61.52,64.29,F,14.28666667,No,Yes,Low,2,4.1,4,Canada
Female,22,Engineering,73.98696,6.671406003,84.08,84.46,A,18.76888889,Yes,Yes,High,6,6,6,Australia
Female,24,Business,52.0353,4.790365745,53,53.7,B,11.93333333,No,No,Low,6,4.5,5,Australia
Male,21,CS,72.70648,8.423330198,86.73,89.54,B,19.89777778,Yes,Yes,High,7,7.3,7,Australia
Female,20,CS,77.0523,7.430795848,80.6,85.9,A,19.08888889,Yes,Yes,High,6,8.6,9,Canada
Male,24,CS,59.7288,4.907033145,51.46,60.7,C,13.48888889,No,Yes,Low,8,7.7,8,Australia
Female,23,Engineering,64.14096,6.050326188,57.31,64.92,B,14.42666667,No,Yes,Low,4,5,5,France
Female,18,Engineering,78.87555,8.066964286,85.18,90.35,A,20.07777778,Yes,Yes,High,2,6.5,7,Canada
Female,22,CS,71.8227,7.395329441,84.74,88.67,A,19.70444444,Yes,Yes,High,10,7.6,8,US
Male,18,Business,73.09614,8.856445313,84.39,90.69,A,20.15333333,Yes,Yes,High,7,8,8,US
Male,20,Engineering,53.48299,6.184284378,65.72,66.11,F,14.69111111,No,Yes,Low,1,5.4,5,Japan
Male,19,Engineering,91.48792,8.227234754,89.72,98.48,F,21.88444444,Yes,Yes,High,1,6.4,6,US
Female,22,Engineering,84.48345,8.153041825,78.4,85.77,C,19.06,Yes,Yes,High,5,4.5,5,US
Female,18,Engineering,46.76228,4.257394085,45.25,53.26,D,11.83555556,No,No,Low,5,7.6,8,Japan
Female,19,Engineering,70.9344,6.101568951,73.83,73.89,F,16.42,Yes,Yes,Low,5,6.2,6,US
Female,21,CS,66.75046,6.569060773,82.9,83.23,B,18.49555556,Yes,Yes,High,3,4.2,4,Japan
Male,20,CS,49.89922,4.742694805,48.93,58.43,D,12.98444444,No,Yes,Low,6,6.6,7,France
Male,20,CS,87.38771,8.051651143,95.01,95.09,A,21.13111111,Yes,Yes,High,2,8,8,Australia
Male,22,Engineering,74.37808,6.994417863,84.75,87.71,B,19.49111111,Yes,Yes,High,10,4.2,4,Australia
Female,18,Business,45.63508,4.513355593,47.88,54.07,B,12.01555556,No,No,Low,8,6,6,Australia
Female,21,Engineering,77.86724,8.5487042,95.64,95.66,C,21.25777778,Yes,Yes,High,8,6.4,6,US
Male,23,CS,57.79106,6.236234458,65.57,70.22,B,15.60444444,No,Yes,Low,5,9,9,France
Female,22,Business,71.74856,5.942716858,65.71,72.62,A,16.13777778,Yes,Yes,Low,6,5.1,5,Japan
Male,23,Business,73.02204,8.411320755,88.92,89.16,F,19.81333333,Yes,Yes,High,2,8.1,8,Japan
Female,22,Business,72.747,6.492890995,75.54,82.2,A,18.26666667,Yes,Yes,High,5,4.7,5,Japan
Female,18,Engineering,64.11696,7.026392962,64.02,71.88,F,15.97333333,Yes,Yes,Low,8,8.8,9,Japan
Male,21,Business,62.53914,4.970797159,54.88,62.98,C,13.99555556,No,Yes,Low,10,5.5,6,Canada
Male,18,CS,68.71104,7.377431907,70.76,75.84,F,16.85333333,Yes,Yes,Low,7,4.7,5,France
Female,20,CS,63.64176,7.880239521,77.8,78.96,D,17.54666667,Yes,Yes,Low,9,5.9,6,US
Male,23,CS,66.95255,8.130608175,80.78,81.55,F,18.12222222,Yes,Yes,High,9,4.1,4,US
Male,19,Business,65.56425,7.701535509,79.94,80.25,F,17.83333333,Yes,Yes,High,8,4.5,5,US
Female,24,CS,79.89956,6.947594502,71.67,80.87,F,17.97111111,Yes,Yes,High,2,6.5,7,France
Female,20,Engineering,71.5763,6.883395522,64.51,73.79,A,16.39777778,Yes,Yes,Low,4,8.7,9,Australia
Female,20,Engineering,77.69955,7.552224371,74.24,78.09,A,17.35333333,Yes,Yes,Low,4,6.2,6,US
Male,23,CS,54.44335,6.195192308,61.25,64.43,D,14.31777778,No,Yes,Low,8,7.3,7,Canada
Female,22,Business,48.18944,4.883642496,54.8,57.92,C,12.87111111,No,Yes,Low,2,7.5,8,Japan
Female,20,CS,68.85995,6.464199517,80.08,80.35,D,17.85555556,Yes,Yes,High,10,4.2,4,Japan
Female,24,CS,50.0466,4.036237471,49.42,52.35,A,11.63333333,No,No,Low,9,5.6,6,Japan
Female,21,Business,45.271,5.126082772,48.69,53.26,A,11.83555556,No,No,Low,2,9,9,US
Female,20,CS,59.68809,5.087275693,62.19,62.37,C,13.86,No,Yes,Low,4,4,4,Japan
Male,21,Engineering,59.06308,5.332142857,55.09,59.72,F,13.27111111,No,Yes,Low,3,6.4,6,Japan
Female,18,Business,58.74705,6.403541473,60.74,68.71,F,15.26888889,No,Yes,Low,10,8.2,8,Canada
Female,22,Mathematics,55.12224,5.869863014,58.67,68.56,F,15.23555556,No,Yes,Low,8,5.4,5,Australia
Male,21,Business,50.36768,4.661101836,49.06,55.84,C,12.40888889,No,Yes,Low,1,9,9,Canada
Female,20,CS,60.64709,5.155500414,54.68,62.33,B,13.85111111,No,Yes,Low,7,6.4,6,Japan
Female,22,Engineering,47.31666,4.919686582,49.92,50.23,C,11.16222222,No,No,Low,7,8.6,9,Japan
Male,24,CS,58.56585,6.231549815,63.13,67.55,A,15.01111111,No,Yes,Low,9,6.6,7,Canada
Female,22,CS,84.16134,6.935907336,84.17,89.82,B,19.96,Yes,Yes,High,10,6,6,US
Male,21,CS,54.95308,5.397271952,53.44,63.31,C,14.06888889,No,Yes,Low,8,7.6,8,Canada
Female,21,CS,73.953,7.349731664,78.54,82.17,B,18.26,Yes,Yes,High,6,8.8,9,Japan
Male,19,Business,49.08954,5.367546432,47.81,54.91,A,12.20222222,No,No,Low,6,5.9,6,US
Male,19,CS,41.34837,4.904069767,50.47,50.61,A,11.24666667,No,No,Low,6,8.3,8,Japan
Female,22,Engineering,60.83504,7.403162055,69.67,74.92,A,16.64888889,Yes,Yes,Low,5,7.3,7,US
Male,23,Engineering,71.02404,6.489342806,69.01,73.07,A,16.23777778,Yes,Yes,Low,1,5.9,6,Australia
Male,23,Engineering,58.20966,5.734359962,52.82,59.58,B,13.24,No,Yes,Low,2,4.3,4,France
Female,19,Mathematics,56.22442,5.901834862,58.29,64.33,D,14.29555556,No,Yes,Low,6,5.6,6,Japan
Female,20,CS,43.59438,4.290591174,48.35,51.53,F,11.45111111,No,No,Low,2,8.2,8,Japan
Male,18,Engineering,84.76627,7.208500401,80.03,89.89,D,19.97555556,Yes,Yes,High,5,4.5,5,Canada
Female,22,Engineering,62.32748,5.408146301,57.36,65.06,B,14.45777778,No,Yes,Low,10,6.9,7,Japan
Male,18,CS,57.73859,4.862041467,57.72,60.97,A,13.54888889,No,Yes,Low,1,6.6,7,France
Male,19,Engineering,86.53057,7.705380017,85.67,90.23,F,20.05111111,Yes,Yes,High,1,7.3,7,US
Female,21,Business,42.76308,4.08490566,43.26,51.96,A,11.54666667,No,No,Low,6,8.7,9,US
Female,24,CS,56.58663,5.89266055,59.32,64.23,A,14.27333333,No,Yes,Low,1,7.8,8,Australia
Male,22,CS,55.94204,5.533742331,57.97,63.14,A,14.03111111,No,Yes,Low,4,6.6,7,Japan
Female,19,CS,62.8974,4.883990719,57.34,63.15,D,14.03333333,No,Yes,Low,2,8.2,8,Japan
Female,20,Business,40.456,4.820781697,42.61,50.57,B,11.23777778,No,No,Low,9,7.5,8,Australia
Male,24,Business,96.05289,8.007450331,95.73,96.73,F,21.49555556,Yes,Yes,High,1,8.5,9,Canada
Male,22,Engineering,83.60937,7.559610706,91.84,93.21,C,20.71333333,Yes,Yes,High,3,7.6,8,Australia
Male,22,Engineering,62.65792,5.73095624,65.34,70.72,F,15.71555556,No,Yes,Low,7,7.8,8,Canada
Male,23,Business,70.24644,6.499100719,70.91,72.27,D,16.06,Yes,Yes,Low,1,4.4,4,Canada
Male,21,Business,64.24503,6.07250996,70.78,76.21,C,16.93555556,Yes,Yes,Low,1,4,4,Japan
Male,22,Business,65.7888,6.301790281,65.69,73.92,C,16.42666667,Yes,Yes,Low,6,8.8,9,Japan
Female,21,Business,76.0608,8.842942346,87.74,88.96,D,19.76888889,Yes,Yes,High,6,5.3,5,Australia
Male,19,Engineering,62.43838,6.301439458,70.46,74.42,A,16.53777778,Yes,Yes,Low,4,4.8,5,France
Female,20,Engineering,54.80368,5.508804449,49.75,59.44,A,13.20888889,No,Yes,Low,10,4.8,5,Canada
Female,24,Business,50.54425,4.907732865,53.3,55.85,A,12.41111111,No,Yes,Low,3,7.7,8,France
Male,24,Mathematics,87.08628,9.108262108,92.45,95.91,F,21.31333333,Yes,Yes,High,10,4.2,4,Australia
Female,20,CS,44.0328,5.045235804,50.08,52.42,A,11.64888889,No,No,Low,1,7.3,7,Canada
Male,22,CS,86.3408,7.315343099,92.42,94.88,D,21.08444444,Yes,Yes,High,8,6.9,7,Australia
Female,22,Mathematics,82.91412,6.83265966,83.9,84.52,A,18.78222222,Yes,Yes,High,8,4.7,5,Australia
Male,19,CS,66.16608,5.97787234,67.01,70.24,A,15.60888889,No,Yes,Low,7,4.7,5,Japan
Male,23,Business,57.876,4.790960452,57.52,59.36,F,13.19111111,No,Yes,Low,4,4.7,5,Canada
Male,23,CS,62.244,5.742331288,59.51,65.52,A,14.56,No,Yes,Low,2,5.3,5,Japan
Male,23,CS,63.79266,7.565776459,73.84,76.49,D,16.99777778,Yes,Yes,Low,7,7.2,7,Japan
Female,21,CS,80.769,6.973063973,82.59,82.84,B,18.40888889,Yes,Yes,High,8,5,5,US
Female,23,CS,80.42607,7.517333333,74.66,84.57,D,18.79333333,Yes,Yes,High,5,7.3,7,Canada
Female,20,CS,65.26872,7.06640625,62.65,72.36,A,16.08,Yes,Yes,Low,9,8.9,9,Japan
Female,24,Engineering,57.8454,6.499526963,67.8,68.7,C,15.26666667,No,Yes,Low,10,8.3,8,US
Female,24,Business,81.52324,8.248134328,84.76,88.42,C,19.64888889,Yes,Yes,High,8,8,8,Australia
Male,21,Mathematics,91.16769,8.997196262,94.91,96.27,A,21.39333333,Yes,Yes,High,4,8.7,9,Japan
Male,19,Engineering,87.5838,8.904186047,94.7,95.72,B,21.27111111,Yes,Yes,High,10,7.1,7,Australia
Male,20,Engineering,75.6405,6.5913339,74.08,77.58,A,17.24,Yes,Yes,Low,9,7.8,8,US
Male,24,Engineering,51.792,4.679098005,51.15,53.95,A,11.98888889,No,No,Low,1,7.9,8,Australia
Male,20,Engineering,45.98662,5.360639361,47.47,53.66,C,11.92444444,No,No,Low,9,8.9,9,Canada
Female,24,Engineering,61.0218,5.918987342,65.97,70.14,B,15.58666667,No,Yes,Low,1,7.2,7,US
Male,18,CS,76.6764,8.371014493,84.98,86.64,C,19.25333333,Yes,Yes,High,5,5.4,5,Canada
Male,19,CS,73.59721,6.608120035,73.01,74.87,D,16.63777778,Yes,Yes,Low,5,5,5,Canada
Female,19,CS,68.67628,6.556809025,72.67,81.37,B,18.08222222,Yes,Yes,High,8,5.5,6,US
Female,18,CS,75.76374,8.229464286,85.11,92.17,A,20.48222222,Yes,Yes,High,5,7.8,8,France
Male,21,Business,42.29226,4.44235696,51.96,52.02,D,11.56,No,No,Low,8,7.3,7,Japan
Male,24,CS,84.35863,8.083193277,87.63,96.19,B,21.37555556,Yes,Yes,High,1,5.1,5,Japan
Female,24,Business,62.41452,5.872903795,65.68,66.54,C,14.78666667,No,Yes,Low,10,8.3,8,Japan
Male,24,Mathematics,43.65156,5.032692308,45.12,52.34,A,11.63111111,No,No,Low,3,8.9,9,Japan
Male,23,Mathematics,77.82096,7.283333333,84.03,91.77,C,20.39333333,Yes,Yes,High,7,7.8,8,Japan
Male,23,Mathematics,80.55943,7.55546875,94.58,96.71,A,21.49111111,Yes,Yes,High,6,4.3,4,Canada
Female,23,CS,85.15809,7.266228431,87.1,88.43,F,19.65111111,Yes,Yes,High,5,7.1,7,France
Male,23,Engineering,83.19206,7.672619048,84.01,90.23,B,20.05111111,Yes,Yes,High,7,8.7,9,Canada
Male,23,CS,80.37663,7.956632653,92.27,93.57,A,20.79333333,Yes,Yes,High,5,5.6,6,Japan
Female,18,Business,71.24832,6.036478985,74.55,76.12,A,16.91555556,Yes,Yes,Low,7,6.9,7,US
Female,19,Business,70.74484,7.318815331,79.06,84.02,C,18.67111111,Yes,Yes,High,10,5.1,5,France
Female,21,Business,63.29088,5.933579336,63.41,64.32,C,14.29333333,No,Yes,Low,3,8.4,8,Canada
Male,20,Engineering,62.11506,6.090643275,55.77,62.49,B,13.88666667,No,Yes,Low,6,8.3,8,France
Female,23,Business,67.17575,7.676526718,77.06,80.45,B,17.87777778,Yes,Yes,High,2,5.8,6,Japan
Male,18,CS,69.99111,6.905254777,85.13,86.73,A,19.27333333,Yes,Yes,High,1,5.7,6,US
Female,24,CS,63.78218,6.2375,68.2,69.86,A,15.52444444,No,Yes,Low,2,4,4,Japan
Male,21,Business,69.02986,5.556349206,66.09,70.01,D,15.55777778,No,Yes,Low,4,5.6,6,France
Female,21,Engineering,78.26571,7.545173745,94.31,97.71,A,21.71333333,Yes,Yes,High,10,7.9,8,Canada
Male,21,Mathematics,75.23672,6.5,73.25,75.92,F,16.87111111,Yes,Yes,Low,6,4.1,4,Japan
Male,18,CS,95.13898,8.282735613,93.11,99.31,A,22.06888889,Yes,Yes,High,5,5,5,Australia
Female,20,Business,88.85556,7.933560477,83.39,93.14,D,20.69777778,Yes,Yes,High,8,7.7,8,Japan
Female,23,Engineering,76.40536,6.460204886,76.89,81.98,D,18.21777778,Yes,Yes,High,2,7.2,7,Canada
Male,21,Business,42.43686,4.4069869,44.78,50.46,F,11.21333333,No,No,Low,3,8.9,9,Japan
Female,18,Business,57.4128,5.320197044,58.77,64.8,C,14.4,No,Yes,Low,2,6,6,Canada
Male,24,Mathematics,62.16176,5.986486486,67.38,70.88,A,15.75111111,No,Yes,Low,10,4.7,5,Japan
Female,19,CS,69.4176,7.885496183,74.26,82.64,B,18.36444444,Yes,Yes,High,2,7.3,7,US
Female,24,Mathematics,64.75584,5.524940618,69.11,69.78,C,15.50666667,No,Yes,Low,4,4.4,4,Australia
Male,18,CS,85.17548,7.641304348,82.38,91.39,F,20.30888889,Yes,Yes,High,2,4.6,5,Japan
Female,18,CS,69.5134,7.919047619,79.43,83.15,D,18.47777778,Yes,Yes,High,2,6.8,7,Japan
Female,18,Engineering,54.69632,5.278996865,57.79,67.36,D,14.96888889,No,Yes,Low,3,6.4,6,US
Male,21,Business,78.9597,8.578846154,80.26,89.22,B,19.82666667,Yes,Yes,High,1,5.3,5,US
Male,18,Engineering,52.83665,5.597079038,63.23,65.15,F,14.47777778,No,Yes,Low,5,6.4,6,Japan
Female,19,Business,52.28976,4.484388186,45.62,53.14,F,11.80888889,No,No,Low,4,8.3,8,Japan
Male,21,Business,53.58782,5.315503173,58.11,58.63,A,13.02888889,No,Yes,Low,1,7.6,8,Japan
Female,24,CS,44.6246,4.202849958,41.21,50.14,A,11.14222222,No,No,Low,6,6.3,6,US
Female,19,Mathematics,81.17532,9.107355865,84.65,91.62,C,20.36,Yes,Yes,High,7,5.6,6,Japan
Male,22,CS,66.55248,6.5088,72.35,81.36,A,18.08,Yes,Yes,High,4,6.9,7,Japan
Male,24,Business,75.3888,6.183464567,78.37,78.53,B,17.45111111,Yes,Yes,Low,3,4,4,Japan
Male,18,CS,77.283,7.048346056,78.48,83.1,A,18.46666667,Yes,Yes,High,9,7.7,8,Canada
Male,23,Engineering,71.27016,6.895746455,81.64,82.68,B,18.37333333,Yes,Yes,High,3,8,8,Japan
Male,23,Engineering,68.17317,7.328651685,77.64,78.27,A,17.39333333,Yes,Yes,Low,5,4.6,5,France
Male,21,CS,77.56504,7.557013946,84.74,92.12,F,20.47111111,Yes,Yes,High,5,6,6,Canada
Female,23,CS,58.5046,5.55941358,70.69,72.05,B,16.01111111,Yes,Yes,Low,7,4.7,5,Canada
Female,24,CS,78.32832,6.979118329,83.71,90.24,C,20.05333333,Yes,Yes,High,1,8.7,9,US
Male,21,CS,78.07442,8.548325359,83.94,89.33,F,19.85111111,Yes,Yes,High,3,8.1,8,Japan
Female,24,CS,58.42052,5.104680851,59.64,59.98,A,13.32888889,No,Yes,Low,3,4.1,4,Japan
Female,18,Engineering,68.40129,6.438441098,67.94,72.69,B,16.15333333,Yes,Yes,Low,10,8.9,9,Japan
Female,20,Business,75.32675,7.652210175,86.94,91.75,F,20.38888889,Yes,Yes,High,10,4.7,5,Japan
Female,20,Engineering,78.54132,7.34670947,88.66,91.54,B,20.34222222,Yes,Yes,High,8,4.4,4,Australia
Male,19,Business,47.6672,4.596050269,41.56,51.2,C,11.37777778,No,No,Low,3,4.2,4,Canada
Female,18,Engineering,59.0709,4.736638265,56.74,61.15,A,13.58888889,No,Yes,Low,7,8,8,Japan
Female,23,Engineering,63.50148,6.911650485,69.23,71.19,D,15.82,Yes,Yes,Low,9,8.6,9,Australia
Male,18,Engineering,48.01412,4.097026604,48.78,52.36,D,11.63555556,No,No,Low,8,4.5,5,Canada
Male,22,Engineering,62.96697,5.103643725,62.57,63.03,B,14.00666667,No,Yes,Low,6,8.9,9,France
Male,20,Engineering,52.52985,5.313344595,54.02,62.91,A,13.98,No,Yes,Low,5,5.6,6,Japan
Male,23,CS,59.5154,5.271701389,54.98,60.73,A,13.49555556,No,Yes,Low,7,7.4,7,Japan
Female,24,Business,63.47547,5.672623883,61.18,69.83,A,15.51777778,No,Yes,Low,9,8.9,9,Canada
Male,24,Business,89.1996,8.966369931,83.3,90.65,A,20.14444444,Yes,Yes,High,6,4,4,Canada
Female,20,CS,58.22856,5.529777778,60.57,62.21,A,13.82444444,No,Yes,Low,2,6.7,7,Japan
Female,18,Business,73.3257,7.770137525,75.82,79.1,A,17.57777778,Yes,Yes,Low,8,7.3,7,Japan
Male,23,CS,66.66528,6.055987558,73.57,77.88,A,17.30666667,Yes,Yes,Low,4,5.9,6,US
Male,19,CS,76.8105,7.890625,82.52,90.9,A,20.2,Yes,Yes,High,6,4.5,5,US
Male,24,CS,63.9846,5.505529226,66.76,69.7,B,15.48888889,No,Yes,Low,2,7.1,7,France
Male,18,Business,54.08312,4.90617482,59.09,61.18,B,13.59555556,No,Yes,Low,6,4.2,4,Australia
Male,19,Business,90.13474,8.303775241,88.39,94.58,C,21.01777778,Yes,Yes,High,2,8.6,9,France
Male,23,Business,73.59495,7.239336493,90.43,91.65,C,20.36666667,Yes,Yes,High,1,6.3,6,Japan
Female,20,CS,72.64768,7.964636542,77.86,81.08,A,18.01777778,Yes,Yes,High,5,8.6,9,Japan
Female,22,Engineering,45.47712,4.331220285,46.82,54.66,D,12.14666667,No,No,Low,4,8.2,8,Japan
Female,21,Business,48.67598,4.739738806,47.72,50.81,A,11.29111111,No,No,Low,4,4,4,Canada
Female,20,CS,50.8518,5.409881061,58.38,59.13,A,13.14,No,Yes,Low,1,6.3,6,France
Male,19,Engineering,50.43669,5.681861349,53.65,59.83,A,13.29555556,No,Yes,Low,9,8.4,8,Japan
Male,18,CS,49.76556,5.159854678,49.56,56.81,B,12.62444444,No,Yes,Low,8,5.9,6,Japan
Female,24,CS,57.93498,5.827331487,54.35,63.11,D,14.02444444,No,Yes,Low,1,5.6,6,US
Female,23,Engineering,66.42177,6.603158934,60.73,66.89,A,14.86444444,No,Yes,Low,5,7.4,7,Canada
Female,20,Engineering,83.50944,7.497435897,83.56,87.72,C,19.49333333,Yes,Yes,High,9,7.5,8,Japan
Male,24,CS,84.96712,8.018761726,80.93,85.48,C,18.99555556,Yes,Yes,High,1,7.2,7,Japan
Male,24,CS,54.1156,5.052150046,53.78,55.22,D,12.27111111,No,Yes,Low,10,5.8,6,Canada
Male,22,CS,97.57482,9.759131293,91.29,98.86,B,21.96888889,Yes,Yes,High,10,4.3,4,US
Female,23,CS,84.45604,8.335870599,83.64,87.61,F,19.46888889,Yes,Yes,High,3,8.6,9,Japan
Female,19,CS,56.01771,5.351425943,55.87,58.17,A,12.92666667,No,Yes,Low,4,5.6,6,Canada
Male,23,CS,51.89106,5.349191246,51.25,56.22,D,12.49333333,No,Yes,Low,2,8,8,Canada
Male,23,Engineering,53.94496,4.364365971,47.85,54.38,A,12.08444444,No,No,Low,9,5.8,6,Australia
Female,18,Engineering,85.20456,7.00566343,79.93,86.59,B,19.24222222,Yes,Yes,High,1,6.5,7,US
Female,21,Business,56.2471,5.920498084,58.65,61.81,B,13.73555556,No,Yes,Low,4,5.9,6,Canada
Male,24,Business,49.7872,4.731040564,47.19,53.65,B,11.92222222,No,No,Low,10,4.4,4,Japan
Female,19,CS,65.82934,6.381508079,61.85,71.09,F,15.79777778,Yes,Yes,Low,3,5.6,6,France
Male,18,CS,69.88174,6.801751592,83.92,85.43,A,18.98444444,Yes,Yes,High,10,8.8,9,France
Male,24,Business,63.2731,6.090569561,60.96,65.23,A,14.49555556,No,Yes,Low,9,4.6,5,US
Female,21,CS,61.37964,7.155405405,70.47,74.13,A,16.47333333,Yes,Yes,Low,3,6.8,7,US
Female,18,CS,55.21738,4.932175352,49.69,59.63,D,13.25111111,No,Yes,Low,7,8.8,9,France
Female,21,CS,71.1027,6.1816609,68.69,71.46,A,15.88,Yes,Yes,Low,2,4.1,4,Canada
Male,21,Engineering,65.84355,6.368322399,62.92,67.95,D,15.1,No,Yes,Low,8,4.3,4,Japan
Female,21,Engineering,62.5941,6.47696477,71.14,71.7,D,15.93333333,Yes,Yes,Low,2,8.5,9,US
Female,18,Mathematics,62.80953,7.129377432,68.49,73.29,C,16.28666667,Yes,Yes,Low,10,7.7,8,Japan
Male,23,Business,45.05325,4.969062784,48.57,54.61,A,12.13555556,No,No,Low,9,6.7,7,US
Male,21,Engineering,51.49914,4.518181818,46.87,54.67,F,12.14888889,No,No,Low,9,6.7,7,Japan
Female,23,CS,55.59246,6.215976331,53.95,63.03,F,14.00666667,No,Yes,Low,9,8.9,9,Canada
Male,24,CS,52.94471,4.47393745,54.27,55.79,D,12.39777778,No,Yes,Low,6,4.1,4,Canada
Male,24,CS,58.81896,5.926206244,60.11,62.64,D,13.92,No,Yes,Low,7,5.4,5,Canada
Male,19,CS,43.69919,4.770018622,50.96,51.23,D,11.38444444,No,No,Low,4,5.6,6,Australia
Female,22,CS,55.45034,5.464401294,61.71,67.54,A,15.00888889,No,Yes,Low,2,4.6,5,Japan
Female,23,CS,55.87707,5.540639269,60.4,60.67,B,13.48222222,No,Yes,Low,3,5.8,6,Canada
Male,24,CS,81.26999,8.538808664,91.57,94.61,A,21.02444444,Yes,Yes,High,3,5.9,6,Japan
Male,22,CS,82.03953,8.933653846,89.66,92.91,C,20.64666667,Yes,Yes,High,1,8.8,9,Japan
Male,21,Mathematics,52.40612,6.456802383,59.36,65.02,A,14.44888889,No,Yes,Low,3,6.2,6,France
Female,22,Engineering,72.88476,7.1344294,71.42,73.77,F,16.39333333,Yes,Yes,Low,4,8.7,9,Japan
Male,22,Mathematics,95.73641,8.930593607,93.5,97.79,B,21.73111111,Yes,Yes,High,4,8.1,8,Canada
Male,21,CS,65.8368,7.537091988,69.51,76.2,F,16.93333333,Yes,Yes,Low,3,7.7,8,Japan
Female,23,Engineering,88.90804,7.254317111,85.17,92.42,C,20.53777778,Yes,Yes,High,10,5.7,6,Canada
Male,21,CS,79.81368,8.074270557,88.11,91.32,B,20.29333333,Yes,Yes,High,4,6.1,6,France
Female,19,CS,83.66572,7.660615627,95.42,97.06,B,21.56888889,Yes,Yes,High,4,4.2,4,France
Female,20,CS,62.54782,5.149053628,56.91,65.29,A,14.50888889,No,Yes,Low,3,5.9,6,Canada
Female,18,Mathematics,45.17922,4.721266968,48.77,52.17,A,11.59333333,No,No,Low,5,8.4,8,Japan
Male,21,Mathematics,46.0368,4.469635628,53.65,55.2,F,12.26666667,No,Yes,Low,3,7.9,8,Australia
Male,21,CS,65.04768,6.330378727,75.94,78.56,A,17.45777778,Yes,Yes,Low,8,8,8,Australia
Female,22,CS,71.9194,7.500980392,68.61,76.51,F,17.00222222,Yes,Yes,Low,3,5.1,5,Japan
Male,19,Engineering,61.21956,6.352250489,60.54,64.92,A,12.984,No,Yes,Low,10,5.1,5,Australia
Female,24,CS,50.45152,5.350471294,55.57,62.44,B,12.488,No,Yes,Low,3,7.3,7,Japan
Male,24,CS,77.94864,8.404129794,77.29,85.47,B,17.094,Yes,Yes,High,8,7.3,7,US
Female,22,CS,63.74553,5.768502582,65.12,67.03,D,13.406,No,Yes,Low,1,5,5,Japan
Female,23,Engineering,70.8968,6.525630594,73.65,80.2,F,16.04,Yes,Yes,High,4,7.6,8,France
Male,21,CS,70.88508,8.122390892,84.62,85.61,F,17.122,Yes,Yes,High,3,5.9,6,Japan
Male,21,CS,69.58896,6.086808511,62.59,71.52,D,14.304,Yes,Yes,Low,1,8.4,8,Japan
Male,22,CS,55.01574,5.2945874,52.62,59.67,A,11.934,No,Yes,Low,1,5.8,6,Canada
Male,21,Engineering,88.29496,8.646840149,87.06,93.04,B,18.608,Yes,Yes,High,7,5.1,5,Australia
Female,23,Mathematics,45.54844,5.419226957,53.42,54.68,A,10.936,No,No,Low,4,5,5,Canada
Female,20,CS,91.10412,7.151681001,86.09,91.47,B,18.294,Yes,Yes,High,5,8.5,9,Canada
Male,18,Business,85.76922,7.855431993,86.68,91.83,B,18.366,Yes,Yes,High,2,8.3,8,Australia
Male,18,Business,67.94575,6.908531223,73.28,78.55,C,15.71,Yes,Yes,Low,3,6.1,6,US
Female,18,Mathematics,66.88687,7.722274882,72.25,81.47,C,16.294,Yes,Yes,High,1,5.2,5,US
Male,20,Business,63.6223,6.442125237,59.9,67.9,B,13.58,No,Yes,Low,4,5.4,5,US
Male,21,Engineering,87.75224,7.492270138,91.97,92.08,B,18.416,Yes,Yes,High,8,5.9,6,Japan
Male,22,Business,57.94523,5.916666667,58.26,63.19,F,12.638,No,Yes,Low,3,4.2,4,US
Male,24,CS,69.64507,7.557170543,70.13,77.99,C,15.598,Yes,Yes,Low,1,4.3,4,Australia
Female,19,Engineering,42.12569,4.109105824,44.84,50.09,C,10.018,No,No,Low,4,8.6,9,France
Female,21,Mathematics,91.26759,8.988878591,88.64,96.99,A,19.398,Yes,Yes,High,9,7.8,8,France
Male,20,Business,84.7467,7.913078798,90.07,97.41,C,19.482,Yes,Yes,High,10,8.1,8,France
Female,23,Mathematics,74.57344,7.534801762,85.33,85.52,A,17.104,Yes,Yes,High,8,6.4,6,France
Male,20,Business,58.13772,6.297345133,67.65,71.16,B,14.232,Yes,Yes,Low,10,5.8,6,Australia
Male,24,Business,54.98169,5.178383128,51.7,58.93,F,11.786,No,Yes,Low,3,4.5,5,Japan
Male,18,Business,69.7697,6.027463651,66.86,74.62,A,14.924,Yes,Yes,Low,4,6.8,7,US
Female,21,Business,72.46213,7.341803279,85.3,89.57,A,17.914,Yes,Yes,High,5,7.7,8,Canada
Female,24,Engineering,79.4574,6.289968652,72.24,80.26,B,16.052,Yes,Yes,High,7,5,5,US
Female,18,Mathematics,65.06724,6.64664926,74.17,76.37,F,15.274,Yes,Yes,Low,1,5.9,6,Canada
Female,19,Business,79.70914,8.899903754,91.69,92.47,C,18.494,Yes,Yes,High,3,8.6,9,France
Female,23,Business,59.94758,5.206978588,58.54,65.66,F,13.132,No,Yes,Low,1,8.2,8,Japan
Male,18,Engineering,85.002,9.253731343,91.32,93,A,18.6,Yes,Yes,High,3,8,8,Australia
Male,19,CS,71.75409,5.587732919,66.2,71.97,C,14.394,Yes,Yes,Low,6,4.2,4,Japan
Female,20,CS,46.46124,4.324417601,48.98,50.12,B,10.024,No,No,Low,9,4.8,5,Australia
Female,18,Mathematics,79.3256,7.87989081,78.42,86.6,B,17.32,Yes,Yes,High,6,5.5,6,US
Female,18,Engineering,83.09265,8.519963702,86.56,93.89,D,18.778,Yes,Yes,High,8,5.5,6,US
Male,22,CS,59.89554,6.32197615,70.15,74.22,A,14.844,Yes,Yes,Low,4,4.6,5,US
Female,23,CS,70.77602,5.741120758,71.11,72.74,B,14.548,Yes,Yes,Low,5,5.4,5,US
Male,23,Business,81.60408,7.08,80.83,90.27,B,18.054,Yes,Yes,High,8,6.1,6,France
Male,24,Business,91.884,7.899413244,93.9,94.24,A,18.848,Yes,Yes,High,1,4.2,4,Japan
Female,20,Business,88.45312,7.841143765,91.72,98.72,D,19.744,Yes,Yes,High,8,6,6,Japan
Male,22,Engineering,65.598,5.896581946,61.91,67.28,B,13.456,No,Yes,Low,2,6.5,7,US
Male,24,CS,69.60429,7.644295302,72.06,79.73,F,15.946,Yes,Yes,Low,6,4.2,4,France
Female,19,CS,82.5819,7.93989547,86.78,91.15,B,18.23,Yes,Yes,High,4,7.4,7,Japan
Male,24,CS,70.4628,6.002351097,74.32,76.59,B,15.318,Yes,Yes,Low,10,4.4,4,US
Female,19,Business,67.2428,5.768745067,70.41,73.09,A,14.618,Yes,Yes,Low,10,7.2,7,Canada
Male,20,CS,77.9712,6.277955272,73.43,78.6,F,15.72,Yes,Yes,Low,4,9,9,Australia
Female,23,Engineering,54.40768,6.19543379,60.73,67.84,B,13.568,No,Yes,Low,5,4.3,4,Canada
Female,19,Engineering,51.9712,4.787148594,57.58,59.6,A,11.92,No,Yes,Low,1,5.4,5,Canada
Male,20,Engineering,49.5969,4.466499162,52.22,53.33,C,10.666,No,No,Low,4,4.6,5,France
Female,24,Mathematics,78.89,7.219730942,77.09,80.5,B,16.1,Yes,Yes,High,8,5.8,6,US
Male,19,CS,56.75408,6.157142857,65.7,68.96,B,13.792,No,Yes,Low,9,8.2,8,Australia
Male,21,Business,87.65365,7.780991736,90.47,94.15,D,18.83,Yes,Yes,High,2,8.6,9,Canada
Female,18,CS,52.28325,5.450089127,60.91,61.15,F,12.23,No,Yes,Low,6,8.2,8,Japan
Male,24,CS,56.10224,6.235965747,57.75,65.54,A,13.108,No,Yes,Low,5,7.5,8,US
Female,23,Engineering,97.24911,7.64984472,89.38,98.53,C,19.706,Yes,Yes,High,8,7.6,8,Australia
Male,24,CS,70.88491,6.978475336,76.85,77.81,C,15.562,Yes,Yes,Low,8,4.6,5,Japan
Male,21,Business,55.75752,5.87609075,62.31,67.34,A,13.468,No,Yes,Low,8,5.2,5,Japan
Female,20,Engineering,82.99168,8.928982726,90.6,93.04,A,18.608,Yes,Yes,High,10,5.8,6,France
Male,20,CS,73.13563,8.596646943,83.59,87.17,A,17.434,Yes,Yes,High,1,4.3,4,Australia
Male,24,CS,66.15306,7.296846011,69.63,78.66,C,15.732,Yes,Yes,Low,10,8.1,8,Japan
Male,21,Engineering,75.9378,7.367394696,90.54,94.45,D,18.89,Yes,Yes,High,4,5.3,5,Japan
Male,24,Business,45.8386,4.317284925,53.66,54.7,F,10.94,No,No,Low,2,4.3,4,Canada
Male,18,Engineering,58.49508,6.046834345,63.42,69.72,F,13.944,No,Yes,Low,4,4.4,4,US
Male,18,Engineering,85.46032,9.025922233,90.01,90.53,B,18.106,Yes,Yes,High,6,8.8,9,Canada
Male,22,Business,62.1621,6.470588235,67.05,69.3,D,13.86,No,Yes,Low,4,8.6,9,France
Male,19,Engineering,80.4439,8.428696413,94.79,96.34,C,19.268,Yes,Yes,High,5,8.8,9,Japan
Female,22,CS,54.97902,4.50234375,55.94,57.63,A,11.526,No,Yes,Low,3,8.8,9,France
Male,18,Engineering,65.4934,5.966964286,64.47,66.83,A,13.366,No,Yes,Low,2,8,8,Australia
Male,21,Engineering,58.03006,6.387992832,62.6,71.29,A,14.258,Yes,Yes,Low,7,5.4,5,Australia
Female,19,Business,72.0349,7.98013245,81.32,84.35,B,16.87,Yes,Yes,High,6,5.6,6,Japan
Female,21,Engineering,57.79759,4.64052795,52.95,59.77,A,11.954,No,Yes,Low,3,6,6,France
Female,22,Mathematics,46.19835,4.77221172,44.53,50.49,C,10.098,No,No,Low,10,7.9,8,Japan
Male,20,CS,82.52305,8.608885017,90.26,98.83,C,19.766,Yes,Yes,High,9,8.6,9,Canada
Female,21,Mathematics,92.28168,7.865782933,93.01,94.94,A,18.988,Yes,Yes,High,6,6.2,6,Japan
Female,22,Engineering,58.96407,5.023956723,60.24,65.01,C,13.002,No,Yes,Low,5,5.5,6,Canada
Male,22,Engineering,73.50247,6.124690339,66.46,74.17,A,14.834,Yes,Yes,Low,8,5.2,5,Canada
Male,22,CS,66.33495,6.683123878,71.06,74.45,F,14.89,Yes,Yes,Low,2,5.3,5,Australia
Female,20,CS,91.68426,7.267496112,92.82,93.46,C,18.692,Yes,Yes,High,6,4,4,Australia
Female,20,Business,67.2337,7.193693694,79.46,79.85,F,15.97,Yes,Yes,Low,6,5.2,5,Japan
Male,24,Business,88.5804,8.095744681,85.43,91.32,F,18.264,Yes,Yes,High,7,5.5,6,Australia
Male,20,CS,88.7168,7.486296006,92.21,95.6,C,19.12,Yes,Yes,High,3,7.9,8,US
Male,19,Engineering,66.6333,6.079192547,77.24,78.3,A,15.66,Yes,Yes,Low,6,6.7,7,Japan
Male,20,CS,58.61424,5.880146386,58.55,64.27,A,12.854,No,Yes,Low,3,5.7,6,US
Male,20,Mathematics,61.97538,6.239800167,66.85,74.94,B,14.988,Yes,Yes,Low,8,7,7,France
Female,20,Business,86.61744,7.75041876,82.86,92.54,C,18.508,Yes,Yes,High,5,7.9,8,Japan
Male,21,CS,66.59038,7.455743879,69.89,79.18,A,15.836,Yes,Yes,Low,6,7.1,7,Canada
Male,20,Business,76.30595,8.381078691,84.94,94.79,B,18.958,Yes,Yes,High,9,4.4,4,Japan
Male,19,Mathematics,79.32249,7.812860676,94.41,94.77,A,18.954,Yes,Yes,High,9,5.2,5,Australia
Male,22,CS,62.83305,6.07699115,64.47,68.67,A,13.734,No,Yes,Low,5,5.4,5,US
Male,21,Business,60.53476,5.882209586,67,72.41,B,14.482,Yes,Yes,Low,10,5.8,6,US
Female,18,Engineering,83.6483,6.534267913,82.35,83.9,D,16.78,Yes,Yes,High,7,4.1,4,Canada
Male,20,Engineering,53.05025,5.181902985,54.95,55.55,B,11.11,No,Yes,Low,6,7.7,8,Japan
Female,24,CS,68.8832,6.607754734,63.46,73.28,B,14.656,Yes,Yes,Low,10,6.4,6,Canada
Male,24,CS,55.86084,4.660989457,53.08,57.47,F,11.494,No,Yes,Low,4,8.5,9,Canada
Female,22,Engineering,88.9812,8.531855956,83.99,92.4,D,18.48,Yes,Yes,High,1,6.6,7,Japan
Female,22,CS,82.0833,9.551622419,87.22,97.14,C,19.428,Yes,Yes,High,4,8.9,9,Canada
Male,21,Business,52.57068,4.924935289,53.07,57.08,D,11.416,No,Yes,Low,2,7.5,8,Canada
Male,24,CS,81.20238,8.062862669,76.93,83.37,C,16.674,Yes,Yes,High,8,8.4,8,Japan
Male,18,Engineering,68.57354,7.260869565,74.91,81.83,F,16.366,Yes,Yes,High,2,8.9,9,US
Male,23,Business,73.216,8.309726157,78.96,88,A,17.6,Yes,Yes,High,9,6.4,6,US
Male,24,Engineering,76.65016,6.697472354,84.14,84.79,A,16.958,Yes,Yes,High,10,7.2,7,Australia
Female,24,Engineering,57.02582,5.868852459,55.91,60.86,D,12.172,No,Yes,Low,6,8.6,9,Australia
Male,19,Mathematics,58.55592,5.895890411,55.5,64.56,C,12.912,No,Yes,Low,5,6.9,7,Japan
Male,23,Business,53.13312,4.502318393,56.25,58.26,F,11.652,No,Yes,Low,9,4.3,4,France
Female,22,CS,89.3358,8.411558669,95.73,96.06,B,19.212,Yes,Yes,High,2,7.5,8,Japan
Male,23,Engineering,70.7637,7.191871456,72.19,76.09,F,15.218,Yes,Yes,Low,1,8.7,9,Canada
Female,24,Mathematics,81.41944,7.860779634,89.02,98.81,D,19.762,Yes,Yes,High,9,7.9,8,Japan
Male,22,CS,58.7007,7.860779634,68.27,72.47,F,14.494,Yes,Yes,Low,10,8,8,Australia
Female,23,CS,68.94432,6.266343826,68.64,77.64,B,15.528,Yes,Yes,Low,4,4.4,4,Canada
Male,22,CS,84.45024,7.197103781,88.34,89.46,C,17.892,Yes,Yes,High,2,7.7,8,France
Female,22,CS,74.49394,7.80712424,83.55,89.86,D,17.972,Yes,Yes,High,6,4.2,4,Canada
Female,21,Business,53.43408,5.606557377,51.74,61.56,D,12.312,No,Yes,Low,1,8.7,9,Japan
Male,18,Business,56.16552,4.958429561,60.09,64.41,F,12.882,No,Yes,Low,4,8.6,9,France
Male,22,Mathematics,51.10259,4.589464883,49.09,54.89,B,10.978,No,No,Low,4,8.9,9,US
Male,19,Business,77.6322,8.964250248,84.97,90.27,A,18.054,Yes,Yes,High,10,5.5,6,France
Female,24,CS,78.20968,7.895246479,86,89.69,A,17.938,Yes,Yes,High,7,6.7,7,Japan
Female,24,CS,47.19438,4.700869565,48.26,54.06,F,10.812,No,No,Low,3,6.9,7,Australia
Female,19,Mathematics,51.93062,4.98968254,53.48,62.87,A,12.574,No,Yes,Low,8,6.8,7,Canada
Male,20,CS,59.00686,5.654446178,66.54,72.49,D,14.498,Yes,Yes,Low,2,6.1,6,Canada
Male,22,CS,76.16492,6.451046025,69.5,77.09,A,15.418,Yes,Yes,Low,4,8.9,9,France
Female,22,Mathematics,67.07053,6.174371452,75.07,76.13,B,15.226,Yes,Yes,Low,8,8.4,8,Japan
Male,22,Engineering,85.16985,7.944711538,92.45,99.15,D,19.83,Yes,Yes,High,4,7.1,7,Australia
Female,23,CS,81.59425,7.443881857,78.32,88.21,D,17.642,Yes,Yes,High,5,7.2,7,Australia
Male,22,Business,48.03458,5.5,48.72,55.66,B,11.132,No,Yes,Low,10,7.6,8,Australia
Male,22,Mathematics,56.53032,5.663747811,62.55,64.68,A,12.936,No,Yes,Low,8,7,7,Australia
Female,19,CS,66.5973,5.460227273,61.12,67.27,F,13.454,No,Yes,Low,8,7.5,8,US
Male,18,Business,62.34048,5.470881864,60.41,65.76,B,13.152,No,Yes,Low,5,8.1,8,US
Male,18,CS,86.9782,8.283858998,80.13,89.3,A,17.86,Yes,Yes,High,6,8.9,9,Japan
Male,20,Engineering,55.7846,5.412092283,61.43,68.03,F,13.606,No,Yes,Low,9,8.2,8,Japan
Male,19,Mathematics,68.42654,6.471812663,69.54,74.62,D,14.924,Yes,Yes,Low,2,4.6,5,Australia
Male,22,Mathematics,65.55285,6.525106383,71.69,76.67,D,15.334,Yes,Yes,Low,3,6.7,7,Canada
Female,18,CS,57.42208,5.732851986,58.43,63.52,A,12.704,No,Yes,Low,9,7.2,7,US
Male,21,CS,64.21223,5.311646586,62.43,66.13,D,13.226,No,Yes,Low,3,5.3,5,France
Female,21,CS,79.922,8.891108891,81.29,89,D,17.8,Yes,Yes,High,5,6.4,6,US
Male,21,Engineering,82.22373,7.687808896,83.76,93.33,D,18.666,Yes,Yes,High,3,8.7,9,US
Male,22,CS,48.1168,4.031881804,50.62,51.85,F,10.37,No,No,Low,10,5.3,5,France
Female,22,Engineering,69.58542,7.799805637,77.17,80.26,A,16.052,Yes,Yes,High,4,5.6,6,Japan
Female,20,CS,69.90952,7.120313862,80.11,81.67,A,16.334,Yes,Yes,High,3,8.5,9,Japan
Male,24,Engineering,78.96483,7.399488927,86.1,86.87,C,17.374,Yes,Yes,High,10,4.5,5,Australia
Male,20,CS,73.6803,7.997167139,82.88,84.69,F,16.938,Yes,Yes,High,4,8.4,8,Canada
Female,20,Business,81.76077,9.35892323,86.78,93.87,D,18.774,Yes,Yes,High,1,5.5,6,US
Female,23,CS,43.83696,5.386613387,49.59,53.92,B,10.784,No,No,Low,8,6.5,7,Japan
Female,21,CS,58.17396,6.567644276,65.61,69.42,C,13.884,No,Yes,Low,10,7.2,7,Japan
Female,22,Business,81.4374,8.144424132,88.63,89.1,A,17.82,Yes,Yes,High,7,7.2,7,Japan
Male,21,Business,90.39107,7.404170008,87.05,92.33,A,18.466,Yes,Yes,High,6,8.9,9,France
Male,20,CS,56.78952,5.26561199,59.11,63.24,A,12.648,No,Yes,Low,7,4.2,4,Canada
Male,22,CS,77.59554,6.803433476,75.81,79.26,B,15.852,Yes,Yes,Low,8,7.5,8,Australia
Male,19,Business,58.7448,5.024680851,53.46,59.04,B,11.808,No,Yes,Low,1,8.2,8,Japan
Male,18,CS,75.79026,8.584415584,90.48,92.54,A,18.508,Yes,Yes,High,7,6.9,7,Australia
Female,18,Business,76.1376,7.894160584,86.48,86.52,B,17.304,Yes,Yes,High,9,8.9,9,US
Female,20,Engineering,50.7741,4.803459119,52.94,61.1,A,12.22,No,Yes,Low,4,6.1,6,Australia
Female,24,CS,72.2591,7.011226252,80.76,81.19,D,16.238,Yes,Yes,High,2,7.7,8,Japan
Male,21,Engineering,62.94198,6.732381802,73.77,75.47,A,15.094,Yes,Yes,Low,1,7.4,7,US
Female,19,Business,53.05842,4.995238095,61.95,62.94,F,12.588,No,Yes,Low,8,4.2,4,France
Male,22,Mathematics,88.88574,9.26223092,86.26,94.66,A,18.932,Yes,Yes,High,9,6.8,7,Australia
Male,24,CS,45.912,4.704098361,54.21,57.39,D,11.478,No,Yes,Low,3,5.3,5,Japan
Male,21,Engineering,70.28846,6.419072616,63.82,73.37,D,14.674,Yes,Yes,Low,8,6.6,7,Canada
Female,20,CS,72.33396,6.857885615,70.7,79.14,A,15.828,Yes,Yes,Low,8,8.4,8,Australia
Male,21,Engineering,90.81528,8.162936437,87.08,91.18,F,18.236,Yes,Yes,High,1,7.2,7,US
Male,20,Business,46.12302,5.344795539,48.33,57.51,A,11.502,No,Yes,Low,8,7,7,Japan
Female,23,CS,65.89674,7.45,77.83,80.46,A,16.092,Yes,Yes,High,2,7.4,7,US
Male,18,Mathematics,49.57505,4.18718802,43.31,50.33,A,10.066,No,No,Low,2,6.6,7,Australia
Female,24,Engineering,78.18954,8.254528986,87.97,91.13,A,18.226,Yes,Yes,High,4,6.2,6,France
Male,18,Mathematics,52.60248,4.83476899,58.56,61.74,C,12.348,No,Yes,Low,10,5.9,6,Canada
Female,21,Business,82.34985,6.862041467,84.86,86.05,C,17.21,Yes,Yes,High,7,7.5,8,US
Male,19,CS,68.47695,6.376592357,72.29,80.09,B,16.018,Yes,Yes,High,2,7.9,8,Japan
Male,22,CS,45.99876,5.117933723,46.55,52.51,D,10.502,No,No,Low,5,6.1,6,Japan
Female,20,CS,50.52264,4.600311042,57.36,59.16,A,11.832,No,Yes,Low,4,4.2,4,Canada
Male,22,CS,52.86726,5.726287263,57.15,63.39,C,12.678,No,Yes,Low,6,6.7,7,US
Female,18,Engineering,76.03804,8.311894273,86.48,94.34,A,18.868,Yes,Yes,High,3,6.9,7,Japan
Male,19,Engineering,71.22648,6.730909091,69.34,74.04,C,14.808,Yes,Yes,Low,9,6.4,6,US
Female,19,Mathematics,85.34656,8.842883549,89.72,95.68,A,19.136,Yes,Yes,High,1,5.8,6,Japan
Male,22,Engineering,51.27023,5.231768232,49.83,52.37,F,10.474,No,No,Low,8,8.5,9,Canada
Male,18,Business,49.72604,4.858108108,49.84,50.33,B,10.066,No,No,Low,6,6.4,6,Japan
Male,22,Mathematics,86.20785,7.616106333,94.92,97.41,D,19.482,Yes,Yes,High,4,8,8,France
Female,21,Business,72.9252,7.872146119,86.12,86.2,C,17.24,Yes,Yes,High,9,7.2,7,Canada
Female,19,CS,83.90897,8.121129326,82.23,89.17,F,17.834,Yes,Yes,High,1,7.9,8,US
Female,19,Engineering,80.94255,7.414086687,88.21,95.79,A,19.158,Yes,Yes,High,9,8.4,8,Japan
Female,21,CS,94.07004,9.213556175,95.09,99.23,B,19.846,Yes,Yes,High,2,5.2,5,Japan
Female,18,CS,54.56066,4.976427924,45.31,54.89,A,10.978,No,No,Low,6,8.1,8,Japan
Male,19,CS,49.39723,5.193721973,50.69,57.91,B,11.582,No,Yes,Low,8,7.6,8,Australia
Male,24,Business,47.96001,4.816045381,50.06,59.43,A,11.886,No,Yes,Low,2,6.8,7,Australia
Male,23,Engineering,85.4648,7.086515978,90.29,90.92,F,18.184,Yes,Yes,High,5,6.7,7,Japan
Male,23,Engineering,65.4077,6.287569573,62.28,67.78,A,13.556,No,Yes,Low,10,5.6,6,Canada
Male,23,Mathematics,70.81774,7.794520548,77.85,79.66,C,15.932,Yes,Yes,Low,10,6.7,7,Japan
Female,20,CS,88.30752,7.547599675,88.16,92.76,F,18.552,Yes,Yes,High,4,5.9,6,Japan
Male,24,Engineering,75.3232,8.332673267,82.53,84.16,B,16.832,Yes,Yes,High,5,8.4,8,Australia
Female,20,Business,53.00365,4.969216418,48.11,53.27,C,10.654,No,No,Low,10,6.9,7,Australia
Male,18,CS,68.666,6.161977835,67.43,72.28,C,14.456,Yes,Yes,Low,4,5.5,6,Canada
Female,21,Engineering,44.67906,4.744888889,49.65,53.38,F,10.676,No,No,Low,3,4.7,5,Canada
Female,22,CS,71.49998,5.924679487,67.73,73.94,A,14.788,Yes,Yes,Low,4,7.5,8,Canada
Female,24,Business,60.66515,5.552823315,55.33,60.97,A,12.194,No,Yes,Low,5,7.3,7,France
Male,18,CS,47.86692,4.151741294,44.11,50.07,B,10.014,No,No,Low,1,5.8,6,Japan
Male,22,CS,73.52526,8.160216022,82.84,90.66,A,18.132,Yes,Yes,High,4,4.8,5,Japan
Male,18,Engineering,97.97765,9.211412535,98.36,98.47,B,19.694,Yes,Yes,High,9,7.6,8,France
Male,20,CS,94.77265,8.190992494,96.12,98.21,C,19.642,Yes,Yes,High,8,5.4,5,Japan
Female,23,CS,55.28096,5.213483146,57.11,64.96,C,12.992,No,Yes,Low,5,8.3,8,Australia
Female,21,Engineering,90.25128,9.107569721,85.08,91.44,A,18.288,Yes,Yes,High,3,7.6,8,US
Female,20,CS,78.56784,7.395594714,77.19,83.94,D,16.788,Yes,Yes,High,2,8.5,9,France
Female,21,Engineering,76.59,7.56302521,85.39,90,D,18,Yes,Yes,High,8,8.9,9,US
Male,24,Engineering,80.86356,7.303006329,82.43,92.31,D,18.462,Yes,Yes,High,8,5.7,6,Canada
Female,22,Engineering,94.75257,7.783805031,95.82,99.01,A,19.802,Yes,Yes,High,5,6.5,7,Japan
Male,18,Engineering,47.05103,4.666936791,55.03,57.59,A,11.518,No,Yes,Low,7,6,6,Japan
Female,19,CS,85.39285,8.155760369,82.16,88.49,B,17.698,Yes,Yes,High,1,4.4,4,Japan
Female,19,CS,69.368,7.481449525,78.31,86.71,C,17.342,Yes,Yes,High,6,6,6,France
Female,21,Business,62.4583,5.442941674,60.4,64.39,A,12.878,No,Yes,Low,10,6.2,6,Australia
Male,23,Business,68.86407,6.84660767,66.2,69.63,D,13.926,No,Yes,Low,9,4.9,5,France
Male,23,CS,48.30764,5.413063477,56.61,58.84,A,11.768,No,Yes,Low,7,8.4,8,France
Female,21,Engineering,95.56434,8.141276596,86.42,95.66,A,19.132,Yes,Yes,High,5,5.5,6,Japan
Female,20,Engineering,83.25742,7.664763458,89.53,93.97,F,18.794,Yes,Yes,High,6,7.8,8,Japan
Female,19,Engineering,67.5459,7.41046832,72.85,80.7,A,16.14,Yes,Yes,High,7,4.4,4,Canada
Male,20,Engineering,66.58598,7.288331726,71.44,75.58,A,15.116,Yes,Yes,Low,6,4.2,4,Japan
Male,22,CS,49.37364,5.782363977,58.64,61.64,D,12.328,No,Yes,Low,5,9,9,France
Male,19,Business,73.99996,7.340442986,84.16,89.48,A,17.896,Yes,Yes,High,2,4.6,5,Japan
Female,22,CS,40.98333,4.304867635,41.24,50.41,F,10.082,No,No,Low,3,7.8,8,Canada
Male,18,Engineering,68.67846,6.489795918,65.04,73.14,D,14.628,Yes,Yes,Low,4,7,7,Japan
Female,20,Business,91.35546,7.797988265,90.42,93.03,D,18.606,Yes,Yes,High,5,6.3,6,Japan
Male,21,Engineering,78.73516,6.46842526,78.21,80.92,D,16.184,Yes,Yes,High,1,4.2,4,US
Female,19,CS,74.97392,7.662605436,76.78,81.76,A,16.352,Yes,Yes,High,10,5.6,6,Japan
Female,20,Mathematics,45.45546,4.491610738,44.71,53.54,B,10.708,No,No,Low,7,8.5,9,Japan
Male,21,Business,52.37276,5.770403587,58.16,64.34,B,12.868,No,Yes,Low,8,8.5,9,France
Female,18,Business,72.22447,6.636796193,79.18,83.69,C,16.738,Yes,Yes,High,7,7,7,Australia
Female,19,Engineering,48.59648,4.175019889,50.77,52.48,F,10.496,No,No,Low,5,6.9,7,US
Female,22,CS,63.42215,5.931372549,62.2,66.55,C,13.31,No,Yes,Low,1,6.1,6,Japan
Male,18,Mathematics,55.7171,6.050044683,67.28,67.7,A,13.54,No,Yes,Low,9,7.9,8,Japan
Female,23,Engineering,66.84648,6.127555192,67.45,74.94,B,14.988,Yes,Yes,Low,2,8.4,8,Japan
Male,21,Business,61.44424,5.96497373,59.37,68.12,B,13.624,No,Yes,Low,10,7.6,8,US
Male,19,CS,70.45599,7.031914894,62.88,72.71,A,14.542,Yes,Yes,Low,1,6.6,7,Canada
Female,19,CS,76.80855,6.571792693,67.59,77.35,D,15.47,Yes,Yes,Low,2,7.2,7,France
Male,24,Mathematics,49.53676,4.605714286,55.12,56.42,F,11.284,No,Yes,Low,4,5.1,5,Japan
Female,24,Engineering,58.4298,5.741245136,58.64,59.02,C,11.804,No,Yes,Low,2,9,9,Japan
Male,18,CS,82.83352,8.939512195,84.53,91.63,C,18.326,Yes,Yes,High,6,8.7,9,France
Female,19,CS,69.63246,6.28141136,68.58,72.99,A,14.598,Yes,Yes,Low,8,8.8,9,US
Male,21,Engineering,61.93264,5.84137931,60.45,67.76,C,13.552,No,Yes,Low,9,4.8,5,France
Female,18,CS,60.9365,5.721468476,68.86,71.69,B,14.338,Yes,Yes,Low,8,7.3,7,Canada
Female,22,Engineering,52.04364,5.702912621,56.41,58.74,B,11.748,No,Yes,Low,8,7.3,7,Japan
Female,18,Engineering,61.55607,4.831644583,58.97,61.99,D,12.398,No,Yes,Low,9,5.8,6,Australia
Female,18,Business,72.7488,6.920547945,70.63,75.78,F,15.156,Yes,Yes,Low,8,8.3,8,Australia
Male,22,CS,67.8141,5.997352162,62.99,67.95,A,13.59,No,Yes,Low,2,7.9,8,US
Male,23,Mathematics,61.00779,6.056650246,63.84,73.77,B,14.754,Yes,Yes,Low,7,7.6,8,France
Female,24,CS,54.50052,4.951765719,47.92,57.49,A,11.498,No,Yes,Low,3,4.1,4,Australia
Male,21,Engineering,52.84748,4.570750988,52.13,57.82,D,11.564,No,Yes,Low,1,9,9,Canada
Female,23,CS,61.7264,6.091549296,62.41,69.2,A,13.84,No,Yes,Low,10,7.6,8,US
Female,23,Business,60.6672,5.432624113,64.39,68.94,A,13.788,No,Yes,Low,9,8.8,9,Canada
Male,23,Mathematics,92.09826,7.801988401,88.27,94.17,C,18.834,Yes,Yes,High,8,4.4,4,Japan
Male,24,Business,42.21439,4.779833488,41.74,51.67,F,10.334,No,No,Low,6,7.5,8,Canada
Female,20,Engineering,88.1814,9.01719457,97.46,99.64,F,19.928,Yes,Yes,High,2,7.7,8,US
Male,24,Engineering,94.01463,8.025430681,87.83,97.83,B,19.566,Yes,Yes,High,1,4.3,4,US
Female,23,Business,69.47611,6.842058563,71.58,77.11,F,15.422,Yes,Yes,Low,10,4.3,4,Canada
Male,20,Mathematics,84.6509,7.283050847,77.03,85.94,B,17.188,Yes,Yes,High,6,7.8,8,France
Male,22,Mathematics,95.59888,7.822150364,95.25,96.76,B,19.352,Yes,Yes,High,5,8,8,Japan
Male,24,CS,61.49648,5.946768061,61.2,62.56,A,12.512,No,Yes,Low,2,8.6,9,Canada
Male,21,Mathematics,54.86052,5.841918295,62.35,65.78,B,13.156,No,Yes,Low,1,7.9,8,Japan
Male,23,CS,46.3287,4.363707777,50.06,55.55,B,11.11,No,Yes,Low,3,5.2,5,Australia
Female,19,CS,63.88123,6.265224359,73.94,78.19,D,15.638,Yes,Yes,Low,5,8.8,9,France
Male,22,CS,54.20195,5.463713478,52.15,57.97,C,11.594,No,Yes,Low,9,5.3,5,Australia
Male,20,CS,90.55452,7.913114754,89.82,96.54,C,19.308,Yes,Yes,High,8,7.6,8,Australia
Female,24,Business,63.92094,6.882692308,68.39,71.58,B,14.316,Yes,Yes,Low,9,6.6,7,US
Female,21,Business,82.92672,9.114909782,92.8,95.98,B,19.196,Yes,Yes,High,5,4.6,5,Japan
Female,18,Business,55.43,5.280455741,60.02,60.25,A,12.05,No,Yes,Low,4,8.6,9,Japan
Male,21,Engineering,73.9431,8.223300971,79.52,84.7,D,16.94,Yes,Yes,High,3,6.9,7,Canada
Male,21,Engineering,79.57908,6.579872204,74.81,82.38,F,16.476,Yes,Yes,High,3,4.5,5,Japan
Female,23,Business,60.39274,6.143985953,66.07,69.98,B,13.996,No,Yes,Low,4,5.9,6,France
Female,23,CS,83.055,8.085178876,89.24,94.92,C,18.984,Yes,Yes,High,5,7.8,8,Japan
Female,24,Business,66.14428,6.028571429,66.06,71.74,F,14.348,Yes,Yes,Low,10,7.1,7,Japan
Female,24,Engineering,58.60176,5.61574508,59.72,59.92,F,11.984,No,Yes,Low,7,5.1,5,Australia
Male,20,Engineering,89.1627,8.470437018,90.01,98.85,A,19.77,Yes,Yes,High,9,6.8,7,Australia
Male,24,Engineering,71.20516,5.65254902,69.78,72.07,A,14.414,Yes,Yes,Low,4,5.5,6,France
Male,20,Business,60.3396,5.835748792,57.75,60.4,D,12.08,No,Yes,Low,5,6.6,7,Australia
Male,23,CS,65.99824,6.54318618,68.06,68.18,B,13.636,No,Yes,Low,5,5.6,6,Canada
Male,23,CS,72.45064,7.197145406,76.53,80.68,B,16.136,Yes,Yes,High,4,6.5,7,Canada
Female,19,Business,71.82,6.731967943,65.64,75.6,B,15.12,Yes,Yes,Low,3,8.2,8,US
Male,19,Engineering,68.92368,7.280498664,76.37,81.76,B,16.352,Yes,Yes,High,7,5.1,5,Canada
Female,22,Business,70.12796,7.636948529,81.56,83.09,A,16.618,Yes,Yes,High,5,4,4,Japan
Female,23,CS,52.18193,4.875868056,54.52,56.17,A,11.234,No,Yes,Low,2,4.8,5,Japan
Female,18,CS,53.64384,6.092678406,65.5,65.74,D,13.148,No,Yes,Low,9,8.2,8,Japan
Male,19,Business,84.55448,7.590277778,87.32,87.44,B,17.488,Yes,Yes,High,1,6.1,6,Japan
Female,20,Engineering,78.394,6.382057231,72.66,82.52,A,16.504,Yes,Yes,High,4,7.7,8,US
Male,21,Engineering,49.7943,4.744551003,52.25,54.42,B,10.884,No,No,Low,7,4.2,4,France
Female,24,CS,62.07744,5.058461538,65.49,65.76,B,13.152,No,Yes,Low,8,4.7,5,Japan
Male,24,CS,94.83174,8.282161235,89.63,96.57,B,19.314,Yes,Yes,High,10,6.8,7,Canada
Female,22,Engineering,92.4483,7.233877234,92.85,93.1,A,18.62,Yes,Yes,High,6,7.6,8,Japan
Male,19,CS,74.00758,6.698476343,77.89,83.53,C,16.706,Yes,Yes,High,7,7.9,8,Japan
Female,21,Business,45.80856,4.939226519,44.77,53.64,A,10.728,No,No,Low,9,7.2,7,Japan
Female,21,Business,67.73505,6.326771654,77.11,80.35,C,16.07,Yes,Yes,High,6,7.8,8,Japan
Female,19,CS,42.71484,4.783553875,47.45,50.61,A,10.122,No,No,Low,7,4.8,5,Japan
Female,18,Engineering,74.83706,7.203816132,77.53,83.06,C,16.612,Yes,Yes,High,2,7.3,7,Japan
Male,18,Engineering,73.48944,8.444878049,79.37,86.56,B,17.312,Yes,Yes,High,7,6.1,6,Japan
Male,22,CS,60.93604,6.886844526,67.4,74.86,B,14.972,Yes,Yes,Low,7,8.6,9,Australia
Male,18,CS,46.27518,4.761859583,48.87,50.19,D,10.038,No,No,Low,2,7.1,7,France
Female,22,Engineering,68.91391,6.540816327,75.24,83.33,F,16.666,Yes,Yes,High,5,6.7,7,Australia
Female,20,Engineering,81.07209,7.830464716,86.88,90.99,F,18.198,Yes,Yes,High,4,6.9,7,Japan
Female,19,Engineering,78.97284,7.01061008,74.02,79.29,D,15.858,Yes,Yes,Low,7,8.2,8,Canada
Female,21,Engineering,82.98166,8.289039767,79.9,85.46,F,17.092,Yes,Yes,High,4,4.1,4,France
Female,22,Business,48.5228,4.647911338,52.2,54.52,A,10.904,No,No,Low,9,8.3,8,Australia
Female,24,Business,74.6199,6.643687064,78.5,85.77,A,17.154,Yes,Yes,High,9,4.1,4,Japan
Male,18,Engineering,78.12728,7.920510304,73.28,80.71,A,16.142,Yes,Yes,High,5,6.9,7,Australia
Male,24,Business,62.557,5.947274352,58.45,66.55,D,13.31,No,Yes,Low,8,6.5,7,France
Male,22,CS,71.20815,7.258397933,74.59,84.27,A,16.854,Yes,Yes,High,3,5.9,6,Australia
Male,23,Business,69.77344,7.799052133,81,82.28,D,16.456,Yes,Yes,High,4,4.6,5,Japan
Male,22,Engineering,77.25102,6.625517813,74.11,79.97,A,15.994,Yes,Yes,Low,2,4.6,5,France
Male,18,Business,58.38105,5.456642066,56.77,59.15,A,11.83,No,Yes,Low,3,7.7,8,Japan
Male,23,Engineering,57.87533,5.239288601,61.88,64.81,D,12.962,No,Yes,Low,4,4.6,5,Japan
Male,23,CS,90.70827,8.78042328,94.35,99.57,B,19.914,Yes,Yes,High,9,7.4,7,France
Female,18,Engineering,65.2106,6.001675042,62.4,71.66,F,14.332,Yes,Yes,Low,4,9,9,US
Female,23,CS,47.673,4.891043398,49.75,52.97,C,10.594,No,No,Low,1,7.4,7,France
Female,19,Engineering,77.2893,9.336283186,88.28,94.95,B,18.99,Yes,Yes,High,2,4.4,4,Japan
Female,21,Engineering,47.68245,5.76129666,56.97,58.65,F,11.73,No,Yes,Low,7,6.7,7,Canada
Female,24,Business,66.81136,5.623397436,64.76,70.18,B,14.036,No,Yes,Low,2,8.2,8,Australia
Female,19,Engineering,59.1075,5.182481752,56.29,63.9,D,12.78,No,Yes,Low,3,8.8,9,France
Female,19,Engineering,81.98865,8.983531565,89.6,98.19,C,19.638,Yes,Yes,High,10,7.6,8,Canada
Male,18,CS,59.8741,5.455265241,64.15,68.9,A,13.78,No,Yes,Low,3,5.5,6,US
Male,18,Mathematics,74.24736,8.199616123,78.36,85.44,D,17.088,Yes,Yes,High,8,5.3,5,Japan
Female,24,Business,74.7252,6.238875878,71.21,79.92,B,15.984,Yes,Yes,Low,7,7.9,8,US
Male,21,Business,45.892,4.017719569,44.98,52.15,D,10.43,No,No,Low,1,7.8,8,Japan
Male,22,CS,56.20664,5.782790309,59.92,69.22,D,13.844,No,Yes,Low,8,6.4,6,US
Male,19,Engineering,60.8125,6.266907124,66.3,69.5,D,13.9,No,Yes,Low,3,4.4,4,Japan
Male,23,CS,90.33692,9.298130841,91.87,99.49,C,19.898,Yes,Yes,High,5,7.4,7,Japan
Male,21,Engineering,79.1844,7.414075286,88.83,90.6,A,18.12,Yes,Yes,High,7,7,7,France
Female,19,CS,86.23907,7.218506998,89.91,92.83,C,18.566,Yes,Yes,High,3,4.1,4,US
Male,22,Engineering,59.50608,6.55489022,60.51,65.68,D,13.136,No,Yes,Low,8,7.2,7,Canada
Female,23,Engineering,61.06755,6.592261905,60.39,66.45,D,13.29,No,Yes,Low,8,4.7,5,Japan
Female,19,CS,68.202,5.985781991,66.13,75.78,A,15.156,Yes,Yes,Low,9,8.1,8,Japan
Female,20,Engineering,70.21455,6.467089611,81.01,81.55,A,16.31,Yes,Yes,High,6,7.4,7,Australia
Male,24,Business,72.67081,7.176910299,79.19,86.41,D,17.282,Yes,Yes,High,2,4.3,4,Australia
Female,21,CS,78.02128,7.643996641,81.36,91.04,C,18.208,Yes,Yes,High,8,6.7,7,Japan
Female,24,Business,81.10956,9.310139165,88.15,93.66,A,18.732,Yes,Yes,High,10,8,8,Australia
Female,18,CS,45.90208,4.454782609,50.49,51.23,D,10.246,No,No,Low,2,8.1,8,Canada
Female,19,CS,74.7136,8.392523364,88.25,89.8,F,17.96,Yes,Yes,High,9,4.4,4,Japan
Male,23,CS,68.8617,8.005964215,73.57,80.54,B,16.108,Yes,Yes,High,2,4.4,4,Japan
Female,23,Business,69.7826,6.084193805,68.62,76.6,B,15.32,Yes,Yes,Low,7,7.9,8,Australia
Female,21,Engineering,67.33434,6.598055105,77.68,81.42,D,16.284,Yes,Yes,High,3,5.2,5,Canada
Female,21,Business,82.1493,8.283450704,92.45,94.1,A,18.82,Yes,Yes,High,1,7,7,Japan
Female,24,Engineering,76.17836,7.04284412,67.93,77.26,B,15.452,Yes,Yes,Low,8,7,7,Australia
Male,23,CS,54.73962,5.188392857,48.66,58.11,A,11.622,No,Yes,Low,7,7.1,7,Australia
Female,23,Business,59.84272,6.530909091,63.51,71.84,D,14.368,Yes,Yes,Low,3,5.7,6,Japan
Female,23,CS,89.38838,7.43011583,88.81,96.22,A,19.244,Yes,Yes,High,1,4.2,4,Australia
Female,19,Business,84.3696,7.943957968,83.82,90.72,C,18.144,Yes,Yes,High,10,6.7,7,US
Female,23,CS,49.74405,5.029264214,51.93,60.15,D,12.03,No,Yes,Low,4,6.6,7,US
Female,18,CS,82.71015,7.639037433,81.36,85.71,C,17.142,Yes,Yes,High,5,6.2,6,Japan
Female,23,Business,60.23479,5.55840708,56.96,62.81,D,12.562,No,Yes,Low,3,5.4,5,France
Male,18,Mathematics,62.23789,5.334651899,66.67,67.43,A,13.486,No,Yes,Low,5,8.2,8,Australia
Female,19,CS,69.1899,7.048944338,70.34,73.45,F,14.69,Yes,Yes,Low,1,5.9,6,France
Male,21,Business,61.16196,5.641346907,62.53,72.04,D,14.408,Yes,Yes,Low,7,4.6,5,US
Male,18,CS,42.09428,4.146655923,50.05,51.46,D,10.292,No,No,Low,2,7.8,8,US
Female,19,Business,72.4679,8.713163065,83.2,88.7,C,17.74,Yes,Yes,High,5,7.2,7,Australia
Male,23,Engineering,77.73344,9.068762279,84.67,92.32,B,18.464,Yes,Yes,High,10,5.5,6,France
Female,19,CS,72.7225,7.087962963,75.48,76.55,A,15.31,Yes,Yes,Low,2,4.8,5,Japan
Male,23,CS,54.13395,4.815270936,51.98,58.65,D,11.73,No,Yes,Low,8,6.2,6,Japan
Female,24,CS,56.784,5.864661654,55.62,62.4,C,12.48,No,Yes,Low,3,4.3,4,US
Male,19,CS,53.10976,5.399808245,54.83,56.32,D,11.264,No,Yes,Low,1,5.1,5,Australia
Male,21,CS,53.74312,5.277978339,54.07,58.48,D,11.696,No,Yes,Low,6,8.8,9,France
Female,18,Engineering,86.40822,7.984680851,87.8,93.82,A,18.764,Yes,Yes,High,8,4.8,5,US
Male,24,Mathematics,60.6882,5.768511302,71.81,74.01,C,14.802,Yes,Yes,Low,7,5.4,5,France
Male,21,CS,53.1058,5.220864662,54.27,55.55,D,11.11,No,Yes,Low,6,4.7,5,Japan
Male,20,Engineering,60.5441,5.863551402,62.33,62.74,B,12.548,No,Yes,Low,5,8.6,9,Australia
Male,23,Engineering,96.11528,7.792166267,87.52,97.48,D,19.496,Yes,Yes,High,8,8.6,9,Japan
Male,18,Mathematics,64.82014,7.405299313,72.15,75.46,B,15.092,Yes,Yes,Low,10,4.3,4,Canada
Female,21,Engineering,62.5185,6.845528455,71.13,75.78,B,15.156,Yes,Yes,Low,4,8.5,9,US
Male,18,Engineering,69.71992,7.590049751,73.65,76.28,B,15.256,Yes,Yes,Low,7,4.7,5,Japan
Male,20,Engineering,48.85482,5.052727273,51.38,55.58,B,11.116,No,Yes,Low,2,6,6,France
Female,22,CS,87.97836,7.894230769,90.13,98.52,D,19.704,Yes,Yes,High,9,6.9,7,France
Female,23,CS,49.01488,5.223506744,47.61,54.22,A,10.844,No,No,Low,8,6.3,6,Japan
Female,23,Engineering,68.935,7.43006993,79.15,85,B,17,Yes,Yes,High,4,4.7,5,Australia
Male,19,CS,43.10535,4.331695332,45.32,52.89,F,10.578,No,No,Low,7,8,8,US
Male,23,Engineering,62.94096,6.628099174,71.35,72.18,B,14.436,Yes,Yes,Low,1,7.4,7,Canada
Male,23,CS,91.08582,8.166809974,90.57,94.98,C,18.996,Yes,Yes,High,5,8.7,9,France
Male,21,Engineering,77.27908,7.70880558,82.75,88.42,F,17.684,Yes,Yes,High,2,5.8,6,France
Female,24,CS,58.78913,5.537759336,57.04,66.73,D,13.346,No,Yes,Low,2,6.2,6,Japan
Female,23,Mathematics,64.46067,6.2056,76.27,77.57,F,15.514,Yes,Yes,Low,2,5.7,6,Japan
Male,23,Business,58.20174,4.555121188,53.66,58.26,A,11.652,No,Yes,Low,2,4.3,4,US
Male,20,CS,79.12829,9.279886148,89.3,97.81,A,19.562,Yes,Yes,High,5,4.3,4,Japan
Male,24,CS,74.40953,7.060330579,79.52,85.43,F,17.086,Yes,Yes,High,4,7.8,8,Canada
Male,20,Engineering,66.44257,5.711554447,62.21,68.71,C,13.742,No,Yes,Low,1,5.4,5,France
Female,18,CS,61.4188,5.857777778,57.27,65.9,B,13.18,No,Yes,Low,6,6.4,6,Australia
Female,18,CS,55.67507,4.771186441,61.19,61.93,A,12.386,No,Yes,Low,3,8.9,9,Japan
Male,23,CS,73.16127,8.411487759,83.7,89.33,D,17.866,Yes,Yes,High,8,4.1,4,Australia
Female,23,Mathematics,63.69624,5.73381295,69.72,71.73,D,14.346,Yes,Yes,Low,2,6.6,7,Canada
Male,19,Business,57.26511,5.346463023,57.74,66.51,B,13.302,No,Yes,High,8,6.6,7,Australia
Male,18,Engineering,76.87482,9.497507478,90.84,95.26,C,19.052,Yes,Yes,High,6,9,9,US
Female,21,Engineering,50.0337,4.816582915,52.56,57.51,F,11.502,No,Yes,Low,5,8.2,8,Japan
Male,23,Mathematics,61.86301,5.452113891,62.79,63.19,A,12.638,No,Yes,Low,10,4.3,4,Canada
Female,21,Mathematics,61.45736,5.204334365,57.4,67.24,A,13.448,No,Yes,High,6,4.8,5,France
Male,23,Mathematics,52.65964,5.664568345,58.06,62.99,D,12.598,No,Yes,Low,6,4.2,4,Japan
Female,21,CS,69.83687,7.786836935,76.59,79.27,D,15.854,Yes,Yes,High,4,5,5,Japan
Male,22,CS,71.0844,7.623809524,73.46,80.05,A,16.01,Yes,Yes,High,1,5.1,5,Japan
Female,21,Engineering,46.25298,4.395,50.62,52.74,D,10.548,No,No,Low,2,4.4,4,Japan
Male,24,Engineering,46.98583,5.221715328,51.73,57.23,F,11.446,No,Yes,Low,8,6.6,7,US
Male,18,CS,59.51049,4.634957463,55.51,59.93,B,11.986,No,Yes,Low,9,8.9,9,Canada
Female,23,CS,43.03008,4.582191781,51.1,53.52,B,10.704,No,No,Low,4,8,8,Japan
Male,18,Business,55.05896,4.865051903,47.73,56.24,C,11.248,No,Yes,Low,8,5,5,Japan
Female,24,Business,53.24082,5.252542373,58.59,61.98,A,12.396,No,Yes,Low,10,7.9,8,Japan
Female,24,CS,65.598,6.5703125,59.5,67.28,C,13.456,No,Yes,High,6,8.9,9,Japan
Male,21,Business,83.92709,7.76169844,86.36,89.57,D,17.914,Yes,Yes,High,1,8.2,8,US
Male,20,Engineering,59.2557,5.079232694,53.46,60.9,B,12.18,No,Yes,Low,6,6.3,6,Japan
Male,20,Business,68.0525,6.606012658,80.18,83.5,C,16.7,Yes,Yes,High,7,5.3,5,Japan
Male,24,Engineering,46.22586,4.701333333,50.88,52.89,C,10.578,No,No,Low,1,7.7,8,US
Female,20,CS,74.20445,6.457165109,80.42,82.91,A,16.582,Yes,Yes,High,9,7.9,8,Australia
Male,23,Engineering,75.56108,6.983657588,82.36,89.74,D,17.948,Yes,Yes,High,6,5.5,6,Canada
Male,19,Engineering,72.37648,6.323089046,72.94,80.24,B,16.048,Yes,Yes,High,8,5.1,5,US
Male,22,Engineering,57.0665,5.59310987,59.49,60.07,B,12.014,No,Yes,Low,8,7.4,7,Australia
Female,21,CS,63.39356,6.063810392,60.25,66.52,A,13.304,No,Yes,High,9,8.4,8,Japan
Male,19,Mathematics,77.89438,7.604043808,86.29,90.26,D,18.052,Yes,Yes,High,1,4.1,4,Japan
Female,20,CS,69.81,5.986622074,64.23,71.6,B,14.32,Yes,Yes,High,6,8.9,9,France
Male,21,CS,59.43372,5.065375303,53.44,62.76,C,12.552,No,Yes,Low,9,5,5,Australia
Female,19,Engineering,85.13103,9.133270321,87.6,96.63,D,19.326,Yes,Yes,High,8,5.7,6,France
Male,18,Engineering,67.29714,6.68872549,80.18,81.87,C,16.374,Yes,Yes,High,4,4.3,4,Australia
Male,20,Engineering,72.59316,7.899387577,84.05,90.29,B,18.058,Yes,Yes,High,5,4.3,4,France
Female,19,Business,41.59876,4.033858268,45.26,51.23,C,10.246,No,No,Low,9,5.4,5,Japan
Male,23,Engineering,58.86663,6.552837573,62.44,66.97,A,13.394,No,Yes,High,5,6.8,7,US
Male,18,Engineering,64.98954,6.913744076,66.04,72.94,D,14.588,Yes,Yes,High,9,8.5,9,US
Male,20,Business,74.76654,6.581260365,75.32,79.37,D,15.874,Yes,Yes,High,1,4.3,4,Canada
Female,22,CS,57.834,5.433789954,57.67,59.5,A,11.9,No,Yes,Low,10,6.7,7,Australia
Male,24,Engineering,60.5192,7.460159363,70.11,74.9,A,14.98,Yes,Yes,High,9,6.1,6,Canada
Female,20,Business,73.07076,6.785829308,74.43,84.28,A,16.856,Yes,Yes,High,10,8.9,9,Canada
Female,23,CS,56.45631,5.775965665,65.39,67.29,A,13.458,No,Yes,High,9,4.9,5,Japan
Female,22,Engineering,76.02843,6.596723869,82.14,84.57,C,16.914,Yes,Yes,High,6,5.8,6,US
Male,22,Mathematics,62.25408,6.036490009,62.36,69.48,D,13.896,No,Yes,High,7,4.2,4,Australia
Female,22,CS,72.44142,6.601078167,72.94,73.47,F,14.694,Yes,Yes,High,6,8.6,9,Canada
Female,21,Engineering,53.70437,5.33992467,47.88,56.71,A,11.342,No,Yes,Low,4,7.1,7,US
Male,21,Mathematics,72.15744,6.434918161,81.87,82.56,C,16.512,Yes,Yes,High,7,6.9,7,France
Female,24,CS,50.31462,5.285837651,53.99,61.21,A,12.242,No,Yes,Low,2,4.2,4,US
Female,22,CS,90.61704,9.080436941,84.85,91.44,C,18.288,Yes,Yes,High,3,4.5,5,France
Male,24,Business,63.92241,7.165129151,70.33,77.67,A,15.534,Yes,Yes,High,4,8,8,Australia
Male,18,Business,75.59169,7.685714286,76.62,78.01,B,15.602,Yes,Yes,High,3,6.7,7,Canada
Female,22,Engineering,90.16966,7.668003208,92.53,95.62,F,19.124,Yes,Yes,High,9,5,5,Japan
Male,19,Engineering,50.1982,4.707258065,51.13,58.37,A,11.674,No,Yes,Low,4,6.7,7,France
Male,22,Business,66.10464,6.670444638,71.68,76.51,B,15.302,Yes,Yes,High,10,8.8,9,Australia
Male,21,Business,56.73931,6.904095904,64.18,69.11,D,13.822,No,Yes,High,1,4.5,5,Canada
Female,21,CS,93.10904,8.425021422,93.68,98.32,B,19.664,Yes,Yes,High,8,8.9,9,France
Female,19,CS,76.37328,8.928286853,87.04,89.64,A,17.928,Yes,Yes,High,4,7.9,8,Canada
Male,19,Engineering,78.30108,7.156351792,86.14,87.88,C,17.576,Yes,Yes,High,9,4.7,5,France
Female,20,Business,56.5974,5.483606557,52.58,60.21,A,12.042,No,Yes,Low,9,8.1,8,France
Male,18,Business,56.9204,6.012633625,61.57,61.87,F,12.374,No,Yes,Low,9,7.7,8,France
Male,18,Mathematics,47.0859,4.256410256,46.28,51.46,B,10.292,No,No,Low,9,6.9,7,Canada
Male,18,Business,74.63823,6.787903894,78.35,81.93,C,16.386,Yes,Yes,High,7,7.9,8,Canada
Male,23,Engineering,66.34672,6.411599626,66.88,68.54,C,13.708,No,Yes,High,9,4.7,5,Australia
Male,21,Engineering,56.416,5.68457539,64.8,65.6,C,13.12,No,Yes,High,7,7.6,8,Canada
Female,18,Business,72.60095,8.048180924,79.76,81.85,D,16.37,Yes,Yes,High,8,7.2,7,Australia
Female,20,Business,79.5441,7.273667462,88.27,91.43,D,18.286,Yes,Yes,High,2,5.4,5,Japan
Female,20,Engineering,48.54905,4.374517375,50.61,56.65,D,11.33,No,Yes,Low,4,7.5,8,France
Female,18,CS,80.29341,8.857802401,90.46,95.93,B,19.186,Yes,Yes,High,4,7.4,7,Japan
Male,19,Mathematics,43.53982,4.397108844,49.95,51.71,C,10.342,No,No,Low,4,5.2,5,Australia
Male,20,Engineering,46.71028,4.55195345,49.3,54.76,D,10.952,No,No,Low,3,4.7,5,Japan
Female,24,CS,89.1527,7.412096774,86.09,91.91,C,18.382,Yes,Yes,High,1,5.8,6,Australia
Female,19,Engineering,74.19216,6.083129584,67.97,74.64,C,14.928,Yes,Yes,High,6,6,6,US
Male,24,Engineering,89.49408,9.019534884,92.35,96.96,D,19.392,Yes,Yes,High,5,8.1,8,Canada
Male,21,CS,64.60272,7.013435701,67.27,73.08,F,14.616,Yes,Yes,High,3,6.2,6,Japan
Male,23,Business,89.76092,8.210571185,89.96,96.31,F,19.262,Yes,Yes,High,7,7.7,8,Japan
Female,20,CS,50.94756,5.691460055,61.19,61.98,B,12.396,No,Yes,Low,6,6.3,6,Japan
Male,19,CS,70.95996,6.735,77.74,80.82,B,16.164,Yes,Yes,High,4,4.3,4,Japan
Male,24,Engineering,84.86172,7.845790716,93.63,99.72,B,19.944,Yes,Yes,High,9,7.3,7,France
Female,18,Business,65.016,5.46899841,62.57,68.8,B,13.76,No,Yes,High,4,8.5,9,Australia
Female,24,Mathematics,47.0658,3.94873817,41.88,50.07,A,10.014,No,No,Low,9,6.6,7,Japan
Female,24,Business,49.9016,4.300727567,49.23,53.2,D,10.64,No,No,Low,3,7.5,8,Australia
Male,21,Mathematics,80.21585,7.471864952,83.2,92.95,D,18.59,Yes,Yes,High,7,7.9,8,Canada
Male,22,CS,72.20312,6.375213675,73.01,74.59,F,14.918,Yes,Yes,High,7,6.3,6,US
Female,22,CS,64.1614,6.903863432,68.95,76.84,F,15.368,Yes,Yes,High,1,5.2,5,Australia
Male,18,Engineering,86.28123,8.934458788,87.07,89.97,A,17.994,Yes,Yes,High,1,8.3,8,US
Male,21,CS,80.79736,7.828867761,88.56,90.58,C,18.116,Yes,Yes,High,2,8.1,8,France
Male,21,Business,59.68696,6.462817148,71.19,73.87,F,14.774,Yes,Yes,High,4,8.3,8,France
Female,21,Engineering,80.9159,7.76106934,87.2,92.9,C,18.58,Yes,Yes,High,2,8.1,8,Japan
Female,21,Mathematics,62.26016,6.754369825,70.42,73.42,A,14.684,Yes,Yes,High,10,4.7,5,Australia
Male,22,CS,67.75375,7.517953321,80.1,83.75,C,16.75,Yes,Yes,High,10,6.1,6,Australia
Male,19,Engineering,48.87982,4.613392857,47.64,51.67,A,10.334,No,No,Low,5,5,5,Japan
Male,21,Engineering,46.5442,4.407436096,52.28,56.9,A,11.38,No,Yes,Low,2,4.8,5,US
Male,19,CS,89.14491,7.575286416,90.07,92.57,A,18.514,Yes,Yes,High,8,7.9,8,Canada
Female,24,Engineering,65.06906,5.174152876,62.75,65.66,A,13.132,No,Yes,High,6,6.4,6,Canada
Female,24,Engineering,55.12724,5.969588551,58.94,66.74,B,13.348,No,Yes,High,3,4.5,5,Japan
Male,21,Engineering,68.09985,6.832374692,79.51,83.15,A,16.63,Yes,Yes,High,2,6,6,Japan
Male,20,CS,76.04665,7.078222222,79.48,79.63,B,15.926,Yes,Yes,High,9,9,9,France
Female,23,CS,43.45033,4.230648944,44.75,54.11,F,10.822,No,No,Low,1,5.1,5,Japan
Male,20,Engineering,82.1097,8.063013699,87.96,88.29,B,17.658,Yes,Yes,High,6,6,6,Japan
Female,24,CS,68.89272,7.08056042,72.01,80.86,F,16.172,Yes,Yes,High,7,7,7,Australia
Male,23,CS,74.86539,7.180340557,88.85,92.77,D,18.554,Yes,Yes,High,9,5,5,Japan
Female,20,CS,63.94941,6.201130856,73.32,76.77,B,15.354,Yes,Yes,High,7,8.8,9,Canada
Male,21,CS,64.42592,5.908103592,68.5,70.72,C,14.144,No,Yes,High,4,7.2,7,Canada
Male,19,CS,65.1415,6.222323049,65.54,68.57,B,13.714,No,Yes,High,2,5.1,5,Japan
Female,23,CS,49.76802,4.751182592,46.91,50.22,D,10.044,No,No,Low,6,6.2,6,Japan
Female,22,Engineering,43.51563,4.383642496,46.67,51.99,A,10.398,No,No,Low,10,5.8,6,Canada
Male,18,Engineering,48.18912,5.422818792,54.23,56.56,F,11.312,No,Yes,Low,7,4.6,5,Australia
Male,23,Engineering,77.28048,9.145023697,92.98,96.48,A,19.296,Yes,Yes,High,6,5.4,5,Japan
Female,23,Business,83.96879,7.504389465,88.94,94.03,C,18.806,Yes,Yes,High,4,6.8,7,Japan
Female,22,Engineering,71.56616,6.931481481,71.64,74.86,B,14.972,Yes,Yes,High,7,4.4,4,Canada
Male,21,Engineering,56.41356,5.162729659,49.14,59.01,F,11.802,No,Yes,Low,10,4.2,4,Australia
Male,20,Business,50.03163,5.553294574,55.26,57.31,A,11.462,No,Yes,Low,6,6.7,7,Japan
Female,20,Engineering,58.97859,4.884136858,60.28,62.81,B,12.562,No,Yes,Low,6,6.2,6,France
Female,24,Business,84.27352,8.820702403,88.51,95.44,D,19.088,Yes,Yes,High,2,4.9,5,Australia
Female,19,Engineering,74.92895,6.749778172,71.21,76.07,C,15.214,Yes,Yes,High,2,7.6,8,Canada
Female,21,Engineering,86.4116,7.560771165,81.09,90.2,D,18.04,Yes,Yes,High,6,4.4,4,Japan
Female,22,Business,64.86774,7.175238095,70.9,75.34,D,15.068,Yes,Yes,High,1,5.4,5,Canada
Male,21,CS,74.43475,7.335460346,71.35,80.47,F,16.094,Yes,Yes,High,8,4.5,5,Canada
Male,21,CS,69.2386,6.946505608,78.07,80.51,B,16.102,Yes,Yes,High,9,7.6,8,Australia
Female,20,CS,51.26058,4.709589041,47.14,51.57,B,10.314,No,No,Low,8,7.2,7,France
Male,22,CS,65.17852,6.316433566,67.46,72.26,A,14.452,Yes,Yes,High,10,4.9,5,Canada
Male,18,CS,79.4064,9.164208456,86.12,93.2,A,18.64,Yes,Yes,High,6,6.8,7,Japan
Female,23,Engineering,73.8544,6.023462783,65.28,74.45,A,14.89,Yes,Yes,High,10,7.5,8,Canada
Male,20,Business,69.18628,5.529275809,62.96,71.77,D,14.354,Yes,Yes,High,1,4.2,4,Japan
Male,22,Business,76.25367,7.498035363,73.76,76.33,D,15.266,Yes,Yes,High,8,7.3,7,Canada
Male,19,CS,55.64624,5.622149837,64.12,69.04,D,13.808,No,Yes,High,2,5.6,6,France
Female,23,Mathematics,65.61682,7.313706564,73.03,75.77,D,15.154,Yes,Yes,High,4,4.7,5,Japan
Female,23,Engineering,53.07995,4.477129338,55.98,56.77,C,11.354,No,Yes,Low,1,8.1,8,US
Male,20,CS,93.0864,9.144981413,90.17,98.4,A,19.68,Yes,Yes,High,1,7,7,France
Male,24,Business,51.24461,4.259472817,42.16,51.71,F,10.342,No,No,Low,5,6.7,7,Australia
Male,19,Business,73.93752,6.892193309,69.82,74.16,D,14.832,Yes,Yes,High,6,8.2,8,US
Male,20,Business,54.692,4.954954955,57.52,60.5,F,12.1,No,Yes,Low,9,5.3,5,Canada
Male,21,CS,47.57508,4.484745763,46.32,52.92,B,10.584,No,No,Low,3,4.1,4,Japan
Male,24,Engineering,70.94481,7.393912265,72.72,82.59,D,16.518,Yes,Yes,High,2,8.7,9,Canada
Female,22,Business,79.70578,7.815748031,91.79,99.26,B,19.852,Yes,Yes,High,2,5.3,5,France
Male,19,Engineering,76.37004,7.271820449,87.4,87.48,D,17.496,Yes,Yes,High,8,7.2,7,France
Male,23,Engineering,58.2483,5.715587967,57.83,62.7,A,12.54,No,Yes,Low,9,8.9,9,Japan
Female,20,Engineering,64.58955,6.769718948,70.26,74.67,D,14.934,Yes,Yes,High,8,5.2,5,France
Male,23,Business,42.14947,5.125976563,50.79,52.49,B,10.498,No,No,Low,3,9,9,France
Male,19,CS,73.44022,7.251893939,71.18,76.58,A,15.316,Yes,Yes,High,10,6.7,7,Japan
Male,23,Engineering,47.10929,4.383572568,52.73,54.97,A,10.994,No,No,Low,10,8.8,9,France
Male,20,CS,86.58945,7.954787234,83.13,89.73,C,17.946,Yes,Yes,High,8,4.4,4,Australia
Female,24,Engineering,45.01968,4.282009724,44.85,52.84,A,10.568,No,No,Low,10,6.7,7,Japan
Male,20,Business,46.9371,4.25907173,48.03,50.47,A,10.094,No,No,Low,6,8.7,9,France
Female,18,CS,82.3758,7.187644788,84.55,93.08,A,18.616,Yes,Yes,High,6,4.8,5,US
Male,23,Engineering,84.01745,7.612068966,95.65,97.13,F,19.426,Yes,Yes,High,9,5.4,5,Japan
Male,18,Engineering,44.71359,4.339456869,49.79,54.33,A,10.866,No,No,Low,8,5.1,5,Canada
Female,24,CS,53.4622,5.976635514,63.54,63.95,B,12.79,No,Yes,Low,1,8.8,9,France
Male,18,Engineering,82.90016,8.348993289,84.91,87.08,A,17.416,Yes,Yes,High,7,5.3,5,Australia
Female,23,CS,64.50924,7.094930876,70.15,76.98,A,15.396,Yes,Yes,High,6,4.6,5,Canada
Female,19,Engineering,92.00224,7.525868726,89.88,97.46,F,19.492,Yes,Yes,High,5,8,8,Japan
Female,21,CS,62.23616,6.730620155,63.06,69.46,B,13.892,No,Yes,High,3,6.6,7,France
Male,24,Business,48.06286,4.693171188,47.65,50.17,C,10.034,No,No,Low,1,6.9,7,France
Male,20,Business,50.73505,4.58131177,50.54,50.99,D,10.198,No,No,Low,8,7,7,Japan
Male,22,Engineering,72.60672,7.685658153,77.24,78.24,C,15.648,Yes,Yes,High,3,7.1,7,Australia
Male,24,CS,70.78888,7.964545455,80.28,87.61,D,17.522,Yes,Yes,High,7,6.3,6,Japan
Female,18,Mathematics,75.74238,7.492050209,81.03,89.53,A,17.906,Yes,Yes,High,6,8.9,9,Australia
Male,19,Engineering,79.52256,8.966228893,92.39,95.58,D,19.116,Yes,Yes,High,2,4.9,5,US
Male,23,CS,50.32755,6.030421982,58.93,61.45,F,12.29,No,Yes,Low,2,8.8,9,Japan
Female,19,Business,84.66008,7.410059676,77.98,86.92,C,17.384,Yes,Yes,High,3,5.5,6,Japan
Female,19,CS,86.0517,7.957317073,83.27,91.35,A,18.27,Yes,Yes,High,3,4.9,5,France
Male,23,Engineering,73.99886,8.248876909,82.12,91.81,B,18.362,Yes,Yes,High,2,7.1,7,France
Female,22,Engineering,69.59188,6.017050298,67.38,70.58,C,14.116,No,Yes,High,8,8.5,9,France
Female,23,Engineering,66.9912,8.121878122,75.1,81.3,D,16.26,Yes,Yes,High,1,5.8,6,Japan
Female,22,Business,64.23624,6.137658228,73.01,77.58,F,15.516,Yes,Yes,High,3,4.4,4,Canada
Female,23,Engineering,67.49015,6.488220959,74.57,79.87,A,15.974,Yes,Yes,High,1,6.7,7,France
Female,18,CS,52.6261,5.297520661,54.78,64.1,B,12.82,No,Yes,Low,4,8.9,9,Australia
Male,22,Mathematics,79.69952,6.972659486,75.11,84.16,B,16.832,Yes,Yes,High,1,5.9,6,US
Male,18,Mathematics,70.965,7.307692308,78.22,85.5,B,17.1,Yes,Yes,High,1,4.1,4,Australia
Male,24,Engineering,56.3316,5.684410646,56.09,59.8,D,11.96,No,Yes,Low,4,6.5,7,Canada
Male,22,Engineering,70.59204,7.174950298,65.8,72.18,D,14.436,Yes,Yes,High,6,5.9,6,France
Male,22,CS,61.72348,6.494063927,70.84,71.11,C,14.222,Yes,Yes,High,6,4.3,4,Japan
Male,23,Business,72.32115,7.31187291,79.25,87.45,D,17.49,Yes,Yes,High,4,8.4,8,Canada
Male,22,CS,72.91375,6.67173739,79.28,83.33,D,16.666,Yes,Yes,High,7,7.1,7,Australia
Female,18,CS,62.81231,5.735042735,69.32,73.81,B,14.762,Yes,Yes,High,8,4.8,5,Japan
Male,24,Engineering,72.54914,8.014548982,78.34,82.63,D,16.526,Yes,Yes,High,2,8.6,9,Japan
Male,23,CS,54.36354,4.886996904,58.03,63.14,D,12.628,No,Yes,Low,9,6.9,7,US
Male,20,CS,56.75202,5.376963351,54.56,61.62,A,12.324,No,Yes,Low,5,7.4,7,US
Female,24,Engineering,56.606,4.855129209,57.81,62,C,12.4,No,Yes,Low,6,6.9,7,Japan
Male,24,CS,47.8671,5.041136141,50.09,51.47,C,10.294,No,No,Low,1,8.9,9,Australia
Male,18,CS,74.2349,6.824051655,84.55,84.55,D,16.91,Yes,Yes,High,4,8.5,9,Japan
Female,24,CS,96.70846,9.547115385,89.99,99.29,C,19.858,Yes,Yes,High,7,4.1,4,Australia
Male,20,CS,55.5016,5.711169284,60.38,65.45,D,13.09,No,Yes,High,6,4.1,4,Canada
Male,19,Business,95.42861,7.909016393,93.58,96.49,F,19.298,Yes,Yes,High,2,6.4,6,Japan
Female,23,Business,68.76248,7.486486486,78.07,80.33,F,16.066,Yes,Yes,High,7,5.6,6,Japan
Male,19,Engineering,57.575,4.73704563,52.06,61.25,D,12.25,No,Yes,Low,9,6.7,7,Japan
Female,23,Engineering,46.5428,4.869104909,46.55,50.59,A,10.118,No,No,Low,9,5.7,6,Canada
Male,24,CS,82.65621,7.593832599,85.31,86.19,A,17.238,Yes,Yes,High,3,8.4,8,France
Male,23,CS,72.52965,8.010387158,82.18,84.83,A,16.966,Yes,Yes,High,6,4.8,5,France
Male,18,CS,57.83386,5.875717017,54.71,61.46,F,12.292,No,Yes,Low,1,4.3,4,Canada
Female,20,Engineering,58.70984,5.153905646,60.12,66.64,D,13.328,No,Yes,High,4,5.7,6,Australia
Female,23,Business,78.8619,7.525773196,94.62,94.9,A,18.98,Yes,Yes,High,5,4.7,5,Japan
Female,20,Engineering,49.58602,5.298534799,50.94,57.86,F,11.572,No,Yes,Low,9,7,7,Japan
Male,23,CS,88.00743,7.237381703,82.69,91.77,C,18.354,Yes,Yes,High,3,6.4,6,Japan
Male,20,CS,48.46334,4.879799666,49.68,58.46,A,11.692,No,Yes,Low,9,7.5,8,France
Female,19,Business,72.97865,7.158454106,70.23,74.09,F,14.818,Yes,Yes,High,5,4.4,4,Japan
Female,18,CS,60.33475,6.103420195,73.55,74.95,D,14.99,Yes,Yes,High,3,7.8,8,Australia
Male,23,Business,68.1536,6.833797586,72.62,73.6,A,14.72,Yes,Yes,High,2,5.4,5,Canada
Male,21,Engineering,55.4484,5.674008811,62.57,64.4,B,12.88,No,Yes,Low,9,7.4,7,US
Male,20,Business,57.53106,6.260739261,62.29,62.67,F,12.534,No,Yes,Low,6,5.5,6,Canada
Male,20,Mathematics,74.87424,6.823622047,86.02,86.66,B,17.332,Yes,Yes,High,6,8.2,8,US
Female,21,Mathematics,56.38152,6.228515625,56.57,63.78,C,12.756,No,Yes,Low,2,8.2,8,US
Male,18,Engineering,75.67,7.666666667,77.43,80.5,A,16.1,Yes,Yes,High,8,5.5,6,US
Male,20,Engineering,82.91234,7.433977456,88.99,92.33,D,18.466,Yes,Yes,High,5,8.5,9,Japan
Male,18,CS,89.92115,8.865830116,89.44,91.85,B,18.37,Yes,Yes,High,10,5.6,6,Canada
Male,20,Mathematics,55.7338,5.000856898,52.01,58.36,A,11.672,No,Yes,Low,6,8.5,9,Japan
Male,24,Engineering,69.9153,7.668211307,77.14,82.74,F,16.548,Yes,Yes,High,9,5,5,Canada
Male,22,CS,67.13218,6.823679727,72.47,80.11,A,16.022,Yes,Yes,High,8,5.4,5,France
Male,24,Engineering,56.408,5.355054302,58.08,64.1,B,12.82,No,Yes,Low,9,8.4,8,Japan
Female,20,CS,62.68257,6.575614367,67.59,69.57,C,13.914,No,Yes,High,7,4.4,4,Japan
Female,22,Engineering,60.78996,5.157303371,63.27,64.26,C,12.852,No,Yes,Low,1,7.5,8,Australia
Female,23,Engineering,66.47525,7.616451933,73.94,76.85,F,15.37,Yes,Yes,High,1,7.4,7,France
Male,18,CS,89.7291,7.648854962,87.92,90.18,A,18.036,Yes,Yes,High,4,8.9,9,Australia
Female,20,CS,75.94892,8.93244529,89.4,93.88,A,18.776,Yes,Yes,High,2,8.9,9,Australia
Male,19,Mathematics,73.56356,7.52972028,77.58,86.14,B,17.228,Yes,Yes,High,9,6.4,6,Japan
Male,19,Business,60.96774,6.8359447,69.91,74.17,A,14.834,Yes,Yes,High,4,7.3,7,France
Male,21,Business,84.4877,9.645320197,94.81,97.9,B,19.58,Yes,Yes,High,5,4.8,5,Canada
Male,19,CS,74.43688,6.787326389,73.52,78.19,B,15.638,Yes,Yes,High,2,5.1,5,Japan
Female,22,Business,68.38525,6.125103563,70.09,73.93,D,14.786,Yes,Yes,High,9,6.8,7,Australia
Male,19,Engineering,76.22164,8.179735683,85.13,92.84,D,18.568,Yes,Yes,High,8,5.2,5,Canada
Male,19,CS,57.63079,4.854918033,57.8,59.23,F,11.846,No,Yes,Low,7,5.1,5,France
Female,19,CS,48.0487,5.025173611,52.97,57.89,A,11.578,No,Yes,Low,7,4.1,4,Japan
Female,20,CS,84.31698,8.807312253,87.79,89.13,B,17.826,Yes,Yes,High,8,4.4,4,Canada
Female,21,CS,80.24874,7.423015873,92.09,93.53,F,18.706,Yes,Yes,High,10,7.6,8,US
Male,18,Mathematics,44.5212,4.534234996,48.82,53.64,B,10.728,No,No,Low,10,4.1,4,France
Female,21,CS,73.206,7.54491018,88.07,88.2,A,17.64,Yes,Yes,High,7,8.5,9,US
Male,22,Engineering,65.30874,7.030602172,61.84,71.22,D,14.244,Yes,Yes,High,10,4.4,4,US
Male,20,Engineering,80.50455,8.230917874,78.88,85.19,F,17.038,Yes,Yes,High,7,4.8,5,US
Female,23,CS,52.94775,4.569243156,47.67,56.75,F,11.35,No,Yes,Low,6,5.7,6,France
Female,20,Engineering,80.20245,7.904647436,96.88,98.65,A,19.73,Yes,Yes,High,9,7.6,8,Japan
Female,24,CS,85.5946,7.728841413,84.91,94.06,A,18.812,Yes,Yes,High,4,7.5,8,Australia
Male,19,Business,70.0188,5.838870432,67.73,70.3,D,14.06,No,Yes,High,5,5.2,5,US
Male,19,CS,84.44564,8.27534965,86.35,94.67,C,18.934,Yes,Yes,High,6,5.6,6,Australia
Male,22,Engineering,81.6745,8.905075188,85.94,94.75,D,18.95,Yes,Yes,High,7,8.1,8,Japan
Male,23,Business,61.88182,5.62,67.41,73.06,A,14.612,Yes,Yes,High,5,6.5,7,Australia
Male,24,Business,94.22512,8.501310044,90.36,97.34,A,19.468,Yes,Yes,High,5,6.3,6,Japan
Male,20,Business,81.93836,9.766798419,90.04,98.84,B,19.768,Yes,Yes,High,10,7.2,7,Japan
Female,23,Engineering,56.9041,5.458295964,51.31,60.86,D,12.172,No,Yes,Low,10,6.3,6,Canada
Male,18,CS,52.10341,4.765862377,52.39,53.33,F,10.666,No,No,Low,6,6.2,6,Japan
Female,21,Engineering,54.44608,6.629482072,65.95,66.56,B,13.312,No,Yes,High,10,8,8,Canada
Female,20,Business,70.94132,7.076045627,72.18,74.44,F,14.888,Yes,Yes,High,9,8.7,9,Australia
Female,23,Business,47.30958,4.629661017,49.46,54.63,D,10.926,No,No,Low,6,6.7,7,US
Female,18,CS,54.80583,5.046902655,51.88,57.03,A,11.406,No,Yes,Low,8,5.4,5,Japan
Female,18,CS,85.17312,8.340101523,90.19,98.58,D,19.716,Yes,Yes,High,4,8.7,9,Japan
Male,24,Business,77.92239,7.798025135,79.07,86.87,D,17.374,Yes,Yes,High,7,7.5,8,Japan
Male,24,Engineering,82.5,7.335680751,84.17,93.75,B,18.75,Yes,Yes,High,5,7.3,7,Japan
Male,21,CS,91.75936,8.984503191,94.32,98.56,F,19.712,Yes,Yes,High,4,7,7,Japan
Male,18,Engineering,60.91644,5.337722696,68.28,68.91,D,13.782,No,Yes,High,2,7.7,8,Japan
Female,22,Engineering,73.25052,6.877750611,83.62,84.39,A,16.878,Yes,Yes,High,9,7.9,8,Canada
Female,18,Mathematics,58.5488,5.225066196,58.64,59.2,B,11.84,No,Yes,Low,5,8,8,Australia
Female,23,Engineering,69.97716,6.932975871,77.42,77.58,A,15.516,Yes,Yes,High,6,8.9,9,US
Male,24,CS,52.92875,5.766444233,51.23,60.49,A,12.098,No,Yes,Low,1,6.1,6,Canada
Male,22,CS,49.20096,5.157333333,49.87,58.02,A,11.604,No,Yes,Low,4,5.2,5,Japan
Male,24,CS,50.36164,5.337220603,45.79,54.92,D,10.984,No,No,Low,5,6,6,Japan
Male,24,Engineering,70.93302,7.027580071,77.1,78.99,B,15.798,Yes,Yes,High,4,7.8,8,Japan
Female,24,Engineering,88.22845,8.658081705,92.84,97.49,C,19.498,Yes,Yes,High,2,6.7,7,Japan
Female,18,CS,49.04014,5.571996028,52.24,56.11,D,11.222,No,Yes,Low,1,8.3,8,France
Male,19,Engineering,61.89888,6.749326146,72.6,75.12,D,15.024,Yes,Yes,High,9,5.2,5,Japan
Male,18,Business,84.0126,7.731439047,78.35,84.35,C,16.87,Yes,Yes,High,4,7.7,8,France
Female,24,CS,60.05637,7.31085044,70.16,74.79,A,14.958,Yes,Yes,High,8,5.2,5,France
Female,22,CS,85.93541,9.298638132,88.07,95.59,F,19.118,Yes,Yes,High,8,8,8,Japan
Female,18,Mathematics,51.54604,4.488837567,52.19,58.31,B,11.662,No,Yes,Low,4,6.2,6,Canada
Female,24,CS,46.90836,4.928777671,50.96,51.21,C,10.242,No,No,Low,8,8.9,9,Australia
Male,24,Business,61.27576,6.109540636,67.61,69.16,D,13.832,No,Yes,High,4,7.3,7,Canada
Female,18,Engineering,71.70394,6.590677966,70.81,77.77,A,15.554,Yes,Yes,High,6,7.7,8,US
Female,18,Business,52.50501,4.893135725,52.9,62.73,C,12.546,No,Yes,Low,5,4.2,4,Japan
Female,22,Business,50.06594,4.856192851,54.93,58.42,F,11.684,No,Yes,Low,1,7.5,8,France
Female,18,Engineering,79.59168,8.064343164,89.13,90.24,B,18.048,Yes,Yes,High,9,6.1,6,Japan
Male,21,Business,55.03218,5.149913345,51.54,59.43,A,11.886,No,Yes,Low,6,5.6,6,Australia
Male,23,Mathematics,68.88415,5.873778502,64.34,72.13,D,14.426,Yes,Yes,High,10,8,8,US
Male,21,Engineering,86.87308,7.528505393,91.02,97.72,A,19.544,Yes,Yes,High,9,5.1,5,Australia
Male,22,CS,71.60832,7.086115993,79.41,80.64,F,16.128,Yes,Yes,High,4,4.9,5,Japan
Male,19,CS,74.44066,6.704565801,71.44,74.89,A,14.978,Yes,Yes,High,4,5.8,6,Canada
Male,21,Business,59.98482,6.495702006,67.19,68.01,B,13.602,No,Yes,High,4,7.1,7,Japan
Female,24,Engineering,72.82716,6.475298126,69.23,76.02,B,15.204,Yes,Yes,High,2,5.3,5,Australia
Female,23,CS,83.2512,6.959871589,80.34,86.72,C,17.344,Yes,Yes,High,3,6.8,7,US
Female,20,CS,79.46536,7.829037801,81.27,91.13,B,18.226,Yes,Yes,High,5,5.9,6,Australia
Female,23,Engineering,77.5406,7.248681898,76.5,82.49,A,16.498,Yes,Yes,High,4,6,6,US
Male,21,CS,85.84968,7.301794454,81.98,89.52,D,17.904,Yes,Yes,High,1,5,5,Japan
Female,20,Engineering,48.21612,5.232692308,46.09,54.42,A,10.884,No,No,Low,8,5.6,6,France
Male,22,Business,42.75696,4.636197441,40.9,50.72,C,10.144,No,No,Low,4,5.4,5,Japan
Female,23,Engineering,70.32992,7.62708883,84.08,86.72,C,17.344,Yes,Yes,High,4,5.2,5,France
Female,19,CS,54.8883,6.137159533,54.69,63.09,C,12.618,No,Yes,Low,7,4.4,4,Japan
Female,20,CS,77.07548,8.815023474,86.96,93.88,D,18.776,Yes,Yes,High,6,6.2,6,Japan
Male,20,CS,63.42854,6.08961142,70.87,76.79,A,15.358,Yes,Yes,High,2,5.2,5,Japan
Female,23,CS,69.12455,6.468066492,65.14,73.93,A,14.786,Yes,Yes,High,4,8.8,9,Australia
Male,21,Engineering,85.62624,8.307403936,79.73,88.64,D,17.728,Yes,Yes,High,2,7,7,Canada
Male,20,Engineering,86.3536,8.635912698,78.93,87.05,B,17.41,Yes,Yes,High,3,6.3,6,US
Female,22,CS,73.62144,8.353921569,80.39,85.21,B,17.042,Yes,Yes,High,10,5.7,6,Canada
Male,23,CS,79.092,7.444933921,75.91,84.5,A,16.9,Yes,Yes,High,6,6.3,6,Japan
Male,22,CS,75.46692,6.410321489,69.78,75.77,C,15.154,Yes,Yes,High,9,5.7,6,Japan
Female,23,Mathematics,87.94016,8.820512821,89.09,96.32,F,19.264,Yes,Yes,High,1,8.3,8,US
Female,22,Engineering,80.82315,8.031435854,89.61,94.53,D,18.906,Yes,Yes,High,4,5.3,5,Canada
Female,21,Business,60.62064,5.993688007,57.32,66.47,B,13.294,No,Yes,High,8,5.4,5,Canada
Female,23,Business,77.05642,8.339186691,83.82,90.23,B,18.046,Yes,Yes,High,4,7.5,8,Australia
Female,24,Engineering,84.6312,9.234375,86.03,94.56,A,18.912,Yes,Yes,High,6,8.5,9,Japan
Female,19,Business,79.2918,6.692307692,78.39,80.91,A,16.182,Yes,Yes,High,1,7.4,7,US
Male,21,CS,66.113,6.048211509,72.44,77.78,A,15.556,Yes,Yes,High,10,4.4,4,Japan
Female,22,Engineering,76.0669,6.566378633,76.29,83.59,D,16.718,Yes,Yes,High,4,8.5,9,Japan
Female,23,CS,49.7764,5.580614203,49.03,58.15,C,11.63,No,Yes,Low,7,7.8,8,France
Male,21,Business,52.7389,4.388216303,45.09,54.37,C,10.874,No,No,Low,6,5.2,5,Australia
Female,22,CS,85.27637,7.251792829,85.19,91.01,A,18.202,Yes,Yes,High,9,4.3,4,France
Male,18,Business,67.97088,6.949646643,76.81,78.67,B,15.734,Yes,Yes,High,3,7.6,8,Australia
Female,18,CS,52.98672,5.16375345,47.22,56.13,F,11.226,No,Yes,Low,5,5.2,5,US
Female,20,Business,62.95898,5.692926045,62.74,70.82,A,14.164,No,Yes,High,7,6.6,7,Japan
Male,19,CS,60.62594,5.209470305,57.25,64.91,F,12.982,No,Yes,Low,1,4.4,4,Japan
Female,18,Engineering,83.92415,8.571297989,90.5,93.77,D,18.754,Yes,Yes,High,9,6.8,7,France
Male,24,Engineering,68.35152,6.238410596,73.04,75.36,A,15.072,Yes,Yes,High,9,4.1,4,France
Female,22,CS,69.8088,7.061772605,71.26,78.88,C,15.776,Yes,Yes,High,3,6.7,7,Australia
Female,21,Engineering,55.08992,5.815442561,55.64,61.76,B,12.352,No,Yes,Low,8,8.2,8,France
Male,23,Mathematics,85.4525,7.403292181,84.46,89.95,C,17.99,Yes,Yes,High,2,6.9,7,France
Female,21,CS,82.61256,7.949752883,88.98,96.51,A,19.302,Yes,Yes,High,4,8.4,8,US
Female,20,Mathematics,72.68182,8.592521572,85.01,89.62,D,17.924,Yes,Yes,High,7,6.7,7,US
Male,21,Engineering,73.44576,7.310479922,73.85,74.64,C,14.928,Yes,Yes,High,9,7.4,7,Japan
Female,18,Business,75.7855,7.106893881,88.39,91.75,A,18.35,Yes,Yes,High,4,5.8,6,France
Male,21,CS,51.8562,5.409836066,55.6,59.4,F,11.88,No,Yes,Low,1,5.5,6,Japan
Female,18,Engineering,48.65558,5.112029385,52.46,55.67,B,11.134,No,Yes,Low,7,5.7,6,Australia
Male,18,Business,57.74373,5.913651316,67.69,71.91,A,14.382,Yes,Yes,High,3,4.5,5,Japan
Female,19,Engineering,47.32308,5.521495327,58.99,59.08,D,11.816,No,Yes,Low,10,5.3,5,Canada
Male,20,Engineering,52.69752,5.451082251,53.99,62.96,B,12.592,No,Yes,Low,9,5.9,6,US
Male,24,CS,72.1266,6.206734534,72.23,79.26,B,15.852,Yes,Yes,High,10,5.7,6,Australia
Female,24,CS,67.392,6.364460562,63.49,70.2,A,14.04,No,Yes,High,9,6.5,7,France
Female,22,Engineering,89.37182,9.066083576,86.99,93.29,D,18.658,Yes,Yes,High,2,6.4,6,Japan
Male,24,Business,59.87056,5.351965066,51.94,61.28,F,12.256,No,No,Low,7,7.7,8,Australia
Female,18,Engineering,92.25216,9.043478261,99.43,99.84,A,19.968,Yes,Yes,High,8,6,6,Canada
Male,23,CS,60.22142,5.946631671,63.04,67.97,A,13.594,No,Yes,High,1,7.4,7,Japan
Female,20,Engineering,66.07144,6.454003407,66.88,75.77,C,15.154,Yes,Yes,High,5,8.5,9,Canada
Female,22,CS,54.0721,5.133272892,51.73,56.62,B,11.324,No,Yes,Low,8,6.3,6,US
Male,24,Engineering,65.5368,6.842287695,77.63,78.96,B,15.792,Yes,Yes,High,10,6.8,7,Canada
Male,24,Business,91.48998,7.548883757,96.84,98.06,D,19.612,Yes,Yes,High,2,7.4,7,Canada
Female,23,Business,80.12252,6.887401575,79.28,87.47,F,17.494,Yes,Yes,High,1,6.5,7,Japan
Female,21,CS,57.0996,5.845864662,59.09,62.2,C,12.44,No,Yes,Low,10,4.8,5,Australia
Female,20,Business,65.13339,6.422974176,63.55,72.13,D,14.426,Yes,Yes,High,4,5.5,6,US
Female,23,Engineering,66.56618,6.994111874,61.4,71.27,A,14.254,Yes,Yes,High,1,4.1,4,Japan
Female,24,Business,45.567,5.263662512,54.8,54.9,B,10.98,No,Yes,Low,5,7.4,7,Canada
Male,20,CS,79.10931,8.464093357,88.92,94.29,F,18.858,Yes,Yes,High,8,5.4,5,Australia
Female,20,Engineering,64.09696,6.718871595,64.05,69.07,D,13.814,No,Yes,High,8,8.1,8,France
Female,24,CS,69.55501,7.068117313,67.94,74.71,A,14.942,Yes,Yes,High,9,7.3,7,Canada
Male,21,Engineering,57.84576,6.102079395,60.55,64.56,B,12.912,No,Yes,Low,5,7.7,8,Canada
Male,21,CS,50.07178,4.988744589,51.72,57.62,D,11.524,No,Yes,Low,8,8.4,8,France
Male,24,CS,81.60438,7.361455108,89.81,95.11,B,19.022,Yes,Yes,High,10,6.1,6,Australia
Female,20,CS,47.61666,4.54601227,48.03,51.87,A,10.374,No,Yes,Low,5,4.9,5,Japan
Male,23,CS,56.34195,6.049265341,69.77,69.99,B,13.998,No,Yes,High,7,8.7,9,France
Male,19,CS,80.38637,6.718167702,85.89,86.53,A,17.306,Yes,Yes,High,8,9,9,Japan
Male,18,Engineering,58.69968,6.262200957,60.51,65.44,A,13.088,No,Yes,High,8,5.1,5,France
Male,21,CS,62.0334,5.770151636,69.35,72.3,A,14.46,Yes,Yes,High,2,7.7,8,Australia
Female,24,Engineering,69.45936,6.277688604,69.8,78.22,D,15.644,Yes,Yes,High,1,4.4,4,Canada
Female,19,CS,91.371,9.703307393,96.8,99.75,C,19.95,Yes,Yes,High,8,4.1,4,Australia
Female,21,Mathematics,80.8864,7.773651636,80.1,87.92,F,17.584,Yes,Yes,High,9,7.4,7,Australia
Male,20,Mathematics,84.49124,9.261770245,92.99,98.36,D,19.672,Yes,Yes,High,7,5.3,5,Japan
Male,24,CS,71.28372,7.078595318,78.16,84.66,C,16.932,Yes,Yes,High,8,8.3,8,France
Male,19,Engineering,51.2676,5.158536585,55.53,63.45,A,12.69,No,Yes,Low,9,6.6,7,Australia
Male,24,CS,61.73083,5.820072333,55.35,64.37,A,12.874,No,No,Low,10,7.9,8,France
Male,23,Mathematics,80.73232,8.571966134,87,91.12,A,18.224,Yes,Yes,High,10,4.5,5,Japan
Male,23,Engineering,70.89027,6.792578497,63.26,71.39,A,14.278,Yes,Yes,High,10,8.4,8,Australia
Female,22,CS,67.61937,5.766835017,67.43,68.51,F,13.702,No,Yes,High,4,4.9,5,France
Female,18,CS,87.3305,8.311965812,95.58,97.25,F,19.45,Yes,Yes,High,3,6.8,7,US
Male,18,CS,44.3275,4.300509338,40.9,50.66,B,10.132,No,Yes,Low,4,7,7,Canada
Female,21,CS,73.81,7.468168462,69.91,76.25,D,15.25,Yes,Yes,High,10,4.3,4,Japan
Male,18,Engineering,84.04625,8.804563492,88.01,88.75,F,17.75,Yes,Yes,High,3,8.9,9,Japan
Male,24,Engineering,77.17409,8.452775073,80.07,86.81,F,17.362,Yes,Yes,High,2,5.5,6,Canada
Female,24,CS,65.09776,5.527890057,62.39,68.38,B,13.676,No,Yes,High,1,7.6,8,Japan
Male,22,CS,65.41656,7.063477461,69.21,76.78,A,15.356,Yes,Yes,High,4,7.2,7,Japan
Female,23,CS,43.2408,4.398950131,48.07,50.28,D,10.056,No,No,Low,5,4.2,4,Japan
Male,19,CS,74.20758,6.995442115,71.04,76.74,C,15.348,Yes,Yes,High,8,8.3,8,Canada
Male,19,Business,72.99936,6.227094753,77.59,79.52,F,15.904,Yes,Yes,High,7,5.5,6,Australia
Female,23,CS,86.7095,8.259030837,86.74,93.74,F,18.748,Yes,Yes,High,6,5.2,5,Japan
Male,20,Engineering,56.6049,5.621169916,55.19,60.54,D,12.108,No,Yes,Low,6,4.3,4,Australia
Male,23,CS,77.47974,7.1296875,86.03,91.26,C,18.252,Yes,Yes,High,5,5.3,5,Japan
Male,19,CS,85.6423,7.844748858,77.53,85.9,A,17.18,Yes,Yes,High,4,7.1,7,France
Female,21,Engineering,67.7229,6.83908046,76.45,83.3,A,16.66,Yes,Yes,High,8,5,5,Australia
Male,22,Engineering,59.19228,6.303797468,67.29,69.72,A,13.944,No,Yes,High,8,6.3,6,US
Male,23,Engineering,56.20014,5.308229814,63.68,68.37,F,13.674,No,Yes,High,10,8,8,Japan
Male,20,Engineering,78.85816,8.490528415,76.71,85.16,B,17.032,Yes,Yes,High,3,8.8,9,US
Female,21,Engineering,92.74332,8.924663677,98.69,99.51,B,19.902,Yes,Yes,High,8,7.5,8,US
Female,23,CS,68.65379,6.889215686,60.99,70.27,D,14.054,No,No,High,5,5,5,US
Female,21,Engineering,93.91547,7.390600924,86.27,95.93,C,19.186,Yes,Yes,High,1,5.9,6,Canada
Female,23,Engineering,70.68303,7.311520737,70.64,79.33,B,15.866,Yes,Yes,High,8,6.8,7,Australia
Female,21,CS,92.75613,8.332738626,86.32,93.41,F,18.682,Yes,Yes,High,7,8.4,8,Japan
Male,24,Engineering,56.11292,4.845541401,58.2,60.86,D,12.172,No,Yes,Low,7,6.7,7,Canada
Female,18,CS,74.54106,7.391778523,85.53,88.11,D,17.622,Yes,Yes,High,5,6.5,7,France
Female,21,CS,84.9605,7.34,91.24,91.75,D,18.35,Yes,Yes,High,5,5.3,5,US
Male,24,Engineering,87.30433,7.429845904,90.12,91.61,A,18.322,Yes,Yes,High,7,6.5,7,Japan
Female,18,Business,86.65204,7.116427432,84.74,89.24,F,17.848,Yes,Yes,High,9,5.6,6,Australia
Male,19,Business,59.86278,6.270192308,63.89,65.21,F,13.042,No,No,High,10,6.8,7,Canada
Female,18,CS,71.3057,7.557100298,73.13,76.1,B,15.22,Yes,No,High,1,8,8,Australia
Male,21,Engineering,54.72158,5.166136725,59.25,64.99,A,12.998,No,Yes,Low,8,8.7,9,Australia
Male,22,Engineering,63.32245,6.383079848,57.27,67.15,C,13.43,No,Yes,High,10,8,8,Japan
Female,22,CS,55.49618,5.652476108,64.74,65.06,A,13.012,No,Yes,High,9,8.1,8,France
Female,19,Business,57.98163,5.128594249,63.53,64.21,B,12.842,No,Yes,Low,7,5.8,6,Japan
Male,21,Business,74.17092,6.625195618,83.19,84.67,A,16.934,Yes,Yes,High,2,7.5,8,US
Male,18,Mathematics,81.43737,7.704014939,79,82.51,D,16.502,Yes,Yes,High,5,5.9,6,Japan
Male,22,CS,51.7806,4.763449367,57.46,60.21,A,12.042,No,Yes,Low,4,4.1,4,Canada
Male,23,CS,76.62948,7.095637584,79.45,84.58,D,16.916,Yes,Yes,High,7,8.4,8,US
Male,20,Business,59.9024,6.365877712,54.99,64.55,B,12.91,No,Yes,Low,3,4.3,4,Japan
Male,21,Engineering,50.29533,5.271052632,50.12,60.09,B,12.018,No,Yes,Low,8,4.6,5,Canada
Male,24,Business,83.07936,7.905882353,80.88,87.36,A,17.472,Yes,Yes,High,5,4.1,4,Australia
Female,24,CS,62.89322,5.517408907,66.53,68.14,D,13.628,No,Yes,High,6,4.3,4,Japan
Male,23,Engineering,72.42781,6.400489396,75.72,78.47,B,15.694,Yes,Yes,High,4,4.3,4,Japan
Female,23,Engineering,58.98983,5.241048035,59.1,60.01,C,12.002,No,Yes,Low,7,7.4,7,France
Female,21,CS,65.59284,6.819949281,78.74,80.68,A,16.136,Yes,Yes,High,9,8.3,8,Japan
Male,20,Engineering,55.0848,4.805091488,55.25,60.4,B,12.08,No,Yes,Low,4,8,8,US
Male,22,Engineering,50.58078,5.185777778,54.88,58.34,A,11.668,No,Yes,Low,6,7.1,7,US
Female,20,CS,59.34648,6.565340909,60.05,69.33,A,13.866,No,Yes,High,6,7.9,8,Japan
Male,19,CS,86.815,7.755632582,89.35,89.5,F,17.9,Yes,Yes,High,1,6.3,6,US
Male,18,Engineering,52.53519,5.407169118,57.03,58.83,B,11.766,No,Yes,Low,9,8.5,9,Japan
Female,18,Engineering,44.9034,4.773504274,53.3,55.85,F,11.17,No,Yes,Low,2,6.3,6,France
Female,23,Business,44.71986,4.294754371,50.68,51.58,B,10.316,No,Yes,Low,10,4.1,4,Canada
Female,22,CS,65.0652,6.807692308,63.83,70.8,B,14.16,No,Yes,High,1,7.5,8,Australia
Male,20,CS,59.4207,4.94980695,55.03,64.1,D,12.82,No,Yes,Low,5,8.2,8,US
Male,23,Mathematics,60.53957,6.112582781,59.6,64.61,F,12.922,No,Yes,Low,2,5.1,5,Japan
Female,21,Mathematics,85.5233,8.279030911,93.93,99.1,B,19.82,Yes,No,High,10,5.6,6,Canada
Male,23,CS,55.35117,5.538961039,52.73,59.71,F,11.942,No,Yes,Low,5,7.5,8,Japan
Female,21,Business,70.22196,6.071606994,70.59,72.92,D,14.584,Yes,Yes,High,1,6.9,7,Canada
Male,21,CS,97.03564,9.568400771,97.87,99.32,C,19.864,Yes,Yes,High,7,8.4,8,US
Female,19,CS,45.75864,4.352195946,49.52,51.53,C,10.306,No,Yes,Low,4,6.4,6,US
Male,19,CS,73.46278,8.156730769,76,84.83,D,16.966,Yes,Yes,High,8,7.4,7,Japan
Female,21,CS,60.52965,5.577705452,61.57,68.55,A,13.71,No,Yes,High,8,5.4,5,Japan
Male,22,Business,93.8705,7.73538961,87.14,95.3,F,19.06,Yes,Yes,High,7,8.6,9,US
Male,19,Business,90.4376,9.254598258,94.33,95.6,A,19.12,Yes,Yes,High,1,5.8,6,US
Female,19,Mathematics,68.25024,6.446096654,66.96,69.36,F,13.872,No,No,High,3,6.7,7,Japan
Male,18,Business,59.78753,6.094810379,54.69,61.07,A,12.214,No,Yes,Low,6,7.1,7,Australia
Male,23,Engineering,57.5484,6.93877551,64.88,71.4,F,14.28,Yes,Yes,High,6,5.3,5,Japan
Female,18,Engineering,94.14266,9.332383666,89.53,98.27,B,19.654,Yes,Yes,High,6,5.6,6,Japan
Male,22,Mathematics,61.37906,5.158615137,63.51,64.07,B,12.814,No,Yes,Low,2,6.5,7,Japan
Male,19,Business,85.59648,7.856463125,95.08,99.07,A,19.814,Yes,Yes,High,8,5.4,5,Japan
Male,24,Business,80.0536,7.965849387,90.15,90.97,D,18.194,Yes,Yes,High,3,4.7,5,Japan
Female,19,Mathematics,56.01908,5.329688814,54.43,63.37,C,12.674,No,Yes,Low,5,8.2,8,France
Female,20,CS,71.72955,7.233441034,79.76,89.55,A,17.91,Yes,Yes,High,9,5.6,6,Japan
Female,22,Business,44.03911,4.298935299,49.25,52.49,C,10.498,No,Yes,Low,7,6.1,6,US
Female,24,Business,66.0996,7.406698565,68.17,77.4,C,15.48,Yes,No,High,9,6.7,7,Australia
Female,23,Mathematics,65.35881,5.660550459,63.22,67.87,D,13.574,No,Yes,High,4,8.2,8,US
Male,23,CS,68.28195,6.510036496,62.61,71.35,F,14.27,Yes,Yes,High,1,4.7,5,US
Male,24,Engineering,70.47348,6.850232558,72.67,73.64,A,14.728,Yes,Yes,High,10,7.1,7,France
Female,23,Engineering,71.08244,6.433219178,70.49,75.14,D,15.028,Yes,Yes,High,3,5.8,6,US
Male,24,CS,78.679,6.455183164,74.15,82.82,C,16.564,Yes,No,High,5,8.3,8,Australia
Male,22,Engineering,73.98048,7.747945205,80.36,84.84,A,16.968,Yes,Yes,High,10,7.3,7,Japan
Male,24,CS,92.07228,7.809486166,91.99,98.79,B,19.758,Yes,Yes,High,1,4.7,5,Australia
Male,24,CS,72.36294,8.607421875,82.83,88.14,F,17.628,Yes,Yes,High,7,5.5,6,Japan
Female,20,Engineering,81.09879,6.613636364,76.26,84.39,C,16.878,Yes,Yes,High,1,4.2,4,Australia
Female,20,Engineering,56.3922,6.166519043,62.77,69.62,B,13.924,No,Yes,High,8,7.9,8,Canada
Male,18,Engineering,47.05938,4.902631579,53.23,55.89,A,11.178,No,Yes,Low,7,6.1,6,Japan
Male,22,Engineering,47.16954,5.070881226,49.08,52.94,B,10.588,No,Yes,Low,2,4.2,4,Canada
Female,22,CS,61.02488,6.161801501,69.58,73.88,C,14.776,Yes,Yes,High,7,4.1,4,Japan
Male,20,CS,66.97823,8.324351297,79.56,83.41,A,16.682,Yes,Yes,High,6,8.8,9,US
Male,21,CS,68.4833,7.4,82.38,82.51,A,16.502,Yes,Yes,High,7,8.3,8,US
Male,21,CS,96.1754,9.525853659,88.67,97.64,A,19.528,Yes,Yes,High,1,5.7,6,Japan
Female,18,Engineering,64.41984,5.605839416,67.05,69.12,D,13.824,No,Yes,High,7,6.6,7,Australia
Female,21,Business,76.34382,6.644081633,80.47,81.39,A,16.278,Yes,Yes,High,9,6.9,7,US
Male,21,CS,90.52001,7.76872428,90.06,94.39,A,18.878,Yes,No,High,8,6.6,7,Canada
Male,21,CS,59.3892,6.95049505,67.48,70.2,F,14.04,Yes,Yes,High,7,5.5,6,France
Male,19,Business,72.55998,5.99270073,70.88,73.89,B,14.778,Yes,Yes,High,2,6,6,Japan
Male,18,CS,78.2661,9.398826979,91.92,96.15,F,19.23,Yes,No,High,7,4.9,5,France
Male,20,Mathematics,71.15418,6.171178344,75.96,77.51,A,15.502,Yes,Yes,High,2,4.2,4,Australia
Male,21,Business,87.01066,7.096214511,80.97,89.98,D,17.996,Yes,Yes,High,4,4.8,5,Australia
Female,23,CS,77.81112,8.496927129,87.17,96.78,A,19.356,Yes,Yes,High,1,4.1,4,US
Female,24,CS,64.48955,6.748281787,77.72,78.55,F,15.71,Yes,Yes,High,3,6.2,6,Canada
Male,19,Engineering,53.01976,5.139944393,50.64,55.46,A,11.092,No,Yes,Low,5,7.3,7,Japan
Female,21,CS,83.70252,9.035714286,83.66,91.08,F,18.216,Yes,Yes,High,6,4.9,5,Canada
Male,24,CS,88.98131,8.5342723,82.13,90.89,A,18.178,Yes,Yes,High,3,6.7,7,France
Male,24,CS,45.1575,4.97323818,46,55.75,B,11.15,No,Yes,Low,3,5.6,6,Japan
Female,19,Business,65.33404,6.182907348,75.36,77.41,B,15.482,Yes,Yes,High,10,4.6,5,Japan
Female,18,Engineering,61.33875,6.668161435,72.57,74.35,A,14.87,Yes,Yes,High,6,4.6,5,Canada
Male,23,CS,74.8116,7.424437299,88.03,92.36,A,18.472,Yes,Yes,High,9,7.1,7,Australia
Male,23,Engineering,52.19487,5.078087649,56.97,63.73,D,12.746,No,Yes,Low,2,4.6,5,Canada
Female,23,Engineering,69.1707,6.08447099,69.55,71.31,D,14.262,Yes,Yes,High,2,6.8,7,France
Female,21,Engineering,72.13576,6.33807267,76.93,80.24,F,16.048,Yes,Yes,High,7,5,5,Japan
Male,19,CS,64.70858,6.731144632,72.15,75.86,A,15.172,Yes,Yes,High,4,8.3,8,Australia
Male,23,Engineering,89.7345,8.200503356,92.14,97.75,F,19.55,Yes,Yes,High,1,4.2,4,Japan
Male,24,Mathematics,90.08957,8.546643418,92.15,98.03,C,19.606,Yes,Yes,High,6,5.9,6,Japan
Female,24,CS,51.9168,4.872072072,48.68,54.08,B,10.816,No,Yes,Low,9,7.8,8,Canada
Male,22,CS,63.98154,5.722222222,63.25,64.89,A,12.978,No,Yes,Low,10,7.7,8,Australia
Female,22,CS,45.44276,4.526504942,40.52,50.38,F,10.076,No,Yes,Low,6,4.7,5,US
Male,19,CS,58.05891,6.916097561,68,70.89,B,14.178,Yes,Yes,High,6,5,5,France
Female,21,CS,81.69713,7.049194232,73.34,83.11,B,16.622,Yes,Yes,High,4,6.7,7,France
Female,21,Business,66.204,7.211764706,65.08,73.56,F,14.712,Yes,Yes,High,1,7.4,7,Canada
Female,18,Mathematics,47.59712,5.160541586,50.41,53.36,F,10.672,No,Yes,Low,7,7.8,8,US
Female,18,CS,49.5144,5.387387387,50.31,59.8,F,11.96,No,Yes,Low,4,7.1,7,US
Male,23,Engineering,57.89742,4.61163522,49.33,58.66,B,11.732,No,Yes,Low,9,7.9,8,US
Female,20,Engineering,69.1374,6.064205457,69.21,75.56,D,15.112,Yes,No,High,4,6.2,6,France
Female,24,Engineering,80.44092,6.915086562,81.81,83.88,D,16.776,Yes,Yes,High,9,6.8,7,Japan
Female,18,Engineering,64.89852,5.549747049,65.63,65.82,B,13.164,No,Yes,High,1,6.2,6,Canada
Male,21,CS,47.81592,4.694352159,49.21,56.52,F,11.304,No,No,Low,10,7.8,8,Japan
Male,24,Engineering,75.90092,8.428303655,81.84,89.93,B,17.986,Yes,Yes,High,4,4.9,5,Canada
Male,20,Engineering,74.8006,8.045021645,83.97,92.92,F,18.584,Yes,No,High,2,5.3,5,US
Male,18,Business,51.50274,5.02519685,59.77,63.82,A,12.764,No,Yes,Low,6,8.2,8,Japan
Male,19,Business,57.8976,6.118863049,69.54,71.04,D,14.208,Yes,Yes,High,9,7.6,8,France
Male,22,CS,43.821,4.97700092,48.18,54.1,F,10.82,No,Yes,Low,2,7.7,8,Canada
Female,18,CS,53.83026,4.836879433,56.64,61.38,C,12.276,No,Yes,Low,2,4.5,5,France
Female,18,Mathematics,72.447,7.96663661,80.73,88.35,C,17.67,Yes,Yes,High,1,6.4,6,Australia
Female,19,Engineering,64.847,5.956369983,66.89,68.26,A,13.652,No,Yes,High,9,6.8,7,US
Male,21,Business,70.68263,7.640952381,77.25,80.23,B,16.046,Yes,Yes,High,1,7.9,8,Canada
Female,23,CS,78.13993,8.211814346,91.33,97.31,C,19.462,Yes,Yes,High,2,6.1,6,US
Female,19,Engineering,80.92302,6.845115171,82.5,86.18,F,17.236,Yes,Yes,High,5,6.7,7,France
Male,23,Engineering,59.00804,7.195049505,62.7,72.67,C,14.534,Yes,Yes,High,7,5.2,5,Canada
Female,18,Business,57.33726,6.101785714,62.59,68.34,B,13.668,No,Yes,High,9,8.2,8,US
Male,21,CS,52.02922,5.06207483,58.16,59.53,F,11.906,No,Yes,Low,1,8.6,9,Japan
Female,20,CS,76.57032,7.729753521,84.23,87.81,A,17.562,Yes,Yes,High,8,6.3,6,US
Male,18,Engineering,45.38592,4.5,46.99,55.62,A,11.124,No,Yes,Low,1,6.2,6,Japan
Male,19,Business,48.98361,4.567125645,44.28,53.07,A,10.614,No,Yes,Low,9,5.6,6,US
Male,20,Mathematics,45.573,5.086556169,54.37,55.24,A,11.048,No,Yes,Low,10,5.3,5,France
Female,22,Mathematics,56.86725,5.589028777,55.9,62.15,F,12.43,No,Yes,Low,2,6.8,7,US
Female,20,Mathematics,81.27864,7.382940109,72.22,81.36,A,16.272,Yes,No,High,3,4.8,5,Canada
Male,19,CS,80.22634,7.698097601,86.05,93.07,A,18.614,Yes,No,High,10,6.9,7,US
Male,24,CS,88.47144,9.616795367,91.8,99.63,B,19.926,Yes,Yes,High,4,6.8,7,Japan
Female,20,CS,73.67107,7.681455191,84.42,86.57,D,17.314,Yes,Yes,High,3,7.5,8,France
Female,19,CS,55.3518,5.56851312,54.09,57.3,D,11.46,No,Yes,Low,2,5.1,5,Japan
Male,24,Business,54.24261,5.982209738,55.48,63.89,B,12.778,No,Yes,Low,5,7.5,8,Canada
Female,18,Business,53.9964,5.375118708,55.17,56.6,B,11.32,No,Yes,Low,2,4.1,4,Canada
Female,24,CS,55.05486,4.334110334,50.35,55.78,A,11.156,No,Yes,Low,2,6.7,7,US
Female,21,Engineering,73.60821,6.781141869,77.76,78.39,A,15.678,Yes,Yes,High,8,8.2,8,Japan
Male,22,Mathematics,83.04114,8.604693141,92.54,95.34,B,19.068,Yes,Yes,High,2,7.6,8,France
Male,24,Engineering,80.8512,7.740808824,78.33,84.22,A,16.844,Yes,Yes,High,8,8.3,8,US
Female,21,CS,74.99499,8.259633028,83.01,90.03,B,18.006,Yes,No,High,8,4.7,5,Japan
Male,21,Engineering,71.9316,6.923783287,73.17,75.4,C,15.08,Yes,Yes,High,1,7.6,8,US
Female,21,CS,61.59795,6.628032345,70.62,73.77,F,14.754,Yes,Yes,High,5,6.3,6,Canada
Female,24,Engineering,93.47955,7.520962733,94.74,96.87,A,19.374,Yes,Yes,High,9,5.6,6,Canada
Male,19,Engineering,71.6352,7.666963491,80.64,86.1,A,17.22,Yes,Yes,High,8,5.8,6,Japan
Male,19,CS,63.70281,5.95187602,64.67,72.97,F,14.594,Yes,Yes,High,10,4.5,5,Japan
Male,22,Mathematics,57.83484,5.561769616,63.04,66.63,C,13.326,No,Yes,High,9,7.5,8,Japan
Female,19,Engineering,53.51214,5.075208914,46.48,54.66,B,10.932,No,Yes,Low,3,7.2,7,Australia
Female,23,Engineering,83.31075,8.71291866,87.73,91.05,B,18.21,Yes,Yes,High,2,4.8,5,Japan
Male,19,Mathematics,55.42956,5.823705179,51.25,58.47,B,11.694,No,Yes,Low,1,6.7,7,France
Male,19,CS,60.82725,6.265508685,71.08,75.75,A,15.15,Yes,Yes,High,8,4.6,5,Australia
Male,19,CS,67.61636,7.924491772,72.1,81.86,F,16.372,Yes,Yes,High,8,5.6,6,France
Female,18,Business,73.5968,8.433268859,84.76,87.2,F,17.44,Yes,Yes,High,8,4.2,4,Canada
Female,22,CS,48.04879,4.443806399,49.9,54.17,B,10.834,No,Yes,Low,3,7.1,7,Japan
Female,23,Business,42.84944,4.007137193,45.79,50.53,A,10.106,No,Yes,Low,1,4.1,4,Canada
Male,19,CS,68.24,6.791401274,79.92,85.3,C,17.06,Yes,Yes,High,9,5.3,5,Japan
Male,22,CS,58.9032,6.121212121,66.01,72.72,A,14.544,Yes,No,High,7,5.3,5,France
Female,20,Engineering,48.54732,5.273214286,54.83,59.06,A,11.812,No,Yes,Low,6,7.7,8,Japan
Male,18,CS,95.136,8.196856907,98.89,99.1,B,19.82,Yes,Yes,High,7,6.3,6,Japan
Male,24,Business,87.33075,6.948797517,81.02,89.57,B,17.914,Yes,Yes,High,6,6.9,7,France
Male,19,Engineering,78.69321,7.589423077,71.46,78.93,D,15.786,Yes,Yes,High,4,5.2,5,Japan
Male,23,Mathematics,69.02421,6.659624413,84.43,85.11,F,17.022,Yes,Yes,High,2,6.7,7,Japan
Female,18,Business,56.99925,4.445727483,55.45,57.75,F,11.55,No,No,Low,1,4.7,5,Canada
Male,23,CS,78.488,8.435941531,97.16,98.11,A,19.622,Yes,Yes,High,9,9,9,Japan
Female,24,Business,92.73278,9.149404216,93.2,99.82,F,19.964,Yes,Yes,High,2,6.6,7,France
Female,24,Engineering,67.66682,6.604166667,80.57,82.42,F,16.484,Yes,Yes,High,6,8.4,8,France
Male,18,Engineering,70.99042,6.93433084,74.71,83.42,A,16.684,Yes,Yes,High,8,4.5,5,France
Female,20,Business,75.59014,8.194230769,81.57,85.22,A,17.044,Yes,Yes,High,7,7,7,Canada
Female,22,Engineering,71.87927,7.443252904,82.34,83.29,D,16.658,Yes,Yes,High,9,7.4,7,US
Male,18,Engineering,58.04751,5.588966589,64.43,71.93,A,14.386,Yes,Yes,High,9,7.9,8,France
Female,21,Engineering,66.63095,7.371291866,74.74,77.03,D,15.406,Yes,Yes,High,4,6.4,6,US
Female,24,CS,56.7639,5.123003195,59.16,64.14,C,12.828,No,Yes,Low,9,4.2,4,France
Female,20,CS,63.00814,5.949013158,63.41,72.34,D,14.468,Yes,Yes,High,10,5.3,5,France
Female,24,Engineering,60.3204,7.138170974,67.21,71.81,C,14.362,Yes,Yes,High,2,5.4,5,Japan
Female,21,CS,52.75179,5.039906103,64.37,64.41,A,12.882,No,Yes,Low,1,5.6,6,France
Female,20,CS,82.01412,8.640232108,82.71,89.34,D,17.868,Yes,Yes,High,6,4.5,5,Australia
Female,24,CS,60.75376,6.943842365,62.04,70.48,D,14.096,Yes,No,High,4,4,4,US
Female,21,Engineering,63.93416,6.940071556,67.91,77.59,A,15.518,Yes,Yes,High,4,6.6,7,Canada
Male,21,CS,56.5284,4.737704918,48.97,57.8,D,11.56,No,Yes,Low,10,7.7,8,Australia
Male,24,Business,66.59625,5.96200485,70.5,73.75,B,14.75,Yes,Yes,High,10,5.2,5,US
Male,24,CS,75.03564,8.339962121,82.25,88.07,A,17.614,Yes,Yes,High,1,7.5,8,Australia
Female,23,Engineering,64.42916,6.443354148,65.98,72.23,D,14.446,Yes,Yes,High,6,7.7,8,France
Female,18,Engineering,63.71402,6.69733448,76.19,77.89,A,15.578,Yes,Yes,High,3,6.1,6,Canada
Female,18,Engineering,70.19925,8.057765152,84.48,85.09,F,17.018,Yes,Yes,High,7,6.6,7,Canada
Male,20,CS,58.8936,6.118942731,62.44,69.45,D,13.89,No,Yes,High,1,5.6,6,Japan
Male,22,Mathematics,56.96972,6.112014453,62.2,67.66,D,13.532,No,Yes,High,8,5.9,6,France
Male,24,Mathematics,47.17801,5.407370518,49.05,54.29,C,10.858,No,Yes,Low,9,6.9,7,Japan
Female,23,Business,76.81581,6.982347749,73.08,79.11,A,15.822,Yes,Yes,High,4,5.8,6,Japan
Male,18,Mathematics,75.2787,8.286407767,81.82,85.35,F,17.07,Yes,Yes,High,5,6.5,7,US
Male,18,Engineering,74.86982,6.375806452,75.78,79.06,A,15.812,Yes,Yes,High,8,7.7,8,Japan
Female,23,Engineering,57.56946,5.429780034,54.73,64.18,D,12.836,No,Yes,Low,5,8.8,9,France
Male,19,Business,54.03072,6.057581574,59.06,63.12,B,12.624,No,Yes,Low,10,8.5,9,Japan
Female,23,Engineering,50.60781,4.896114865,52.85,57.97,B,11.594,No,Yes,Low,4,8.6,9,Japan
Male,18,Business,48.10965,4.128548896,46.5,52.35,F,10.47,No,Yes,Low,5,8.6,9,Japan
Female,22,Business,66.91692,6.593345656,70.1,71.34,A,14.268,Yes,Yes,High,2,5.2,5,France
Female,19,Mathematics,52.05291,5.353321033,53.84,58.03,B,11.606,No,Yes,Low,10,8.7,9,US
Female,21,CS,77.10048,7.009950249,81.19,84.54,A,16.908,Yes,Yes,High,2,5.1,5,Japan
Female,23,Business,87.69246,7.545384615,96.69,98.09,B,19.618,Yes,Yes,High,1,8.3,8,Japan
Female,21,Engineering,50.66448,4.567659574,46.16,53.67,D,10.734,No,Yes,Low,4,6.9,7,France
Male,19,Engineering,85.3743,7.441037736,85.18,94.65,A,18.93,Yes,Yes,High,10,8.2,8,Japan
Female,19,CS,74.68389,7.675,81.63,82.89,F,16.578,Yes,Yes,High,8,8.9,9,Australia
Female,19,Business,82.59288,8.087826087,87.97,93.01,D,18.602,Yes,No,High,10,8.4,8,Canada
Female,20,Mathematics,51.3975,5.342275671,56.28,57.75,A,11.55,No,Yes,Low,10,8.1,8,France
Female,23,CS,85.12076,8.61065944,87.23,95.32,D,19.064,Yes,Yes,High,10,5,5,US
Male,24,Engineering,95.14908,8.747989276,92.4,97.89,A,19.578,Yes,Yes,High,10,8.3,8,Japan
Female,22,CS,91.43106,8.968955786,89.48,95.34,F,19.068,Yes,Yes,High,2,4.8,5,US
Male,22,Mathematics,73.82629,8.374296435,89.02,89.27,A,17.854,Yes,Yes,High,7,6.6,7,Japan
Female,21,Engineering,50.81264,4.279434851,50.69,54.52,D,10.904,No,Yes,Low,8,6.5,7,Japan
Female,21,CS,54.936,4.906752412,54.58,61.04,A,12.208,No,Yes,Low,10,6.6,7,Japan
Male,24,CS,86.76362,7.48513302,92.77,95.66,D,19.132,Yes,No,High,1,7.6,8,France
Male,21,Engineering,50.83569,5.513004484,52.57,61.47,D,12.294,No,Yes,Low,3,6,6,Australia
Male,23,CS,59.90971,5.634615385,60.06,67.39,B,13.478,No,Yes,High,6,6.3,6,Japan
Female,18,Engineering,45.6924,4.221864952,49.08,52.52,F,10.504,No,Yes,Low,7,7.3,7,Canada
Male,21,Mathematics,79.2836,7.178130511,75.41,81.4,C,16.28,Yes,Yes,High,5,7.4,7,Japan
Female,19,Business,66.67901,6.228685259,70.44,78.17,F,15.634,Yes,Yes,High,7,6.2,6,US
Male,21,CS,91.41988,7.741910024,88.56,98.09,B,19.618,Yes,Yes,High,6,4.3,4,Japan
Male,19,Mathematics,91.49754,7.563549161,88.09,94.62,A,18.924,Yes,Yes,High,7,5.3,5,US
Female,20,Engineering,65.2851,6.269775187,67.61,75.3,D,15.06,Yes,No,High,4,8.7,9,France
Male,18,CS,64.77835,7.649239544,74.44,80.47,F,16.094,Yes,Yes,High,2,8.6,9,Australia
Male,18,CS,63.73532,5.5203125,66.32,70.66,B,14.132,Yes,No,High,8,7.2,7,US
Female,24,CS,48.24024,5.137931034,56.62,56.62,C,11.324,No,Yes,Low,1,4.9,5,Japan
Female,23,Business,77.88726,8.988450433,87.21,93.39,F,18.678,Yes,Yes,High,4,4.5,5,Japan
Female,23,CS,62.68132,6.081632653,67.53,77.48,D,15.496,Yes,Yes,High,4,8.7,9,Canada
Male,22,CS,69.34571,6.403414196,66.7,71.27,A,14.254,Yes,Yes,High,1,8.4,8,France
Male,20,Business,43.5373,4.987861811,44.75,53.42,D,10.684,No,Yes,Low,8,6,6,Australia
Male,24,Engineering,79.52285,7.60456621,81.26,83.27,A,16.654,Yes,Yes,High,6,7.1,7,US
Male,23,Business,63.26192,6.176522507,68.34,69.98,D,13.996,No,Yes,High,2,8.6,9,Australia
Male,19,Business,60.86228,5.175887696,59.01,62.68,A,12.536,No,Yes,Low,4,4.7,5,Australia
Female,20,CS,87.55272,7.768211921,88.87,93.84,D,18.768,Yes,Yes,High,7,7.2,7,Canada
Male,18,Business,50.42136,5.784946237,49.22,59.18,A,11.836,No,Yes,Low,9,8.6,9,France
Female,19,CS,64.842,6.344221106,73.36,75.75,B,15.15,Yes,Yes,High,7,8.2,8,US
Male,24,Engineering,83.77407,7.981333333,88.88,89.79,A,17.958,Yes,Yes,High,2,5.4,5,Japan
Female,24,Engineering,79.6919,8.188662533,91.28,92.45,C,18.49,Yes,Yes,High,1,8.8,9,Canada
Male,20,CS,89.21214,8.735830932,84.06,90.94,A,18.188,Yes,Yes,High,10,5,5,Canada
Male,18,Mathematics,92.64891,8.756232687,86.2,94.83,B,18.966,Yes,Yes,High,7,5,5,Canada
Female,23,Engineering,54.32112,5.492307692,56.15,57.12,F,11.424,No,Yes,Low,9,4.5,5,France
Male,19,CS,95.17662,9.392061955,94.62,97.02,F,19.404,Yes,Yes,High,2,4.6,5,Canada
Female,19,Mathematics,43.36332,4.795066414,44.45,50.54,D,10.108,No,Yes,Low,3,7.8,8,Australia
Male,18,Engineering,62.6744,4.940991345,62.68,62.8,B,12.56,No,Yes,Low,4,5.4,5,Japan
Male,19,Engineering,44.3898,4.704861111,49.5,54.2,F,10.84,No,Yes,Low,9,8.3,8,US
Female,23,Engineering,93.09696,8.908424908,93.39,97.28,A,19.456,Yes,No,High,7,8.3,8,US
Male,23,Business,70.5592,7.12,64.82,71.2,F,14.24,Yes,Yes,High,2,4.6,5,Australia
Female,23,CS,53.5944,5.829787234,65.76,65.76,A,13.152,No,Yes,High,4,6.7,7,US
Male,18,CS,47.1468,4.645700637,50.2,58.35,D,11.67,No,Yes,Low,4,7.7,8,Canada
Male,21,Engineering,55.01608,4.579239303,51.55,57.79,D,11.558,No,Yes,Low,4,7.4,7,Japan
Male,21,CS,71.016,6.938950989,72.21,80.7,A,16.14,Yes,Yes,High,10,4.5,5,France
Male,24,Business,49.47075,4.164677804,43.91,52.35,B,10.47,No,Yes,Low,7,5.6,6,Japan
Male,24,CS,72.06688,6.974628171,72.82,79.72,C,15.944,Yes,Yes,High,6,7.1,7,US
Male,19,CS,78.43732,8.215740741,86.19,88.73,D,17.746,Yes,Yes,High,2,6.9,7,Japan
Male,23,CS,73.1657,6.942758023,70.35,80.05,D,16.01,Yes,Yes,High,10,8.1,8,France
Female,19,Business,77.44784,8.302727273,89.36,91.33,B,18.266,Yes,Yes,High,2,4.3,4,Australia
Male,18,Business,59.65418,5.477056277,54.93,63.26,C,12.652,No,No,Low,3,6.4,6,US
Male,19,CS,44.7038,5.270058708,46.3,53.86,A,10.772,No,Yes,Low,10,8.2,8,France
Male,22,Engineering,74.77745,7.176814012,79.42,86.05,C,17.21,Yes,Yes,High,1,9,9,Australia
Female,21,CS,81.17208,9.023692004,82.78,91.41,B,18.282,Yes,Yes,High,9,4.6,5,Canada
Female,19,Engineering,68.39788,6.757875788,66.75,75.08,B,15.016,Yes,No,High,7,7.2,7,Japan
Male,19,CS,85.65923,8.14950761,83.24,91.03,B,18.206,Yes,Yes,High,7,4,4,Japan
Male,20,Engineering,71.2962,5.985221675,63.33,72.9,B,14.58,Yes,Yes,High,9,5.7,6,US
Male,19,Engineering,58.55161,5.538817006,54.42,59.93,C,11.986,No,No,Low,7,6.2,6,Japan
Female,22,Mathematics,64.94732,6.072487644,64.23,73.72,D,14.744,Yes,Yes,High,1,5.7,6,France
Male,21,CS,56.6048,6.073926074,54.76,60.8,A,12.16,No,No,Low,4,7.1,7,US
Female,20,Business,61.456,6.232006774,65.93,73.6,A,14.72,Yes,Yes,High,9,4.1,4,Japan
Male,18,Engineering,52.10104,5.357609711,49.74,57.38,B,11.476,No,No,Low,6,8.5,9,Canada
Female,24,Mathematics,50.44728,5.040816327,49.8,59.28,A,11.856,No,Yes,Low,8,5.6,6,Japan
Female,18,CS,77.5796,8.222707424,88.05,94.15,F,18.83,Yes,Yes,High,3,4.8,5,France
Male,21,CS,48.5373,4.863993025,52.12,55.79,F,11.158,No,Yes,Low,6,6.2,6,Australia
Male,24,Business,57.10893,5.327241079,52.47,61.21,A,12.242,No,Yes,Low,4,6.6,7,US
Male,18,CS,91.39848,8.506393862,93.71,99.78,A,19.956,Yes,Yes,High,8,4.3,4,Australia
Male,22,CS,76.1996,7.111913357,76.39,78.8,A,15.76,Yes,Yes,High,3,8,8,Australia
Male,19,CS,77.54562,7.728070175,72.03,79.29,B,15.858,Yes,Yes,High,5,7.7,8,US
Male,21,Business,76.9365,8.273542601,82.7,92.25,F,18.45,Yes,Yes,High,2,6.6,7,Japan
Male,24,CS,65.09188,7.011959522,66.53,76.22,B,15.244,Yes,Yes,High,7,4.9,5,Japan
Female,20,Business,60.23474,5.354075372,58.43,61.09,A,12.218,No,Yes,Low,9,8.6,9,US
Male,19,Engineering,63.01232,6.536764706,61.41,71.12,C,14.224,Yes,Yes,High,5,8,8,Japan
Male,18,CS,74.9385,8.413231064,78.15,87.75,D,17.55,Yes,Yes,High,9,5.2,5,US
Female,18,Engineering,86.78574,8.976030681,86.34,93.62,F,18.724,Yes,Yes,High,2,7.7,8,US
Male,20,CS,58.50354,4.954085603,54.07,63.66,D,12.732,No,Yes,Low,8,4.5,5,Japan
Male,22,Engineering,57.2948,5.725952813,56.88,63.1,D,12.62,No,Yes,Low,3,4.6,5,Japan
Male,20,Engineering,56.48938,6.078754579,57.8,66.38,B,13.276,No,Yes,High,10,6.2,6,US
Male,21,Engineering,77.81475,7.177158273,79.79,79.81,F,15.962,Yes,Yes,High,5,7.5,8,Japan
Female,20,CS,51.84723,5.492268041,60.78,63.93,D,12.786,No,Yes,Low,3,8.6,9,Japan
Female,18,Engineering,93.99738,7.646203554,92.71,94.66,D,18.932,Yes,Yes,High,5,8.9,9,Japan
Male,22,Business,84.4606,9.081726354,94.01,98.9,A,19.78,Yes,Yes,High,5,7.5,8,France
Male,22,Business,81.0214,7.653600729,74.97,83.96,A,16.792,Yes,Yes,High,1,7.9,8,Japan
Female,23,Business,92.40238,8.264261745,89.43,98.51,B,19.702,Yes,Yes,High,8,6.6,7,Canada
Male,20,CS,57.50027,5.374791319,56.83,64.39,A,12.878,No,No,Low,7,4.3,4,Japan
Female,21,Business,75.87536,9.039840637,80.99,90.76,C,18.152,Yes,Yes,High,8,4.6,5,Japan
Female,18,CS,68.22696,7.166524338,75.81,83.92,C,16.784,Yes,Yes,High,3,8.9,9,Japan
Female,19,CS,55.8966,5.59929078,60.28,63.16,A,12.632,No,Yes,Low,7,6,6,Canada
Male,22,Business,59.19616,6.126394052,59.44,65.92,D,13.184,No,No,High,7,7.9,8,Japan
Male,20,Mathematics,68.4756,5.92124105,70.96,74.43,F,14.886,Yes,Yes,High,2,5.1,5,Japan
Male,23,Engineering,76.50132,7.10952381,82.22,89.58,C,17.916,Yes,Yes,High,3,6.7,7,Canada
Female,21,CS,78.53879,7.324726135,93.29,93.61,A,18.722,Yes,No,High,6,4.8,5,Australia
Male,21,CS,79.9026,8.081107814,80.96,81.7,B,16.34,Yes,Yes,High,4,8,8,Australia
Male,24,Engineering,72.65152,7.754954955,82.27,86.08,A,17.216,Yes,Yes,High,4,4.8,5,Japan
Female,18,Business,62.74767,4.906055901,57.22,63.19,C,12.638,No,Yes,Low,1,7.5,8,Canada
Male,22,CS,79.99895,6.870560379,86.62,87.05,C,17.41,Yes,No,High,8,4.8,5,Australia
Male,18,Business,72.546,7.570754717,73.7,80.25,C,16.05,Yes,No,High,2,8.1,8,France
Male,23,CS,53.2005,5.208688245,52.83,61.15,F,12.23,No,Yes,Low,6,6.5,7,US
Female,19,Business,84.73619,8.420552677,91.75,97.51,A,19.502,Yes,Yes,High,10,6.1,6,Canada
Male,19,Mathematics,61.04148,6.971428571,71.64,75.64,D,15.128,Yes,Yes,High,10,5.7,6,US
Female,19,Engineering,76.08256,7.258899676,85.68,89.72,B,17.944,Yes,Yes,High,1,7.4,7,Japan
Female,21,CS,73.07624,6.508532423,70.65,76.28,D,15.256,Yes,Yes,High,1,4.4,4,France
Female,22,Business,95.58685,7.580392157,91.54,96.65,D,19.33,Yes,Yes,High,10,8.3,8,Australia
Male,18,Engineering,56.08998,5.049557522,54.73,57.06,A,11.412,No,Yes,Low,2,7.8,8,Canada
Male,18,Engineering,77.15538,6.326513912,74.48,77.31,F,15.462,Yes,Yes,High,6,5.9,6,France
Male,23,Engineering,49.51716,4.362553191,46.62,51.26,B,10.252,No,Yes,Low,4,8.9,9,Japan
Female,19,CS,58.79234,5.40831075,54.31,59.87,B,11.974,No,Yes,Low,8,8.2,8,France
Female,22,Business,57.32475,5.224306688,55.25,64.05,A,12.81,No,Yes,Low,7,5.4,5,Canada
Male,22,CS,67.81323,7.319085487,69.07,73.63,B,14.726,Yes,Yes,High,4,8.4,8,US
Female,23,Mathematics,86.91455,7.423327896,85.67,91.01,C,18.202,Yes,Yes,High,4,4.5,5,US
Male,20,CS,61.5972,5.774015748,67.18,73.33,A,14.666,Yes,Yes,High,5,7.4,7,France
Male,22,Business,71.50296,7.261395349,70.18,78.06,A,15.612,Yes,Yes,High,7,4.7,5,US
Male,22,CS,91.871,7.580772262,88.27,96.2,C,19.24,Yes,Yes,High,10,8.9,9,US
Male,18,CS,71.23013,8.364761905,84.19,87.83,F,17.566,Yes,Yes,High,9,4.2,4,Japan
Male,23,CS,42.79565,4.262175325,49.61,52.51,C,10.502,No,Yes,Low,5,5.2,5,Japan
Male,22,Business,51.29104,4.988973707,52.63,58.82,C,11.764,No,Yes,Low,3,6.7,7,US
Male,22,Engineering,42.67002,4.833333333,42.93,51.91,A,10.382,No,Yes,Low,9,6.9,7,Japan
Female,18,Business,46.44805,4.859090909,48.83,53.45,B,10.69,No,Yes,Low,1,6.6,7,US
Male,22,CS,56.76512,5.960819234,57.83,66.94,D,13.388,No,Yes,High,2,7.7,8,US
Female,18,Engineering,84.57581,7.88229927,83.79,86.39,C,17.278,Yes,Yes,High,4,4,4,Japan
Female,20,Business,60.3534,4.845794393,62.07,62.22,F,12.444,No,Yes,Low,6,6.8,7,Japan
Male,21,CS,67.73053,5.515847861,60.95,69.61,A,13.922,No,Yes,High,3,7.1,7,US
Female,24,Engineering,63.48759,5.773819387,68.33,69.69,A,13.938,No,No,High,10,5,5,Japan
Female,18,Engineering,76.57776,6.593698176,73.65,79.52,A,15.904,Yes,Yes,High,3,7.3,7,US
Female,18,CS,77.0451,8.405861456,89.65,94.65,B,18.93,Yes,Yes,High,9,7.3,7,Australia
Male,22,CS,88.05408,8.460750853,89.45,99.16,D,19.832,Yes,Yes,High,3,6.7,7,US
Male,18,Engineering,69.96056,7.137900356,78.17,80.23,A,16.046,Yes,Yes,High,5,5.3,5,US
Male,23,CS,62.608,7.039289055,72.59,75.25,B,15.05,Yes,Yes,High,3,6.1,6,Australia
Male,19,Business,71.14014,8.179961089,83.19,84.09,F,16.818,Yes,Yes,High,1,5.4,5,US
Male,19,Mathematics,80.8146,6.587677725,79.5,83.4,B,16.68,Yes,Yes,High,5,7.8,8,US
Female,20,Engineering,63.1698,6.713656388,70.48,76.2,B,15.24,Yes,Yes,High,5,7.1,7,Japan
Female,18,Engineering,76.86225,8.026802218,84.91,86.85,D,17.37,Yes,Yes,High,3,4.8,5,Australia
Male,23,CS,66.13472,7.007518797,66.87,74.56,F,14.912,Yes,No,High,9,6.8,7,Australia
Female,22,Business,97.62396,8.82581786,90.9,99.82,D,19.964,Yes,No,High,10,8.5,9,Japan
Female,22,CS,49.0932,4.798719122,43.03,52.45,D,10.49,No,Yes,Low,4,8.2,8,Canada
Female,24,Engineering,59.67632,6.302183406,67.55,72.16,A,14.432,Yes,Yes,High,3,8.5,9,Japan
Female,21,Mathematics,66.14795,6.665076336,61.4,69.85,F,13.97,No,Yes,High,5,8.6,9,Japan
Male,20,Engineering,82.85472,8.039963669,81.31,88.52,C,17.704,Yes,Yes,High,7,4.9,5,Canada
Male,23,Business,59.18276,5.564485981,55.17,59.54,F,11.908,No,Yes,Low,2,7.6,8,Japan
Male,23,Engineering,64.3149,6.530054645,63.72,71.7,A,14.34,Yes,Yes,High,5,7.2,7,Australia
Female,24,CS,77.6835,8.274853801,79.88,84.9,C,16.98,Yes,Yes,High,3,4.2,4,Japan
Female,24,Business,68.136,6.495948136,75.55,80.16,B,16.032,Yes,Yes,High,9,7.9,8,Japan
Male,22,CS,75.40576,6.71826087,72.42,77.26,B,15.452,Yes,Yes,High,8,5,5,Canada
Male,21,Business,70.24325,6.680633147,62.07,71.75,F,14.35,Yes,Yes,High,9,8.6,9,Japan
Female,22,CS,70.2552,8.126159555,80.26,87.6,F,17.52,Yes,Yes,High,6,8.2,8,Canada
Male,21,Business,66.10296,6.436278342,73.67,82.32,C,16.464,Yes,Yes,High,4,7.8,8,Japan
Male,19,CS,75.64818,9.253701876,93.13,93.74,D,18.748,Yes,No,High,9,7.5,8,Japan
Female,23,Engineering,84.7437,7.913242009,78.01,86.65,C,17.33,Yes,Yes,High,4,6.4,6,Japan
Female,24,Engineering,46.69938,4.677604594,54.61,57.02,C,11.404,No,No,Low,4,8,8,US
Male,19,Engineering,80.1702,7.381950775,78.45,80.98,A,16.196,Yes,Yes,High,2,8.1,8,France
Female,22,CS,51.81216,4.537793223,45.4,52.23,F,10.446,No,Yes,Low,1,4.5,5,France
Male,20,Engineering,61.7393,6.215949821,59.48,69.37,F,13.874,No,Yes,High,10,5.7,6,Japan
Female,18,CS,58.5274,6.483011938,62.09,70.6,D,14.12,Yes,No,High,4,5.6,6,France
Female,20,Engineering,86.15546,8.823977165,86.65,92.74,A,18.548,Yes,Yes,High,6,4.6,5,Japan
Male,20,CS,49.75386,4.833742834,49.02,59.02,F,11.804,No,Yes,Low,4,8.9,9,Japan
Female,18,Engineering,75.1947,7.595194085,72.75,82.18,A,16.436,Yes,Yes,High,4,6.9,7,France
Male,23,CS,53.77724,5.624528302,57.08,59.62,A,11.924,No,Yes,Low,2,6.9,7,France
Female,19,Mathematics,79.01573,7.500384911,95.55,97.43,F,19.486,Yes,Yes,High,3,5.9,6,US
Male,19,Engineering,66.91125,7.067467652,71.21,76.47,C,15.294,Yes,Yes,High,3,7.8,8,Australia
Female,23,CS,76.44195,6.767828843,80.23,85.41,D,17.082,Yes,Yes,High,7,6.4,6,US
Female,18,Engineering,68.99254,8.135375494,80.42,82.33,D,16.466,Yes,Yes,High,4,7.7,8,Japan
Male,21,Business,60.2915,5.037094281,56.82,65.18,D,13.036,No,No,High,3,8.4,8,Japan
Female,20,CS,90.40206,9.384007897,85.67,95.06,A,19.012,Yes,Yes,High,5,7.3,7,France
Male,22,Engineering,81.03456,8.087475149,81.21,81.36,C,16.272,Yes,Yes,High,4,7.1,7,France
Female,19,Engineering,68.57216,5.923137255,74.83,75.52,A,15.104,Yes,Yes,High,1,7.9,8,France
Female,23,CS,63.96354,6.599309154,74.47,76.42,C,15.284,Yes,Yes,High,6,6.5,7,Japan
Male,22,Business,78.93255,8.625,91.62,94.53,D,18.906,Yes,Yes,High,5,8.1,8,Australia
Female,24,CS,47.45216,5.005671078,46.89,52.96,D,10.592,No,Yes,Low,7,4.5,5,Australia
Female,18,CS,62.85225,5.711348684,66.58,69.45,D,13.89,No,Yes,High,8,5.2,5,Japan
Male,22,Business,82.50368,8.67860509,87.17,92.08,B,18.416,Yes,Yes,High,3,8.6,9,France
Female,22,Engineering,49.64916,4.120730739,48.7,51.88,D,10.376,No,Yes,Low,4,4.9,5,Japan
Male,20,Business,66.87936,6.756801319,72.62,81.96,A,16.392,Yes,Yes,High,5,6.3,6,US
Male,18,Engineering,64.33672,5.685575365,67.21,70.16,A,14.032,Yes,Yes,High,8,6.4,6,Canada
Male,22,Business,58.4231,4.994195688,59.73,60.23,F,12.046,No,Yes,Low,10,6.1,6,Japan
Female,19,Business,64.53657,6.36916996,75.63,80.57,C,16.114,Yes,No,High,7,8.3,8,US
Female,18,CS,76.07805,8.572097378,88.79,91.55,D,18.31,Yes,Yes,High,7,7.7,8,France
Male,19,Business,63.68516,6.308684437,66.47,73.37,C,14.674,Yes,Yes,High,5,8.1,8,Australia
Female,23,Engineering,50.86058,4.51140834,52.97,57.34,F,11.468,No,Yes,Low,4,9,9,Japan
Male,23,CS,57.73404,5.582051282,65.08,65.31,D,13.062,No,Yes,High,1,8.9,9,France
Female,24,Engineering,85.00206,8.562662057,91.17,99.07,F,19.814,Yes,Yes,High,6,8.5,9,Japan
Male,21,CS,50.60605,5.280418251,46.56,55.55,A,11.11,No,Yes,Low,9,6.8,7,France
Male,23,Business,54.78976,5.247739602,53.53,58.04,C,11.608,No,Yes,Low,2,5.5,6,Japan
Female,22,Engineering,83.09085,9.698830409,93.3,99.51,F,19.902,Yes,Yes,High,1,7.6,8,US
Male,18,Mathematics,86.11065,7.935075885,91.47,94.11,D,18.822,Yes,No,High,10,8.7,9,Japan
Male,23,CS,83.6528,7.173109244,82.35,85.36,B,17.072,Yes,Yes,High,5,9,9,Japan
Female,19,Engineering,51.96765,4.644874899,53.75,57.55,A,11.51,No,Yes,Low,4,7.1,7,France
Male,22,CS,50.92663,4.81973582,57.19,62.03,F,12.406,No,Yes,Low,4,7.5,8,Japan
Male,23,Engineering,53.16801,5.609315589,53.06,59.01,D,11.802,No,Yes,Low,1,5.4,5,Japan
Female,20,Business,76.1677,6.97008547,75.93,81.55,D,16.31,Yes,Yes,High,1,5,5,France
Male,19,Business,63.08588,6.358181818,69.28,69.94,B,13.988,No,Yes,High,1,7.2,7,France
Male,24,Business,43.06458,4.204654896,44.16,52.39,D,10.478,No,Yes,Low,8,5.1,5,Canada
Male,24,Business,55.5216,5.805755396,55.3,64.56,F,12.912,No,Yes,Low,1,6,6,Japan
Male,24,CS,75.63339,8.182058047,89.56,93.03,A,18.606,Yes,Yes,High,5,6.5,7,Canada
Male,19,CS,76.5096,8.003565062,85.32,89.8,A,17.96,Yes,Yes,High,10,8.7,9,Australia
Male,24,Engineering,66.7058,7.263483643,77.62,82.15,C,16.43,Yes,Yes,High,6,8.9,9,Canada
Male,21,Engineering,44.781,4.230709275,53.3,54.28,A,10.856,No,Yes,Low,7,5.2,5,Japan
Male,20,CS,78.1362,7.805970149,90.22,94.14,C,18.828,Yes,Yes,High,5,4.7,5,France
Female,21,Engineering,67.75259,7.19793621,68.49,76.73,D,15.346,Yes,Yes,High,9,5.1,5,Canada
Male,23,Engineering,71.44188,5.926249009,69.69,74.73,B,14.946,Yes,No,High,1,6.6,7,US
Male,20,CS,90.1244,9.388349515,87.95,96.7,D,19.34,Yes,Yes,High,7,7.9,8,Australia
Female,19,Business,49.83472,4.535971223,46.47,50.44,A,10.088,No,Yes,Low,6,6.6,7,US
Male,21,Engineering,71.41122,6.149407115,77.06,77.79,C,15.558,Yes,Yes,High,9,8.7,9,Japan
Male,22,CS,78.00676,8.653140097,87.58,89.56,C,17.912,Yes,Yes,High,6,7.2,7,France
Male,20,CS,43.76714,5.007532957,48.29,53.18,A,10.636,No,Yes,Low,2,6.4,6,US
Male,19,Business,62.36334,6.30669145,65.43,67.86,D,13.572,No,No,High,9,7.9,8,Canada
Male,18,Mathematics,91.65249,9.702649657,94.8,98.87,B,19.774,Yes,Yes,High,4,8.8,9,US
Male,20,Engineering,53.19802,4.726209048,57.42,60.59,A,12.118,No,Yes,Low,9,5.7,6,Japan
Female,20,CS,69.74616,6.841823056,73.13,76.56,C,15.312,Yes,Yes,High,3,5.4,5,Japan
Female,23,Mathematics,86.3397,6.847058824,79.49,87.3,C,17.46,Yes,Yes,High,3,5.1,5,Australia
Female,22,Engineering,61.03856,6.54613936,64.11,69.52,A,13.904,No,Yes,High,5,6.7,7,Japan
Female,23,Business,68.84142,5.88053467,68.17,70.39,A,14.078,Yes,Yes,High,8,6.3,6,Japan
Female,24,Business,43.0596,5.106628242,45.54,53.16,B,10.632,No,Yes,Low,9,5.2,5,Australia
Male,20,CS,57.5365,5.076791809,53.11,59.5,C,11.9,No,Yes,Low,4,7.6,8,Japan
Male,20,Engineering,83.12252,9.200587084,90.53,94.03,D,18.806,Yes,Yes,High,8,5.5,6,Canada
Male,24,CS,73.37244,7.711620017,84.83,90.92,F,18.184,Yes,Yes,High,10,7.8,8,France
Male,22,CS,54.92366,5.320554649,59.89,65.23,F,13.046,No,Yes,High,5,8.2,8,Japan
Male,22,Business,65.29005,6.391304348,62.28,69.09,C,13.818,No,Yes,High,9,8.3,8,France
Female,21,Business,70.86768,5.912972085,69.13,72.02,A,14.404,Yes,No,High,3,4.7,5,US
Female,19,Business,56.3301,5.388310649,58.26,67.3,A,13.46,No,Yes,High,8,5.5,6,Japan
Male,19,Engineering,77.2418,6.789819376,76.74,82.7,A,16.54,Yes,Yes,High,5,6.6,7,Canada
Male,21,CS,50.18424,3.922540666,49.6,50.64,F,10.128,No,Yes,Low,8,8.2,8,Japan
Male,19,CS,76.71216,7.966949153,84.37,94.01,D,18.802,Yes,Yes,High,10,6,6,Australia
Female,20,CS,54.03993,6.106103286,59.83,65.03,A,13.006,No,Yes,High,1,7.3,7,Australia
Female,21,Engineering,83.22818,8.036051502,84.48,93.62,A,18.724,Yes,Yes,High,9,6.3,6,Australia
Male,21,Engineering,66.1752,6.628988149,71.43,72.72,B,14.544,Yes,Yes,High,5,4.1,4,US
Female,19,CS,82.86906,8.707843137,88.2,88.82,B,17.764,Yes,Yes,High,3,5.6,6,Japan
Male,18,Mathematics,81.88713,7.176886792,85.01,91.29,A,18.258,Yes,No,High,2,7.8,8,France
Female,19,CS,61.93712,6.13195099,59.44,65.06,D,13.012,No,Yes,High,3,7.7,8,US
Female,23,Business,72.5877,7.774407583,77.85,82.02,F,16.404,Yes,Yes,High,1,8.4,8,Canada
Male,18,Engineering,79.88778,6.518248175,79.01,80.37,A,16.074,Yes,Yes,High,6,7,7,US
Female,21,CS,60.147,5.975708502,73.69,73.8,D,14.76,Yes,Yes,High,7,7.8,8,Japan
Female,18,Business,65.32372,5.772191673,71.12,73.48,A,14.696,Yes,Yes,High,10,6.1,6,Australia
Male,20,Business,56.58042,5.054996127,56.88,65.26,A,13.052,No,Yes,High,7,5.7,6,Japan
Female,22,Engineering,59.74512,5.843889384,55.99,65.51,A,13.102,No,No,High,2,5.7,6,Canada
Male,18,Engineering,67.19188,6.413421707,69.16,77.41,C,15.482,Yes,Yes,High,3,4.8,5,Japan
Female,23,CS,48.61662,4.543133803,46.12,51.61,A,10.322,No,Yes,Low,4,6.2,6,Australia
Male,22,Engineering,87.012,8.151770658,94.95,96.68,D,19.336,Yes,Yes,High,10,8.1,8,Japan
Male,20,Mathematics,78.7875,6.465517241,77.02,82.5,D,16.5,Yes,Yes,High,7,4.1,4,Canada
Female,23,CS,65.81904,7.068560235,65.2,72.17,F,14.434,Yes,Yes,High,10,6.9,7,Australia
Female,24,CS,45.02032,4.560996564,50.44,53.09,B,10.618,No,Yes,Low,8,4.9,5,US
Male,22,Mathematics,80.848,6.763485477,79.66,81.5,B,16.3,Yes,Yes,High,9,7.7,8,US
Female,24,CS,41.32268,4.769447048,44,50.89,F,10.178,No,Yes,Low,6,4.7,5,Canada
Female,20,Engineering,72.06342,7.748154982,80.45,83.99,A,16.798,Yes,Yes,High,7,4.8,5,Australia
Female,22,Engineering,52.66466,4.572037511,51.82,53.63,D,10.726,No,Yes,Low,8,4.2,4,US
Male,22,Engineering,74.28057,7.175909879,73.38,82.81,B,16.562,Yes,Yes,High,7,6.2,6,France
Male,19,Engineering,63.33129,6.637393768,60.77,70.29,D,14.058,Yes,Yes,High,7,7.2,7,Canada
Male,23,CS,72.82188,8.134050881,77.03,83.13,F,16.626,Yes,No,High,9,5.4,5,Japan
Female,23,CS,54.18784,4.997366111,47.37,56.92,D,11.384,No,Yes,Low,10,4.2,4,Japan
Female,18,Business,49.44495,4.434126984,50.98,55.87,F,11.174,No,Yes,Low,6,8.7,9,Japan
Male,24,Business,61.7463,5.376724138,61.46,62.37,A,12.474,No,Yes,Low,1,8.3,8,France
Male,24,Engineering,61.96924,6.094991364,61.68,70.58,B,14.116,Yes,No,High,3,6.3,6,Australia
Female,23,Engineering,53.6284,4.944751381,61.49,62.65,A,12.53,No,Yes,Low,5,8.1,8,Australia
Female,23,CS,46.7424,4.366424536,53.52,54.1,F,10.82,No,Yes,Low,9,8,8,US
Female,22,CS,60.42,6.572420635,57.89,66.25,A,13.25,No,Yes,High,1,6.8,7,Japan
Female,24,Business,84.01065,7.481578947,77.09,85.29,B,17.058,Yes,Yes,High,2,6.6,7,Japan
Male,21,Engineering,75.58825,6.311802233,70.07,79.15,B,15.83,Yes,Yes,High,3,7.3,7,Japan
Female,19,CS,79.22319,8.973491773,92.5,98.17,B,19.634,Yes,Yes,High,4,7.6,8,Japan
Female,18,CS,59.4504,5.924092409,63.66,71.8,C,14.36,Yes,Yes,High,6,8.1,8,US
Male,19,CS,60.44248,5.169899147,61.65,66.64,D,13.328,No,Yes,High,7,6.9,7,US
Male,18,CS,68.1674,7.402097902,79.42,84.68,A,16.936,Yes,Yes,High,7,7.7,8,France
Female,20,Business,58.3156,5.498442368,61.1,70.6,A,14.12,Yes,No,High,2,4.9,5,Canada
Male,22,Mathematics,71.2096,7.765834933,72.59,80.92,C,16.184,Yes,Yes,High,3,7.7,8,US
Female,23,Business,88.06555,8.862477231,92.44,97.31,D,19.462,Yes,Yes,High,1,4.3,4,Japan
Female,23,Mathematics,68.81328,6.789855072,71.29,74.96,D,14.992,Yes,Yes,High,1,7.3,7,Canada
Male,21,Mathematics,67.419,7.073654391,70.42,74.91,D,14.982,Yes,Yes,High,6,7.6,8,France
Male,24,Engineering,88.49372,7,88.47,88.76,D,17.752,Yes,Yes,High,4,8.8,9,France
Female,24,CS,75.1568,7.641427328,86.87,87.8,D,17.56,Yes,Yes,High,10,6.1,6,Canada
Male,19,Business,74.74866,6.626748252,68.16,75.81,B,15.162,Yes,Yes,High,4,4.6,5,US
Female,19,CS,42.96468,5.134040501,53.18,53.24,A,10.648,No,Yes,Low,9,5.7,6,Australia
Female,19,CS,95.96976,9.136531365,90.14,99.04,F,19.808,Yes,Yes,High,8,6.1,6,Japan
Female,24,CS,57.50645,6.341620626,65.3,68.87,F,13.774,No,No,High,3,7.8,8,Japan
Male,23,Engineering,56.22736,5.868092692,62.12,65.84,C,13.168,No,Yes,High,3,4.9,5,Australia
Female,24,CS,86.99224,8.660839161,93.85,99.08,A,19.816,Yes,Yes,High,8,4.8,5,France
Female,19,CS,79.00684,7.820384294,86.11,93.61,D,18.722,Yes,Yes,High,2,5.1,5,Australia
Female,22,Engineering,59.12739,5.329326923,65.26,66.51,D,13.302,No,Yes,High,10,5.2,5,Canada
Male,18,Business,65.02748,6.218631179,57.56,65.42,B,13.084,No,Yes,High,5,8.6,9,Japan
Female,23,Engineering,82.00565,8.117924528,80.76,86.05,D,17.21,Yes,Yes,High,6,4.8,5,Australia
Female,22,Business,53.50944,5.962466488,62.72,66.72,F,13.344,No,No,High,5,6.1,6,US
Female,20,CS,58.12753,4.846630519,61.19,62.57,B,12.514,No,Yes,Low,1,6,6,Japan
Male,22,CS,85.6177,8.275919732,98.15,98.98,B,19.796,Yes,Yes,High,5,4.6,5,Australia
Female,22,Engineering,71.47877,7.564251208,75.26,78.29,B,15.658,Yes,Yes,High,9,4.5,5,France
Female,20,Engineering,71.90592,8.424474187,78.21,88.12,A,17.624,Yes,Yes,High,10,8.5,9,Canada
Male,22,Engineering,83.4231,7.283163265,79.87,85.65,F,17.13,Yes,Yes,High,2,8.2,8,Canada
Male,18,Business,73.2963,7.200984413,78.18,87.78,B,17.556,Yes,No,High,3,8.7,9,Japan
Female,23,Business,92.21973,8.919400187,92.47,95.17,A,19.034,Yes,Yes,High,6,5.6,6,Japan
Female,21,Mathematics,72.0384,6.890725436,68.79,75.04,A,15.008,Yes,No,High,3,6.6,7,Canada
Female,24,CS,78.81533,7.616854909,87.06,87.67,B,17.534,Yes,Yes,High,6,5.3,5,Australia
Male,20,CS,83.73088,8.842519685,88.87,89.84,D,17.968,Yes,Yes,High,7,6,6,Japan
Male,23,Engineering,90.9942,9.68358209,95.4,97.32,A,19.464,Yes,Yes,High,3,8,8,US
Female,19,CS,72.1173,6.901692184,80.71,85.65,D,17.13,Yes,Yes,High,4,6.4,6,France
Male,18,CS,82.51736,9.160696999,93.29,94.63,C,18.926,Yes,Yes,High,6,4.5,5,Canada
Female,21,CS,50.808,4.581589958,54.53,54.75,B,10.95,No,Yes,Low,1,4,4,Japan
Female,18,CS,47.4609,5.136861314,52.87,56.3,B,11.26,No,Yes,Low,1,5.2,5,France
Male,18,CS,52.88096,4.525,49.65,57.92,A,11.584,No,Yes,Low,5,4.9,5,Japan
Female,19,CS,47.45196,5.251376147,51.37,57.24,A,11.448,No,Yes,Low,8,8,8,Japan
Male,21,Engineering,53.78182,4.62414966,51.75,54.38,F,10.876,No,Yes,Low,1,7.3,7,Canada
Male,24,Engineering,47.1492,5.391930836,46.98,56.13,A,11.226,No,Yes,Low,1,8.2,8,France
Female,18,Business,94.81,8.700959024,98.4,99.8,C,19.96,Yes,Yes,High,1,6.1,6,France
Male,19,Engineering,59.66618,5.488352028,59.04,63.61,A,12.722,No,Yes,Low,10,6.9,7,Canada
Female,20,CS,62.076,5.814319434,65.58,73.9,F,14.78,Yes,Yes,High,1,6.1,6,France
Male,19,CS,76.32504,7.060465116,82.33,91.08,C,18.216,Yes,No,High,9,5.1,5,Japan
Female,22,CS,46.35768,4.791773779,51.13,55.92,B,11.184,No,Yes,Low,2,7.2,7,Japan
Female,23,Business,54.93558,5.923561151,59.8,65.87,B,13.174,No,Yes,High,6,5.9,6,Japan
Female,19,Business,48.74436,4.666666667,56.49,57.96,A,11.592,No,Yes,Low,2,5.2,5,Japan
Male,19,CS,47.97639,5.286567164,50.82,53.13,A,10.626,No,Yes,Low,5,8.7,9,Canada
Female,19,CS,89.41248,9.527696793,90.78,98.04,B,19.608,Yes,Yes,High,5,4.5,5,Canada
Male,24,Mathematics,74.52184,7.560618389,87.01,92.92,D,18.584,Yes,Yes,High,9,7.9,8,Australia
Male,18,Engineering,93.0204,7.589660743,86,93.96,A,18.792,Yes,Yes,High,4,6.7,7,US
Male,24,Business,77.36004,8.401978417,85.66,93.43,C,18.686,Yes,Yes,High,6,7.8,8,Canada
Male,21,CS,49.6478,5.306066176,54.43,57.73,A,11.546,No,Yes,Low,4,4.4,4,US
Male,19,CS,72.20325,7.418952618,87.73,89.25,A,17.85,Yes,Yes,High,6,6,6,US
Female,19,Business,79.4788,7.918423465,77.43,86.39,D,17.278,Yes,Yes,High,3,8,8,Japan
Male,22,Engineering,82.31085,7.87806874,86.48,96.27,D,19.254,Yes,Yes,High,4,8.1,8,Australia
Female,22,Engineering,49.75152,5.907945736,56.22,60.97,A,12.194,No,Yes,Low,9,7.9,8,US
Female,20,Engineering,70.2758,6.301247772,70.15,70.7,D,14.14,Yes,Yes,High,1,7.7,8,US
Male,20,Engineering,52.1885,5.89708561,59.31,64.75,B,12.95,No,Yes,Low,7,5.9,6,Japan
Female,22,Business,50.7603,4.944968553,61.08,62.9,F,12.58,No,Yes,Low,3,7.6,8,France
Female,21,CS,80.88498,6.572792363,74.54,82.62,B,16.524,Yes,Yes,High,9,4.5,5,Japan
Male,20,CS,54.7662,4.480369515,52.01,58.2,B,11.64,No,Yes,Low,7,4.8,5,Australia
Female,23,Business,71.99492,6.604147881,64.62,73.24,C,14.648,Yes,Yes,High,2,6.7,7,France
Male,23,CS,79.11913,8.233,80.02,82.33,D,16.466,Yes,Yes,High,5,6.7,7,Japan
Male,21,Engineering,50.69844,5.078167116,48.07,56.52,D,11.304,No,Yes,Low,1,6.4,6,US
Male,22,Business,58.89045,5.879326473,61.71,62.85,A,12.57,No,Yes,Low,1,7.7,8,France
Female,20,Mathematics,90.99225,8.036764706,88.83,98.37,D,19.674,Yes,Yes,High,7,6.8,7,France
Female,19,Engineering,85.64058,7.175859313,86.96,89.77,A,17.954,Yes,Yes,High,7,4.3,4,Australia
Female,22,Engineering,72.53025,6.45,78.49,83.85,B,16.77,Yes,No,High,8,8.4,8,Australia
Female,20,Business,74.7968,8.234250222,88.75,92.8,A,18.56,Yes,Yes,High,8,7.1,7,Japan
Male,21,Business,49.4832,4.783018868,45.05,50.7,D,10.14,No,Yes,Low,7,8.5,9,US
Male,23,Business,42.755,4.336206897,48.17,50.3,F,10.06,No,Yes,Low,3,6.1,6,Australia
Female,21,Engineering,50.5452,5.684729064,55.89,57.7,B,11.54,No,Yes,Low,3,4,4,Canada
Male,20,CS,63.77028,7.202312139,71.55,74.76,D,14.952,Yes,Yes,High,2,7.8,8,Japan
Female,21,Engineering,77.0085,7.606589147,74.78,78.5,A,15.7,Yes,Yes,High,1,6.8,7,Canada
Male,20,Business,51.11424,5.353846154,53.6,55.68,B,11.136,No,Yes,Low,8,4.1,4,Japan
Male,20,Business,48.57066,4.597770154,50.87,53.61,A,10.722,No,Yes,Low,6,6.9,7,France
Male,21,CS,88.49456,7.337078652,81.69,91.42,F,18.284,Yes,Yes,High,5,8.7,9,US
Male,18,Engineering,66.55698,5.811111111,64.2,73.22,B,14.644,Yes,Yes,High,1,5,5,US
Male,19,Engineering,86.47016,9.173112339,95.46,99.62,B,19.924,Yes,Yes,High,5,5.4,5,Japan
Female,22,Mathematics,55.20006,4.779937792,53.56,61.47,A,12.294,No,Yes,Low,10,7.2,7,Canada
Female,23,Engineering,66.54688,6.706840391,74.51,82.36,F,16.472,Yes,Yes,High,8,8.1,8,Canada
Male,19,Engineering,89.40802,8.853778214,83.45,90.22,A,18.044,Yes,Yes,High,8,7.2,7,Canada
Female,22,CS,79.77276,8.758652947,92.64,93.63,B,18.726,Yes,Yes,High,10,7.4,7,Japan
Male,22,Engineering,57.74288,5.407284768,59.6,65.32,B,13.064,No,Yes,High,6,5.6,6,Australia
Male,23,CS,55.00652,4.617647059,49.69,59.66,C,11.932,No,Yes,Low,2,4.1,4,Japan
Male,19,Business,53.0245,5.194915254,61.01,61.3,A,12.26,No,Yes,Low,2,8.2,8,Australia
Male,23,Business,71.08902,6.67253803,77.3,83.34,C,16.668,Yes,Yes,High,2,9,9,Japan
Female,20,Engineering,66.83336,6.153597413,69.47,76.12,F,15.224,Yes,Yes,High,8,8.3,8,US
Male,23,Engineering,71.3154,6.280439906,74.18,79.95,C,15.99,Yes,Yes,High,8,6,6,US
Female,21,Business,45.21258,4.085668535,44.87,51.03,F,10.206,No,Yes,Low,8,5.8,6,Japan
Male,18,CS,57.51785,6.182222222,60.26,69.55,D,13.91,No,No,High,1,8.8,9,France
Male,18,CS,53.84922,6.360194175,59.02,65.51,A,13.102,No,No,High,9,8.9,9,Japan
Female,18,Mathematics,80.05021,7.877430262,90.44,93.19,F,18.638,Yes,Yes,High,10,7.1,7,Japan
Male,19,Business,78.95209,6.927457098,87.01,88.81,F,17.762,Yes,Yes,High,4,6.6,7,Japan
Male,19,Business,69.47856,5.713828937,66.09,71.48,A,14.296,Yes,Yes,High,9,6.6,7,Australia
Female,20,CS,67.50684,6.506783719,72.31,81.53,F,16.306,Yes,Yes,High,7,5,5,Australia
Female,24,CS,47.50866,4.066770186,49.15,52.38,C,10.476,No,Yes,Low,3,7.6,8,France
Female,18,CS,79.8135,7.523897059,71.92,81.86,F,16.372,Yes,Yes,High,10,4.9,5,Japan
Male,20,CS,45.97268,4.226502311,50.73,54.86,F,10.972,No,Yes,Low,10,5,5,US
Male,24,Business,76.7015,6.95052717,78,85.7,F,17.14,Yes,Yes,High,3,7.4,7,France
Female,18,CS,70.58493,6.668644068,73.61,78.69,A,15.738,Yes,Yes,High,2,8.3,8,Japan
Female,19,Business,56.63242,5.445561139,57.79,65.02,A,13.004,No,Yes,High,7,7.3,7,US
Male,24,CS,57.9163,6.558851675,62.88,68.54,C,13.708,No,Yes,High,8,6.4,6,Australia
Male,21,CS,52.0475,4.874776386,53.28,54.5,F,10.9,No,Yes,Low,1,7.5,8,Japan
Female,21,Mathematics,54.49936,5.303929431,57.12,66.14,C,13.228,No,Yes,High,7,6.3,6,Australia
Female,21,CS,89.09604,9.56614786,97.94,98.34,F,19.668,Yes,Yes,High,2,7.3,7,France
Female,23,CS,72.45225,7.13832853,67.23,74.31,C,14.862,Yes,Yes,High,7,7.9,8,US
Female,21,CS,59.77881,7.198242188,71.3,73.71,A,14.742,Yes,Yes,High,6,4.1,4,Japan
Male,22,CS,71.44042,6.956447481,79.8,81.46,D,16.292,Yes,Yes,High,9,5.1,5,Australia
Male,18,Engineering,70.73166,7.015122873,65.29,74.22,A,14.844,Yes,Yes,High,7,7.5,8,Canada
Male,21,CS,57.88412,5.935201401,59.45,67.78,F,13.556,No,Yes,High,9,6,6,US
Male,24,Engineering,53.73214,5.119496855,51.43,56.98,A,11.396,No,Yes,Low,5,6.6,7,France
Female,22,Business,80.37872,6.622258327,80.86,81.52,A,16.304,Yes,No,High,6,7.4,7,France
Male,22,Engineering,78.0054,7.429906542,86.28,87.45,A,17.49,Yes,Yes,High,6,6.6,7,US
Female,22,CS,81.736,9.088846881,87.46,96.16,D,19.232,Yes,Yes,High,3,8.2,8,France
Male,20,Engineering,45.88725,4.970267592,41.78,50.15,C,10.03,No,No,Low,3,5.9,6,US
Male,24,CS,48.79695,5.132820019,50.25,53.33,F,10.666,No,Yes,Low,1,7.5,8,Canada
Male,20,Engineering,91.74102,7.987384357,92.63,94.97,F,18.994,Yes,No,High,4,6.1,6,Australia
Female,22,Engineering,79.03164,6.498804781,74.94,81.56,C,16.312,Yes,Yes,High,3,6.6,7,Canada
Male,23,CS,79.5927,9.073215941,94.22,97.9,B,19.58,Yes,No,High,7,4.6,5,Canada
Female,21,Business,66.74682,6.711069418,69.62,71.54,B,14.308,Yes,Yes,High,6,8.2,8,Japan
Female,18,Mathematics,62.25957,5.730582524,64.21,70.83,B,14.166,Yes,Yes,High,9,5.6,6,Japan
Male,24,Business,54.97778,5.563741722,58.37,67.21,C,13.442,No,Yes,High,10,5.5,6,Japan
Female,23,CS,53.1402,5.350187266,49.72,57.14,C,11.428,No,Yes,Low,3,4.4,4,Canada
Male,19,Engineering,62.037,5.419025157,67.5,68.93,C,13.786,No,Yes,High,6,6.5,7,Japan
Female,20,Mathematics,43.17123,4.849904398,43.54,50.73,C,10.146,No,Yes,Low,9,6.1,6,Japan
Male,21,CS,66.03625,7.079737336,72,75.47,C,15.094,Yes,Yes,High,10,4.5,5,Canada
Female,21,Business,89.31212,8.567717996,87.34,92.36,B,18.472,Yes,Yes,High,3,7.8,8,US
Female,19,CS,54.10314,6.351923077,56.16,66.06,D,13.212,No,Yes,High,9,4.3,4,Canada
Male,19,CS,48.7097,4.784090909,47.23,54.73,C,10.946,No,Yes,Low,3,4.7,5,Japan
Male,24,Business,97.40703,9.761622156,88.86,98.69,B,19.738,Yes,Yes,High,1,6.3,6,Japan
Male,21,Business,56.28065,5.081008101,48.19,56.45,A,11.29,No,Yes,Low,3,5.8,6,Japan
Male,19,Business,69.5513,7.149672591,75.28,76.43,B,15.286,Yes,Yes,High,5,5.4,5,US
Female,21,Mathematics,81.50446,7.532056619,86.39,90.46,F,18.092,Yes,Yes,High,8,6.8,7,France
Female,23,CS,52.41294,5.066343042,55.08,62.62,C,12.524,No,Yes,Low,1,6.6,7,Australia
Female,24,CS,89.49204,7.087759815,86.43,92.07,B,18.414,Yes,Yes,High,4,6.2,6,US
Female,19,Mathematics,73.87965,7.407231208,72.53,77.85,B,15.57,Yes,Yes,High,10,7.9,8,Australia
Male,23,CS,62.1378,5.786272806,59.36,66.6,B,13.32,No,Yes,High,8,6.5,7,Canada
Female,23,Engineering,80.6872,8.09019948,83.82,93.28,A,18.656,Yes,Yes,High,6,8.9,9,Australia
Male,19,Engineering,65.8532,6.849662162,79.86,81.1,A,16.22,Yes,Yes,High,4,8,8,Japan
Female,24,CS,74.95456,6.369873817,71,80.77,A,16.154,Yes,Yes,High,3,4.5,5,Japan
Male,21,CS,62.5664,6.168990976,66.76,75.2,B,15.04,Yes,Yes,High,1,5.4,5,Canada
Male,22,Engineering,59.53316,6.058935361,55.04,63.74,D,12.748,No,Yes,Low,10,6.7,7,Japan
Male,21,Business,56.36736,5.788819876,61.34,65.24,C,13.048,No,Yes,High,8,6.3,6,Japan
Male,18,Business,50.592,4.448078496,47.17,54.4,B,10.88,No,Yes,Low,2,4.2,4,US
Male,19,Engineering,60.38649,5.455263158,58.17,62.19,B,12.438,No,Yes,Low,7,6.6,7,US
Female,20,Engineering,56.60654,5.219771242,61.47,63.89,B,12.778,No,Yes,Low,3,7,7,US
Male,24,CS,51.0871,4.639789658,45.01,52.94,A,10.588,No,Yes,Low,5,6.3,6,Canada
Female,19,CS,54.52064,5.070319635,55.1,55.52,B,11.104,No,Yes,Low,6,8.3,8,US
Female,18,Engineering,58.87377,5.377646063,56.25,63.51,A,12.702,No,Yes,Low,3,6.8,7,France
Male,23,CS,81.84736,6.988333333,81.77,83.86,B,16.772,Yes,Yes,High,6,7.9,8,Canada
Female,20,CS,58.26264,5.731848984,52.01,59.21,A,11.842,No,Yes,Low,7,6.9,7,Japan
Female,20,Engineering,68.25273,6.520137104,68.04,76.09,C,15.218,Yes,No,High,10,8.5,9,US
Female,21,Engineering,65.598,6.195562859,74.94,75.4,B,15.08,Yes,Yes,High,7,5.1,5,France
Male,22,CS,90.4162,8.143872114,90.02,91.7,F,18.34,Yes,Yes,High,2,8.2,8,Japan
Male,21,Engineering,75.95424,7.152,72.89,80.46,F,16.092,Yes,Yes,High,2,6.2,6,France
Male,24,Engineering,91.2492,9.145992366,88.27,95.85,A,19.17,Yes,No,High,3,7.5,8,Canada
Male,20,CS,76.60681,7.147497805,71.52,81.41,C,16.282,Yes,Yes,High,7,6.8,7,Japan
Female,20,Mathematics,48.04936,4.770232558,45.16,51.28,C,10.256,No,Yes,Low,1,4.5,5,US
Female,22,CS,68.93186,6.540719697,61.27,69.07,D,13.814,No,Yes,High,8,6.2,6,Japan
Female,24,Business,80.95735,6.923390383,82.15,84.95,A,16.99,Yes,Yes,High,4,7.4,7,Australia
Female,19,CS,65.49888,6.925821596,65.52,73.76,D,14.752,Yes,Yes,High,6,8.5,9,Australia
Female,22,Business,63.58912,6.608007449,69.36,70.97,A,14.194,Yes,Yes,High,5,5.1,5,Australia
Female,23,CS,80.40396,7.011744966,82.44,83.58,D,16.716,Yes,Yes,High,1,5.8,6,Japan
Male,21,Business,58.56819,6.193641618,56.32,64.29,B,12.858,No,No,Low,5,5.8,6,Japan
Female,19,CS,91.15475,8.075296108,88.13,95.45,A,19.09,Yes,Yes,High,5,6.6,7,Japan
Female,21,Business,66.7737,5.537617555,67.62,70.66,C,14.132,Yes,Yes,High,7,8.3,8,Japan
Female,22,Engineering,75.76924,6.62012987,79.22,81.56,A,16.312,Yes,Yes,High,9,6,6,Japan
Male,19,CS,97.73232,9.324553151,95.77,99.12,A,19.824,Yes,Yes,High,9,4.7,5,Canada
Female,22,Business,79.80738,8.013464991,79.95,89.27,A,17.854,Yes,Yes,High,1,6.5,7,France
Female,23,CS,74.20602,6.015710919,74.92,76.58,F,15.316,Yes,Yes,High,5,4.2,4,France
Male,18,Mathematics,83.02221,7.987113402,85.21,92.97,F,18.594,Yes,Yes,High,4,5.7,6,Canada
Female,20,CS,74.5091,6.583966245,74.33,78.02,A,15.604,Yes,Yes,High,7,6.6,7,France
Male,24,Engineering,71.86376,5.775641026,63.2,72.08,A,14.416,Yes,Yes,High,5,6.6,7,Japan
Male,19,Business,78.21445,8.929456625,93.13,93.67,F,18.734,Yes,Yes,High,2,8.1,8,Canada
Female,20,CS,43.656,4.991253644,50.4,51.36,B,10.272,No,Yes,Low,4,8,8,Canada
Female,18,CS,69.6663,5.707218167,67.4,70.37,C,14.074,Yes,Yes,High,10,5.4,5,France
Male,19,Business,58.5548,5.24609375,66.31,67.15,B,13.43,No,Yes,High,4,5.5,6,France
Female,20,Business,71.131,7.225969646,78.25,85.7,F,17.14,Yes,Yes,High,10,8.9,9,US
Female,20,Mathematics,48.95921,4.929892892,44.61,50.63,A,10.126,No,Yes,Low,3,6,6,Canada
Male,19,CS,78.888,8.141176471,82.92,83.04,F,16.608,Yes,Yes,High,5,4.7,5,France
Male,20,Engineering,56.14488,5.864111498,62.01,67.32,C,13.464,No,Yes,High,8,7.3,7,Japan
Female,20,CS,50.66347,4.931716083,49.8,54.89,A,10.978,No,Yes,Low,2,5.2,5,France
Male,19,CS,84.26602,9.151571165,95.59,99.02,B,19.804,Yes,Yes,High,2,7,7,US
Female,24,Business,55.21571,5.761406844,56.06,60.61,D,12.122,No,Yes,Low,9,8.1,8,Australia
Female,20,CS,54.37276,5.673675357,60.64,67.46,F,13.492,No,No,High,5,4.9,5,Japan
Female,20,Engineering,56.0048,4.995860927,51.29,60.35,F,12.07,No,Yes,Low,2,6.3,6,US
Female,24,Engineering,81.8535,6.750609261,81.37,83.1,A,16.62,Yes,Yes,High,2,5.9,6,Canada
Male,21,Business,74.33442,8.66180758,85.03,89.13,D,17.826,Yes,Yes,High,3,9,9,Canada
Female,23,Mathematics,88.28547,8.759887006,84.24,93.03,B,18.606,Yes,Yes,High,9,7.6,8,US
Male,21,Engineering,60.0438,5.868397493,61.89,65.55,B,13.11,No,Yes,High,6,4.4,4,France
Female,18,Engineering,71.04636,7.019337017,72.91,76.23,B,15.246,Yes,Yes,High,1,5.1,5,Japan
Female,21,Business,73.76292,6.901244813,74.02,83.16,A,16.632,Yes,Yes,High,10,4.8,5,US
Male,21,Engineering,67.38396,6.905084746,79.18,81.48,C,16.296,Yes,Yes,High,3,4.1,4,France
Female,18,CS,78.5928,7.828467153,77.04,85.8,D,17.16,Yes,Yes,High,5,5.6,6,Japan
Male,20,CS,83.71154,8.849,86.06,88.49,C,17.698,Yes,Yes,High,4,5.6,6,Australia
Male,20,CS,53.00442,4.992720655,51.84,54.87,D,10.974,No,Yes,Low,5,5.2,5,Japan
Female,21,Engineering,51.9938,4.749593496,50.69,58.42,A,11.684,No,Yes,Low,1,6.8,7,Japan
Female,18,Business,74.92608,8.119850187,79.31,86.72,B,17.344,Yes,Yes,High,1,5.1,5,Australia
Female,20,CS,73.75617,5.911128903,72.11,73.83,C,14.766,Yes,Yes,High,2,8.7,9,Australia
Female,22,CS,69.99435,6.445347787,70.59,71.35,D,14.27,Yes,Yes,High,9,7.7,8,Australia
Male,19,Mathematics,66.58455,6.059117402,65.51,72.77,A,14.554,Yes,Yes,High,3,4.6,5,US
Female,19,Business,56.938,6.86,60.47,68.6,F,13.72,No,Yes,High,8,5.3,5,Japan
Female,23,Engineering,68.0948,6.724429417,78.77,79.55,C,15.91,Yes,Yes,High,10,8.9,9,Japan
Female,19,CS,65.70681,5.527986633,60.76,66.17,B,13.234,No,Yes,High,3,5,5,Japan
Female,21,CS,81.18528,6.31969112,77.38,81.84,A,16.368,Yes,Yes,High,3,4.6,5,Australia
Female,19,CS,50.80985,5.588289963,56.79,60.13,C,12.026,No,Yes,Low,9,5.2,5,Japan
Male,19,CS,86.64968,8.770459082,78.91,87.88,B,17.576,Yes,No,High,9,7.6,8,Australia
Female,22,CS,88.1892,8.548944338,84.38,89.08,C,17.816,Yes,Yes,High,2,6.6,7,US
Male,20,Engineering,68.90589,7.692982456,78.01,78.93,A,15.786,Yes,Yes,High,8,4.3,4,Australia
Female,22,CS,64.22486,5.887360275,60.41,68.47,B,13.694,No,Yes,High,9,5.8,6,Australia
Female,21,CS,43.97424,4.484526967,48.58,50.72,F,10.144,No,No,Low,7,4.4,4,Australia
Female,19,CS,55.40704,5.011617516,51.54,56.08,B,11.216,No,Yes,Low,8,5.5,6,Canada
Male,24,Engineering,49.17578,5.271484375,44.97,53.98,A,10.796,No,Yes,Low,1,4.9,5,France
Female,20,Engineering,43.64064,4.720560748,41.48,50.51,A,10.102,No,Yes,Low,2,5.1,5,Japan
Male,23,Engineering,85.16279,8.085446009,85.24,86.11,D,17.222,Yes,Yes,High,8,7.9,8,Japan
Male,23,CS,95.1594,9.140186916,93.74,97.8,F,19.56,Yes,Yes,High,3,7.9,8,Australia
Female,19,CS,40.9536,4.220367279,45.51,50.56,F,10.112,No,Yes,Low,7,7.7,8,Japan
Male,19,CS,53.18228,4.390686661,49.12,55.63,F,11.126,No,Yes,Low,7,7.4,7,Japan
Female,23,CS,74.61006,8.605920444,85.43,93.03,D,18.606,Yes,Yes,High,8,5.2,5,France
Female,23,Business,79.19534,7.2472103,81,84.43,C,16.886,Yes,Yes,High,8,6.2,6,Japan
Male,24,Mathematics,62.37312,6.727969349,67.21,70.24,B,14.048,Yes,Yes,High,8,6.3,6,France
Female,21,Engineering,95.25584,8.415540541,90.66,99.64,B,19.928,Yes,Yes,High,5,6.7,7,US
Female,19,Mathematics,71.5988,7.868,70.79,78.68,F,15.736,Yes,Yes,High,1,8.3,8,Japan
Male,23,Engineering,73.21196,7.265448216,77.23,83.48,A,16.696,Yes,Yes,High,9,8.4,8,Japan
Male,24,CS,69.68238,6.720325203,74.38,82.66,A,16.532,Yes,Yes,High,9,5.1,5,Australia
Male,18,Mathematics,50.7462,5.065451533,52.55,61.14,A,12.228,No,Yes,Low,6,6.2,6,Canada
Male,23,CS,67.78751,6.697569757,72.62,74.41,A,14.882,Yes,Yes,High,9,4.7,5,US
Male,20,Engineering,56.74506,5.721542803,60.64,60.82,F,12.164,No,Yes,Low,7,7.2,7,Japan
Male,20,CS,69.4324,6.042433947,68.23,75.47,B,15.094,Yes,Yes,High,4,6.9,7,Japan
Female,18,CS,48.1899,4.798882682,45.77,51.54,A,10.308,No,Yes,Low,10,8.3,8,Australia
Male,21,Engineering,61.499,6.386321627,59.39,69.1,A,13.82,No,No,High,10,6.6,7,Japan
Male,19,Engineering,59.6907,6.534285714,58.91,68.61,D,13.722,No,Yes,High,4,7.9,8,France
Female,19,CS,63.6113,6.098205855,64.34,64.58,B,12.916,No,Yes,Low,1,5.6,6,France
Female,23,CS,46.78332,4.716783217,53.67,53.96,A,10.792,No,Yes,Low,9,7.5,8,Japan
Male,20,CS,72.69955,7.620481928,84.29,88.55,B,17.71,Yes,Yes,High,6,4.2,4,Japan
Male,21,Mathematics,65.55146,6.99015748,70.3,71.02,D,14.204,Yes,Yes,High,7,4.8,5,Japan
Female,21,Business,84.9859,8.298261665,83.95,90.7,F,18.14,Yes,Yes,High,2,6.2,6,Japan
Male,21,Engineering,79.21477,7.3845535,89.98,91.79,A,18.358,Yes,Yes,High,3,8.4,8,Japan
Male,23,CS,58.07076,5.751658768,57.27,60.68,A,12.136,No,Yes,Low,4,8.4,8,Japan
Female,19,Business,61.47555,5.897925311,62.02,71.07,C,14.214,Yes,Yes,High,3,7,7,France
Male,21,CS,83.4685,7.123344371,77.24,86.05,A,17.21,Yes,No,High,10,4.6,5,Japan
Female,23,CS,68.2227,6.553321678,68.1,74.97,B,14.994,Yes,Yes,High,9,7.4,7,US
Male,23,CS,76.797,7.886904762,84.15,92.75,A,18.55,Yes,Yes,High,8,4.9,5,Canada
Female,18,Business,78.26568,6.727739726,78.02,78.58,F,15.716,Yes,Yes,High,2,5.8,6,Japan
Female,22,CS,69.33948,8.035502959,71.87,81.48,D,16.296,Yes,Yes,High,9,5.6,6,Canada
Female,21,CS,79.43215,8.641199226,86.45,89.35,B,17.87,Yes,Yes,High,8,8.4,8,Canada
Male,22,Engineering,55.5489,4.614309211,54.85,56.11,C,11.222,No,Yes,Low,4,7.5,8,Australia
Female,19,CS,79.13079,6.508627773,76.44,79.21,A,15.842,Yes,Yes,High,3,4.4,4,US
Male,23,Engineering,45.15264,4.739737991,45.73,54.27,F,10.854,No,Yes,Low,4,8.2,8,France
Female,24,Engineering,50.61309,5.519264448,59.48,63.03,F,12.606,No,Yes,Low,2,6.2,6,Australia
Female,21,Engineering,49.1103,5.768791627,58.87,60.63,B,12.126,No,Yes,Low,8,7.8,8,France
Female,24,CS,74.04075,6.970640569,72.97,78.35,F,15.67,Yes,Yes,High,6,7.9,8,Japan
Male,20,CS,85.0084,8.865384615,83.55,92.2,B,18.44,Yes,Yes,High,10,9,9,US
Male,19,Business,47.40768,5.430488974,54.21,56.64,D,11.328,No,Yes,Low,1,5.7,6,Australia
Female,18,Business,80.72746,6.859581071,85.86,88.42,F,17.684,Yes,No,High,7,8.3,8,Canada
Male,18,CS,52.17795,5.406811731,52.94,57.15,A,11.43,No,Yes,Low,4,5.4,5,Australia
Male,22,CS,55.67328,4.65050821,58.34,59.48,F,11.896,No,No,Low,4,9,9,Japan
Male,23,CS,91.92015,7.631369427,95.31,95.85,F,19.17,Yes,Yes,High,5,6.1,6,Canada
Female,22,Engineering,44.73414,4.745300752,49.29,50.49,F,10.098,No,Yes,Low,8,7.3,7,Japan
Male,20,Business,50.16268,5.486709441,57.02,59.86,A,11.972,No,Yes,Low,10,9,9,Australia
Female,20,CS,56.64696,5.535519126,60.34,60.78,C,12.156,No,Yes,Low,2,5,5,US
Female,18,Engineering,54.22014,4.93,54.45,64.09,B,12.818,No,Yes,Low,7,7.1,7,France
Female,24,Business,65.51137,5.592288761,62.83,68.17,B,13.634,No,No,High,9,9,9,Japan
Male,21,Mathematics,49.58884,4.631402183,47.02,55.16,D,11.032,No,Yes,Low,8,8.7,9,Japan
Female,18,CS,69.3819,6.237892948,64.02,73.42,A,14.684,Yes,Yes,High,10,5.1,5,US
Male,18,CS,63.46279,5.744663383,60.23,69.97,F,13.994,No,Yes,High,10,4.5,5,Canada
Male,24,CS,71.6625,6.474103586,72.14,81.25,A,16.25,Yes,Yes,High,2,6.1,6,Australia
Female,24,Business,81.7075,8.851184834,90.42,93.38,D,18.676,Yes,Yes,High,4,7.8,8,Japan
Female,20,Business,58.85523,6.008333333,57.76,64.89,A,12.978,No,No,Low,1,7.9,8,US
Female,24,Engineering,76.31484,7.663032706,70.2,77.32,F,15.464,Yes,Yes,High,4,7,7,US
Male,22,CS,56.57025,5.796280642,61.66,68.57,F,13.714,No,Yes,High,5,7.1,7,Japan
Male,20,CS,44.62458,4.574318382,51.9,52.01,D,10.402,No,Yes,Low,6,4.6,5,US
Female,24,CS,89.4111,8.917727718,87.24,91.05,A,18.21,Yes,Yes,High,2,6.2,6,Australia
Female,23,Engineering,73.29387,6.831939799,76.91,81.71,B,16.342,Yes,Yes,High,5,6.9,7,France
Male,20,CS,46.55219,3.857582756,46.82,50.11,C,10.022,No,Yes,Low,5,7.4,7,France
Male,20,CS,54.48256,5.504845815,54.53,62.48,F,12.496,No,Yes,Low,4,4.5,5,Japan
Female,18,Business,62.7011,5.933816863,57.32,65.45,A,13.09,No,Yes,High,8,7.5,8,Australia
Male,21,CS,84.32998,8.45751634,90.14,90.58,B,18.116,Yes,Yes,High,10,8.7,9,Australia
Male,18,Engineering,76.94696,7.031948882,81.63,88.04,B,17.608,Yes,Yes,High,7,7.9,8,Australia
Male,19,CS,61.15356,5.475294118,62.2,69.81,A,13.962,No,Yes,High,2,7.1,7,Australia
Male,20,Business,57.34917,5.071866784,52.31,57.87,D,11.574,No,Yes,Low,8,4.5,5,Japan
Male,24,Engineering,57.8655,6.38121547,66.75,69.3,F,13.86,No,No,High,8,8,8,France
Male,24,Mathematics,81.36849,8.154054054,85.85,90.51,B,18.102,Yes,Yes,High,5,7.3,7,Australia
Female,24,Engineering,63.97822,6.44937833,65.99,72.62,B,14.524,Yes,Yes,High,7,6.7,7,Canada
Male,20,Mathematics,51.27101,4.641430948,47.33,55.79,A,11.158,No,Yes,Low,4,8,8,Japan
Female,24,Business,50.52789,4.151079137,49.41,51.93,F,10.386,No,Yes,Low,5,7.4,7,Japan
Female,19,Engineering,56.46949,5.974014337,58.54,66.67,F,13.334,No,Yes,High,3,6.3,6,Japan
Male,20,Mathematics,48.11796,5.032427695,56.52,57.42,A,11.484,No,Yes,Low,4,5.2,5,France
Female,24,CS,75.99475,8.27014218,81.56,87.25,D,17.45,Yes,Yes,High,4,6.5,7,France
Female,20,CS,63.74818,5.786425339,60.68,63.94,A,12.788,No,Yes,Low,7,4.8,5,Japan
Female,23,CS,82.98108,8.219789842,88.08,93.87,A,18.774,Yes,Yes,High,10,4.3,4,Australia
Male,20,Engineering,78.36303,7.365209472,72,80.87,A,16.174,Yes,Yes,High,10,5.2,5,Japan
Female,19,Business,58.74024,6.919563059,67.12,69.68,A,13.936,No,Yes,High,10,5.8,6,France
Male,18,Business,70.9205,7.899901865,78.92,80.5,F,16.1,Yes,Yes,High,1,7.2,7,Australia
Female,20,CS,58.15448,5.941284404,57.84,64.76,B,12.952,No,Yes,Low,7,6.5,7,Japan
Female,21,Engineering,46.85447,4.65497553,50.65,57.07,D,11.414,No,Yes,Low,5,7.7,8,US
Female,19,CS,94.08518,8.760927743,94.36,98.21,C,19.642,Yes,Yes,High,8,7.7,8,Canada
Female,22,Engineering,66.12336,6.497090607,69.47,78.16,A,15.632,Yes,Yes,High,8,7.5,8,US
Male,23,CS,46.23966,4.616865261,45.3,50.37,F,10.074,No,Yes,Low,6,6.7,7,France
Female,19,Mathematics,62.70264,5.083010085,57.65,65.52,B,13.104,No,Yes,High,3,7.3,7,Japan
Female,18,CS,52.182,5.418691589,50.58,57.98,A,11.596,No,Yes,Low,2,8.9,9,Japan
Male,24,CS,59.19831,5.499125874,53.93,62.91,C,12.582,No,No,Low,9,7.5,8,Canada
Male,24,Business,47.19426,4.878927911,47.61,52.79,C,10.558,No,No,Low,8,7.7,8,Australia
Male,19,Engineering,61.68975,5.582959641,61.6,62.25,B,12.45,No,Yes,Low,10,5.5,6,Australia
Female,22,CS,70.5177,7.433745583,74.46,84.15,A,16.83,Yes,Yes,High,5,6.4,6,France
Male,24,Engineering,80.56155,7.636744966,83.71,91.03,C,18.206,Yes,Yes,High,10,6.2,6,US
Male,23,CS,58.00557,5.198302469,61.96,67.37,B,13.474,No,Yes,High,3,5.8,6,France
Male,21,Mathematics,63.48408,6.533905579,74.27,76.12,D,15.224,Yes,Yes,High,7,6.3,6,Japan
Male,22,Engineering,44.38068,4.308519438,49.36,52.09,F,10.418,No,Yes,Low,2,7,7,France
Male,19,CS,44.06832,4.830823738,51.3,54.54,B,10.908,No,No,Low,5,7.1,7,Canada
Male,22,Engineering,74.6512,6.163621922,73.34,77.6,C,15.52,Yes,Yes,High,4,8.2,8,Japan
Female,24,CS,80.52625,9.084896347,88.01,92.03,A,18.406,Yes,Yes,High,5,7.3,7,Canada
Male,24,Business,50.1024,4.848484848,45.45,54.4,A,10.88,No,Yes,Low,10,8.3,8,Australia
Female,19,Mathematics,64.19165,5.761982128,65.57,70.93,A,14.186,Yes,Yes,High,5,7.3,7,Canada
Male,24,Business,93.88956,7.745283019,97.24,98.52,A,19.704,Yes,Yes,High,1,5.8,6,France
Male,24,CS,74.7684,6.994368463,82.23,86.94,F,17.388,Yes,Yes,High,10,7.2,7,Australia
Male,21,CS,48.98184,4.71496063,54.62,59.88,F,11.976,No,Yes,Low,8,7.6,8,Australia
Female,21,CS,56.8701,5.310743802,60.53,64.26,A,12.852,No,Yes,Low,2,7.4,7,Canada
Male,18,Engineering,81.9134,8.360515021,96.03,97.4,F,19.48,Yes,No,High,9,8.2,8,Japan
Male,21,Engineering,49.02315,4.931340872,54.81,61.05,A,12.21,No,Yes,Low,4,8.5,9,Japan
Male,20,Engineering,67.22265,6.019214703,63.82,72.05,D,14.41,Yes,No,High,8,5.7,6,Canada
Male,22,Mathematics,58.15524,5.971806167,66.32,67.78,B,13.556,No,Yes,High,10,4.4,4,Japan
Female,22,CS,72.9355,7.075023742,66.46,74.5,A,14.9,Yes,Yes,High,3,7.3,7,Japan
Female,19,CS,53.97759,5.560251799,53.18,61.83,D,12.366,No,Yes,Low,5,4.6,5,Australia
Female,21,CS,77.33034,6.815359477,77.98,83.42,A,16.684,Yes,Yes,High,1,8.4,8,Japan
Female,18,CS,58.27312,5.289631534,54.74,61.73,B,12.346,No,Yes,Low,6,8.1,8,Japan
Female,24,CS,68.97471,6.31284476,73.54,80.11,D,16.022,Yes,Yes,High,8,7.6,8,US
Male,18,Engineering,65.71752,5.366798419,64.48,67.89,F,13.578,No,Yes,High,4,8.6,9,Canada
Male,18,CS,52.74651,5.999041227,60.37,62.57,A,12.514,No,Yes,Low,1,8.4,8,France
Male,23,CS,81.78375,8.048433048,78.38,84.75,B,16.95,Yes,Yes,High,10,8.6,9,France
Female,24,Business,80.27842,7.8608,95.79,98.26,D,19.652,Yes,Yes,High,10,7.7,8,France
Male,20,CS,77.20622,7.562297735,88.94,93.47,F,18.694,Yes,Yes,High,8,5.8,6,Japan
Female,21,Engineering,49.50374,4.66838488,49.38,54.34,A,10.868,No,Yes,Low,6,4.2,4,Japan
Male,24,CS,69.52032,6.992307692,70.79,72.72,D,14.544,Yes,Yes,High,10,4.3,4,Australia
Female,18,Engineering,79.82508,8.457085828,75.7,84.74,A,16.948,Yes,Yes,High,8,8,8,Canada
Male,24,Mathematics,71.8796,6.963458111,68.32,78.13,C,15.626,Yes,Yes,High,2,5,5,US
Male,20,CS,80.53656,8.388726919,81.02,86.32,A,17.264,Yes,Yes,High,6,5.6,6,Canada
Male,22,Engineering,86.21748,7.964516129,89.36,98.76,D,19.752,Yes,Yes,High,2,6.9,7,Australia
Male,19,Business,61.47276,5.780361757,60.18,67.11,D,13.422,No,Yes,High,6,4.7,5,Japan
Female,21,Engineering,87.30044,7.746281715,88.03,88.54,B,17.708,Yes,Yes,High,6,8.9,9,Japan
Male,21,CS,52.9496,4.71958585,47.91,54.7,D,10.94,No,Yes,Low,10,8.1,8,Japan
Male,23,CS,80.02744,8.553522415,90.72,93.49,F,18.698,Yes,Yes,High,7,6.9,7,US
Male,22,Engineering,74.15928,8.302521008,85.99,88.92,B,17.784,Yes,Yes,High,1,8.5,9,Australia
Female,21,Business,72.7038,6.863718412,74.73,76.05,F,15.21,Yes,Yes,High,1,6.5,7,US
Male,23,CS,81.5808,7.619246862,85.49,91.05,B,18.21,Yes,Yes,High,1,8.5,9,Japan
Male,23,CS,67.41397,6.603011094,79.69,83.33,C,16.666,Yes,No,High,5,8.1,8,Australia
Male,23,CS,68.14158,6.253827558,76.82,77.61,A,15.522,Yes,Yes,High,1,4.1,4,Japan
Male,21,CS,87.2781,8.128654971,87.99,97.3,C,19.46,Yes,Yes,High,3,8,8,France
Male,21,CS,50.63296,4.658697444,54.17,56.51,C,11.302,No,Yes,Low,1,7.9,8,Japan
Female,21,CS,95.4647,8.215169002,97.72,99.65,F,19.93,Yes,Yes,High,7,5.6,6,Canada
Female,20,CS,50.56272,4.758450124,51.09,57.72,A,11.544,No,Yes,Low,8,6.5,7,Australia
Female,23,CS,66.38697,6.833795014,70.01,74.01,A,14.802,Yes,Yes,High,4,4.7,5,Canada
Male,20,Mathematics,49.62542,4.754440154,60.36,61.57,B,12.314,No,Yes,Low,9,7.3,7,France
Female,19,CS,56.0316,5.856353591,57.45,63.6,B,12.72,No,Yes,Low,8,7.4,7,US
Male,21,CS,66.57744,6.660408163,76.06,81.59,A,16.318,Yes,Yes,High,7,8.9,9,Australia
Male,24,CS,50.39476,4.759889604,46.76,51.74,D,10.348,No,Yes,Low,9,7.6,8,Australia
Male,22,Mathematics,95.5844,8.033112583,94.75,97.04,A,19.408,Yes,Yes,High,10,6.2,6,Australia
Male,18,Business,53.93514,4.963537626,57.15,63.98,A,12.796,No,Yes,Low,3,4.9,5,Japan
Female,19,Business,52.55838,5.941176471,59.71,63.63,A,12.726,No,Yes,Low,2,7.9,8,Japan
Female,24,CS,92.90046,7.977739726,90.26,93.18,C,18.636,Yes,Yes,High,10,5.8,6,Japan
Female,18,Business,75.35696,7.139158576,81.18,88.24,C,17.648,Yes,Yes,High,5,8.7,9,Australia
Male,18,Engineering,79.57768,7.953377735,80.31,83.59,C,16.718,Yes,Yes,High,10,5.4,5,Japan
Female,21,CS,51.8746,4.76475478,48.37,57.32,F,11.464,No,Yes,Low,9,5,5,Japan
Female,22,Engineering,76.88912,8.200185357,79.27,88.48,A,17.696,Yes,Yes,High,2,7.1,7,Japan
Male,18,Business,59.535,6.151898734,66.91,68.04,A,13.608,No,Yes,High,2,8.6,9,Australia
Female,23,Business,86.82999,8.752414399,99.32,99.69,D,19.938,Yes,Yes,High,5,4.7,5,Canada
Male,24,Business,73.5328,7.935422602,81.2,83.56,A,16.712,Yes,Yes,High,9,4.2,4,Japan
Female,18,Mathematics,79.94909,8.269369369,86.65,91.79,C,18.358,Yes,Yes,High,9,8.8,9,Japan
Female,19,CS,79.49473,7.428449015,81.63,86.69,F,17.338,Yes,Yes,High,10,4.7,5,US
Female,22,Engineering,76.99986,6.311163895,70.72,79.71,D,15.942,Yes,Yes,High,4,7,7,US
Male,22,CS,77.83874,8.530815109,83.28,85.82,A,17.164,Yes,Yes,High,9,5,5,Japan
Female,18,Business,66.45184,7.280765725,73.65,79.87,A,15.974,Yes,Yes,High,1,4.8,5,Japan
Female,22,CS,51.29856,4.709677419,48.02,52.56,A,10.512,No,Yes,Low,9,4.8,5,Canada
Female,19,Business,62.36856,5.620718463,60.89,67.28,F,13.456,No,No,High,7,7.5,8,Japan
Female,24,CS,55.74954,6.347155256,64.13,65.82,F,13.164,No,Yes,High,9,7.8,8,Japan
Male,19,CS,70.4454,6.990212072,81.58,85.7,A,17.14,Yes,Yes,High,10,4.6,5,Australia
Male,19,CS,68.09184,7.049194991,73.98,78.81,F,15.762,Yes,Yes,High,5,4.7,5,US
Female,23,CS,78.58752,7.567669173,76.24,80.52,C,16.104,Yes,Yes,High,6,8.7,9,France
Female,21,Business,84.7773,8.647003745,82.46,92.35,C,18.47,Yes,Yes,High,1,6.9,7,Canada
Female,18,CS,62.77021,6.425442291,75.02,76.27,A,15.254,Yes,Yes,High,2,7.9,8,Japan
Male,24,Engineering,58.83906,5.567641682,55.15,60.91,F,12.182,No,Yes,Low,1,4.4,4,France
Female,22,CS,41.71088,4.337617823,49.77,50.62,D,10.124,No,Yes,Low,1,4.3,4,France
Female,19,CS,47.07164,5.071741032,51.06,57.97,F,11.594,No,Yes,Low,7,6,6,Australia
Male,18,CS,41.7393,4.532102023,49.4,51.53,F,10.306,No,Yes,Low,3,6.8,7,Australia
Male,24,CS,51.39735,6.142005958,60.27,61.85,C,12.37,No,Yes,Low,1,5.9,6,US
Male,24,Business,66.46275,6.457345972,75.81,81.75,A,16.35,Yes,Yes,High,1,7.6,8,Australia
Female,18,Engineering,46.11357,5.431132075,50.87,57.57,A,11.514,No,Yes,Low,7,7.3,7,Japan
Male,21,CS,46.4178,4.869486949,47.69,54.1,A,10.82,No,Yes,Low,5,6.2,6,Japan
Male,23,Engineering,80.21156,9.539206196,94.37,98.54,F,19.708,Yes,Yes,High,1,4.4,4,Japan
Female,22,CS,88.4671,8.883451957,97.66,99.85,D,19.97,Yes,Yes,High,8,7,7,France
Male,23,CS,79.31265,7.923523717,78.63,81.85,A,16.37,Yes,Yes,High,6,5.2,5,Japan
Female,24,Engineering,52.54764,4.584780811,48.22,55.43,B,11.086,No,Yes,Low,5,5.9,6,France
Female,22,CS,87.07248,7.552238806,82.86,91.08,A,18.216,Yes,Yes,High,6,4.1,4,Canada
Male,24,Engineering,67.57088,5.92,67.39,76.96,D,15.392,Yes,Yes,High,8,6.6,7,Japan
Female,19,Engineering,56.5587,5.45202952,52.71,59.1,A,11.82,No,Yes,Low,9,7.5,8,Japan
Male,19,Business,68.85372,7.227522936,72.98,78.78,C,15.756,Yes,Yes,High,9,6.9,7,Japan
Male,18,Mathematics,45.99345,4.295041322,46.02,51.97,B,10.394,No,Yes,Low,3,7.8,8,France
Male,22,CS,86.19388,7.959644875,93.29,98.62,A,19.724,Yes,Yes,High,1,9,9,Canada
Female,22,CS,89.1088,7.803418803,85.95,91.3,B,18.26,Yes,Yes,High,10,7.2,7,France
Male,24,CS,62.15744,5.342372881,56.27,63.04,B,12.608,No,No,Low,6,5.1,5,Canada
Female,23,CS,69.60195,5.982293423,67.06,70.95,F,14.19,Yes,Yes,High,7,6.9,7,Australia
Female,19,Business,63.41184,6.618595825,61.18,69.76,B,13.952,No,Yes,High,6,5.2,5,Australia
Female,20,Business,83.48379,8.747180451,84.58,93.07,D,18.614,Yes,Yes,High,5,5.7,6,Canada
Male,18,Engineering,66.44313,5.333070866,65.57,67.73,A,13.546,No,No,High,10,5.8,6,Canada
Female,22,Engineering,47.8936,4.459574468,42.48,52.4,D,10.48,No,Yes,Low,5,6.6,7,US
Female,21,CS,57.51131,4.671538462,52.34,60.73,A,12.146,No,Yes,Low,10,6.6,7,Japan
Male,21,Engineering,49.65726,5.794089609,53.37,60.78,B,12.156,No,Yes,Low,3,7.3,7,Australia
Male,20,Business,91.90478,7.496923077,88.61,97.46,F,19.492,Yes,Yes,High,4,6.2,6,Japan
Female,19,Engineering,79.5574,8.729582577,93.04,96.2,A,19.24,Yes,Yes,High,10,4.9,5,US
Female,19,CS,57.68161,5.853285329,64.06,65.03,C,13.006,No,Yes,High,3,6.5,7,Japan
Male,19,Engineering,43.77222,4.853823814,49.52,50.14,A,10.028,No,Yes,Low,9,8,8,France
Female,23,CS,75.77415,6.273779983,68.09,75.85,B,15.17,Yes,Yes,High,3,7.5,8,Japan
Female,24,Engineering,86.35546,6.912307692,86.94,89.86,A,17.972,Yes,Yes,High,5,4.6,5,Japan
Female,21,Engineering,54.99381,5.928037383,59.64,63.43,F,12.686,No,Yes,Low,6,8.7,9,France
Female,19,CS,64.6111,6.637453875,62.25,71.95,C,14.39,Yes,Yes,High,8,5.5,6,Japan
Male,21,Business,58.58136,5.112467306,50.09,58.64,F,11.728,No,Yes,Low,10,6.9,7,US
Female,20,Business,53.7597,6.387872955,63.61,66.37,A,13.274,No,Yes,High,6,4.2,4,Japan
Male,18,CS,85.12592,7.172920065,85.47,87.94,D,17.588,Yes,Yes,High,6,8.5,9,France
Female,24,Mathematics,57.41364,5.782186235,63.77,71.41,D,14.282,Yes,Yes,High,6,7.4,7,Japan
Male,23,Engineering,70.40628,6.375330396,71.47,72.36,A,14.472,Yes,Yes,High,1,5.4,5,Japan
Female,22,Business,80.532,7.787641427,87.77,89.48,D,17.896,Yes,Yes,High,10,7.4,7,Japan
Male,20,Business,78.1009,8.102022059,85.18,88.15,A,17.63,Yes,Yes,High,6,5.5,6,Canada
Female,24,Engineering,57.63856,5.175239756,52.29,59.36,F,11.872,No,Yes,Low,1,5.3,5,Australia
Male,21,Business,63.3302,5.847933884,64.94,70.76,B,14.152,Yes,Yes,High,2,6.2,6,France
Female,20,CS,82.08672,7.533822331,83.39,92.44,A,18.488,Yes,Yes,High,8,7,7,Canada
Female,22,CS,60.23868,6.284728214,68.35,72.84,C,14.568,Yes,Yes,High,8,5,5,Japan
Male,24,Engineering,78.68623,6.918401332,79.51,83.09,B,16.618,Yes,Yes,High,2,7.7,8,Australia
Male,23,Business,60.4025,6.401960784,59.07,65.3,B,13.06,No,Yes,High,3,6.9,7,Australia
Male,18,Business,47.99988,4.286407767,51.41,52.98,F,10.596,No,Yes,Low,6,4,4,US
Male,22,Engineering,55.38624,4.674157303,56.93,58.24,A,11.648,No,Yes,Low,4,6.7,7,France
Male,24,Engineering,67.14622,5.497254902,68.88,70.09,F,14.018,Yes,Yes,High,9,6.1,6,US
Female,23,CS,62.59475,5.962114537,63.07,67.67,C,13.534,No,Yes,High,7,7.3,7,Japan
Male,21,Mathematics,75.91878,8.775925926,92.54,94.78,A,18.956,Yes,Yes,High,10,8.5,9,US
Male,22,CS,68.47008,7.311258278,72.35,77.28,F,15.456,Yes,Yes,High,9,5.3,5,Japan
Female,20,Business,71.43408,7.290322581,74.97,81.36,C,16.272,Yes,Yes,High,7,7.4,7,Australia
Male,19,Engineering,82.57254,7.203924915,83.71,84.43,D,16.886,Yes,Yes,High,6,4.8,5,Canada
Male,20,Engineering,63.71456,6.601724138,67.23,76.58,D,15.316,Yes,Yes,High,4,4.4,4,Australia
Male,21,CS,75.91584,7.956834532,82.48,88.48,D,17.696,Yes,Yes,High,8,8.7,9,Japan
Female,24,Mathematics,86.12856,7.308196721,83.61,89.16,A,17.832,Yes,Yes,High,6,8.3,8,Australia
Male,18,Engineering,62.8401,6.75024975,66.74,67.57,D,13.514,No,Yes,High,10,6.5,7,France
Female,22,Mathematics,43.77168,4.864573991,45.06,54.24,D,10.848,No,Yes,Low,5,4.7,5,Japan
Female,24,CS,84.02472,9.273576097,93.19,99.32,F,19.864,Yes,Yes,High,6,5.3,5,Canada
Male,18,Engineering,65.704,6.704489796,80.73,82.13,A,16.426,Yes,Yes,High,6,6.8,7,Japan
Female,21,Business,81.8611,7.733031674,77.33,85.45,F,17.09,Yes,Yes,High,2,7.3,7,France
Male,22,Business,73.51371,7.054618474,84.44,87.83,A,17.566,Yes,Yes,High,3,7.5,8,France
Male,23,Mathematics,76.4562,6.355397951,78.98,80.65,C,16.13,Yes,Yes,High,10,7.7,8,US
Male,23,CS,62.6646,6.531971581,70.79,73.55,B,14.71,Yes,Yes,High,9,5,5,US
Male,24,CS,88.41393,8.167078189,93.22,99.23,B,19.846,Yes,Yes,High,8,5.5,6,Japan
Male,20,Engineering,79.72874,7.657801418,78.64,86.38,A,17.276,Yes,Yes,High,8,4.1,4,Japan
Female,24,CS,90.99794,7.564754098,89.15,92.29,F,18.458,Yes,Yes,High,1,4.4,4,Japan
Female,20,Mathematics,63.19844,5.814216478,65.94,71.98,B,14.396,Yes,Yes,High,9,5.5,6,Japan
Female,21,CS,89.5256,8.02358888,92.82,95.24,F,19.048,Yes,Yes,High,4,4.9,5,US
Female,23,Engineering,83.05899,6.862916006,78.3,86.61,A,17.322,Yes,Yes,High,2,6.5,7,Australia
Male,22,CS,69.93531,6.731688512,79.86,87.31,C,17.462,Yes,Yes,High,7,8.2,8,Australia
Male,23,Engineering,50.49115,5.069962687,53.23,54.35,D,10.87,No,Yes,Low,6,7.6,8,Canada
Female,20,CS,65.10035,7.672675522,78.33,80.87,F,16.174,Yes,Yes,High,9,7.8,8,Australia
Male,24,CS,57.14656,6.364156339,58.05,66.76,A,13.352,No,Yes,High,2,7,7,France
Female,21,CS,79.19405,7.813670412,83.1,83.45,B,16.69,Yes,Yes,High,6,7.5,8,US
Female,23,CS,65.94281,6.812337098,72.01,78.41,A,15.682,Yes,No,High,8,4.9,5,Australia
Female,21,Mathematics,54.94884,5.014440433,54.59,55.56,C,11.112,No,Yes,Low,6,6.8,7,US
Female,23,CS,62.577,5.92563904,74.82,76.5,F,15.3,Yes,Yes,High,8,6.9,7,Canada
Male,24,Engineering,61.74856,6.877725118,68.88,72.56,F,14.512,Yes,Yes,High,2,7.1,7,France
Male,18,Mathematics,80.11564,6.912062257,82.1,88.82,D,17.764,Yes,Yes,High,9,7.9,8,US
Female,24,Business,68.66882,5.855806703,68.91,75.13,F,15.026,Yes,No,High,6,8.7,9,Japan
Female,23,Mathematics,73.09722,6.192307692,72.21,74.06,D,14.812,Yes,Yes,High,7,7.6,8,Japan
Female,20,Mathematics,81.32762,6.748037677,84.71,85.97,A,17.194,Yes,Yes,High,2,8.6,9,Canada
Female,24,Engineering,74.58642,7.286462882,74.96,83.43,B,16.686,Yes,Yes,High,10,6.7,7,Japan
Female,22,Engineering,95.10845,8.490196078,99.39,99.59,A,19.918,Yes,Yes,High,8,5.4,5,Japan
Male,20,CS,65.7748,5.208012327,60.89,67.6,F,13.52,No,Yes,High,9,7.3,7,Canada
Female,20,Engineering,81.0432,7.029142381,80.83,84.42,C,16.884,Yes,No,High,3,8.9,9,Canada
Female,20,Business,46.92144,4.683788122,56.11,58.36,A,11.672,No,Yes,Low,4,7.5,8,Japan
Male,21,Engineering,89.59839,8.121512151,85.19,90.23,A,18.046,Yes,Yes,High,6,8.8,9,Japan
Male,19,Business,79.03935,8.842574257,87.66,89.31,A,17.862,Yes,Yes,High,3,4.1,4,Australia
Male,19,Business,81.71663,7.780883679,76.84,86.29,F,17.258,Yes,Yes,High,10,5.3,5,Australia
Male,18,CS,51.08235,5.067934783,46.71,55.95,A,11.19,No,Yes,Low,7,5.4,5,Canada
Male,20,Business,80.19966,8.316317992,98.42,99.38,F,19.876,Yes,Yes,High,8,6.1,6,France
Male,19,Engineering,83.72606,8.878427788,90.18,97.13,F,19.426,Yes,Yes,High,5,4.2,4,Japan
Male,18,CS,65.4175,5.515297907,65.63,68.5,A,13.7,No,No,High,5,8.6,9,Japan
Male,21,Business,64.35792,6.583472454,77.19,78.87,D,15.774,Yes,Yes,High,3,7.5,8,Japan
Male,20,Engineering,77.62968,8.593266606,87.79,94.44,C,18.888,Yes,Yes,High,4,4.4,4,Canada
Female,22,Business,62.10063,6.492615117,68.08,74.73,D,14.946,Yes,Yes,High,3,4.9,5,Japan
Male,21,Engineering,75.40228,7.778210117,77.87,79.96,F,15.992,Yes,Yes,High,8,7,7,France
Female,18,CS,69.3384,6.311811024,70.46,80.16,C,16.032,Yes,Yes,High,3,8.5,9,Australia
Female,21,Business,78.337,6.47761194,78.32,82.46,A,16.492,Yes,Yes,High,2,4.4,4,Canada
Female,22,Engineering,71.13834,6.808988764,71,78.78,A,15.756,Yes,Yes,High,6,6.2,6,Japan
Female,21,CS,60.6689,6.327632763,62.03,70.3,C,14.06,Yes,No,High,8,5,5,Japan
Female,18,CS,72.04392,6.44639866,69.82,76.97,A,15.394,Yes,Yes,High,10,4.9,5,Japan
Female,22,Business,85.71012,7.922946655,85.57,93.57,C,18.714,Yes,Yes,High,8,7.7,8,Japan
Female,22,CS,87.89703,9.16519174,88.16,93.21,B,18.642,Yes,No,High,6,8.1,8,Japan
Female,21,Business,84.64165,7.542978723,83.12,88.63,A,17.726,Yes,Yes,High,6,8.6,9,Japan
Male,22,CS,64.41681,6.481209899,64.13,70.71,A,14.142,Yes,Yes,High,6,7.4,7,US
Female,24,Engineering,75.2799,8.653100775,81.86,89.3,A,17.86,Yes,Yes,High,5,4.3,4,Japan
Female,21,Mathematics,57.45492,6.602283539,68.07,69.39,A,13.878,No,No,High,4,5.8,6,Australia
Female,20,CS,78.3744,7.619047619,76.29,83.2,A,16.64,Yes,Yes,High,2,6.2,6,Japan
Female,22,Engineering,66.69287,7.767096135,72.03,78.37,B,15.674,Yes,Yes,High,5,5.4,5,France
Male,21,Business,58.175,5.453020134,55.02,65,B,13,No,Yes,High,2,6.7,7,France
Female,20,Business,60.87232,6.038237739,65.61,72.64,C,14.528,Yes,Yes,High,9,5.2,5,Japan
Male,22,Engineering,73.6736,8.674881517,82.18,91.52,C,18.304,Yes,Yes,High,4,8.5,9,Japan
Male,20,Engineering,78.71172,8.670897552,86.71,95.64,C,19.128,Yes,No,High,1,4.7,5,France
Female,23,Business,54.35452,5.042677824,54.42,60.26,C,12.052,No,Yes,Low,10,6.1,6,France
Female,22,Business,66.11148,7.034782609,66.68,72.81,A,14.562,Yes,Yes,High,1,4.6,5,Japan
Male,23,Business,69.74464,6.326566637,67.15,71.68,F,14.336,Yes,Yes,High,10,5.8,6,Canada
Female,18,CS,59.56,6.524978089,68.78,74.45,A,14.89,Yes,Yes,High,5,6.4,6,Canada
Female,18,Mathematics,90.9236,8.527178602,92.44,98.83,B,19.766,Yes,No,High,8,6.8,7,Japan
Male,21,Engineering,67.5866,5.895962733,70.59,75.94,B,15.188,Yes,Yes,High,7,5.7,6,Canada
Male,19,CS,80.9775,7.963446475,84.11,91.5,B,18.3,Yes,Yes,High,7,8,8,Japan
Female,23,CS,67.392,7.923809524,80.64,83.2,B,16.64,Yes,No,High,5,6.6,7,France
Female,23,CS,49.60256,5.262357414,53.55,55.36,C,11.072,No,Yes,Low,9,9,9,Japan
Female,18,CS,74.01294,7.314926661,76.91,84.78,B,16.956,Yes,Yes,High,5,4.6,5,Japan
Male,23,CS,79.30305,8.194029851,81.23,82.35,B,16.47,Yes,Yes,High,1,4.9,5,Japan
Female,19,CS,82.73272,7.230263158,84.94,87.92,D,17.584,Yes,Yes,High,5,8,8,US
Male,20,Engineering,52.86048,4.87477314,48.91,53.72,B,10.744,No,Yes,Low,3,6.8,7,Canada
Male,20,CS,53.06985,5.571813285,59.55,62.07,F,12.414,No,Yes,Low,3,5.8,6,Australia
Female,19,CS,80.9409,7.580119966,82.82,88.46,B,17.692,Yes,Yes,High,5,6.1,6,Japan
Male,23,CS,62.3623,6.059239611,61.34,68.53,F,13.706,No,Yes,High,1,6.8,7,US
Female,23,CS,93.43812,7.417701863,94.57,95.54,B,19.108,Yes,Yes,High,8,4.4,4,France
Female,23,CS,65.71208,5.937402191,67.97,75.88,D,15.176,Yes,Yes,High,9,7.8,8,France
Male,24,Engineering,47.29725,4.310938846,43.52,50.05,B,10.01,No,No,Low,10,6.2,6,Canada
Female,21,Mathematics,77.21046,7.14983165,76.58,84.94,B,16.988,Yes,Yes,High,4,6.1,6,Japan
Male,22,Business,74.45928,6.300582848,74.26,75.67,D,15.134,Yes,Yes,High,1,7.9,8,Japan
Male,19,Business,56.96025,5.371125612,65.7,65.85,D,13.17,No,Yes,High,2,6.8,7,Japan
Female,19,CS,45.56086,4.929468599,41.33,51.02,F,10.204,No,Yes,Low,7,7.8,8,Japan
Female,24,CS,53.58636,5.079661017,54.81,59.94,D,11.988,No,Yes,Low,1,8.6,9,France
Female,19,CS,57.96384,5.627906977,54.76,58.08,A,11.616,No,Yes,Low,3,8.7,9,US
Female,19,Business,77.5572,7.851190476,71.86,79.14,D,15.828,Yes,Yes,High,7,6.1,6,Japan
Male,24,CS,79.01264,7.634167386,87.5,88.48,C,17.696,Yes,Yes,High,4,4.3,4,Japan
Male,19,Engineering,53.51991,6.087771203,52.84,61.73,B,12.346,No,Yes,Low,10,4.1,4,US
Male,23,CS,74.78809,7.453028973,84.46,84.89,A,16.978,Yes,Yes,High,4,7.5,8,France
Female,24,CS,76.9419,8.722681359,89.46,94.99,C,18.998,Yes,Yes,High,1,4.4,4,Canada
Male,21,Mathematics,77.91788,6.25617284,79.91,81.08,B,16.216,Yes,Yes,High,8,6,6,Australia
Male,18,Business,82.65418,6.990551181,84.68,88.78,B,17.756,Yes,Yes,High,4,7.3,7,Australia
Female,23,Business,51.59997,5.658834586,58.06,60.21,D,12.042,No,Yes,Low,9,9,9,Japan
Female,23,Engineering,53.535,4.727352682,45.56,53.75,A,10.75,No,Yes,Low,5,5.1,5,US
Female,22,Business,64.51515,5.761181435,62.11,68.27,F,13.654,No,Yes,High,6,4,4,US
Male,24,Engineering,74.6833,6.941510967,80.16,85.45,B,17.09,Yes,No,High,6,4.2,4,Canada
Female,18,Mathematics,79.9164,8.200389105,77.92,84.3,D,16.86,Yes,No,High,9,5.1,5,Japan
Male,19,CS,96.28375,9.518013632,94.42,97.75,F,19.55,Yes,Yes,High,3,9,9,Canada
Male,18,Engineering,80.685,6.45800317,80.49,81.5,D,16.3,Yes,No,High,6,4.4,4,Canada
Male,21,Engineering,63.43344,5.722627737,65.51,70.56,B,14.112,Yes,Yes,High,9,7.7,8,Australia
Male,20,CS,81.7726,8.110108303,89.79,89.86,C,17.972,Yes,No,High,8,4.7,5,France
Male,23,Business,56.7276,4.931565441,50.97,57.65,B,11.53,No,Yes,Low,7,5,5,Canada
Female,24,Mathematics,89.7435,8.211050725,86.6,90.65,D,18.13,Yes,No,High,4,4.4,4,Japan
Male,24,Engineering,62.3579,6.038903625,64.92,68.3,A,13.66,No,Yes,High,5,5.1,5,US
Female,18,CS,46.3908,4.441878368,57.46,57.7,F,11.54,No,Yes,Low,7,4.6,5,France
Male,22,Engineering,46.89477,5.730769231,57.56,58.11,F,11.622,No,Yes,Low,6,4.1,4,Canada
Male,21,Business,87.37758,8.030769231,89.89,99.18,F,19.836,Yes,Yes,High,5,8,8,Australia
Female,20,Engineering,75.073,7.418647166,78.94,81.16,C,16.232,Yes,Yes,High,9,5,5,US
Male,21,CS,48.02478,5.308318264,50.54,58.71,D,11.742,No,No,Low,5,4.6,5,Japan
Male,24,Engineering,61.97111,5.07846277,62.16,63.43,C,12.686,No,Yes,Low,6,5.4,5,US
Female,19,CS,60.5052,6.435272045,67.23,68.6,D,13.72,No,Yes,High,10,7.8,8,Canada
Female,20,Business,49.56981,4.630701754,50.2,52.79,D,10.558,No,Yes,Low,7,5.1,5,France
Male,24,CS,49.76716,5.038181818,46.69,55.42,C,11.084,No,Yes,Low,2,6.7,7,Japan
Male,22,Engineering,85.62348,7.458933108,82.73,88.09,F,17.618,Yes,Yes,High,5,5.1,5,Canada
Male,20,Business,84.24762,8.871896723,85.54,89.34,C,17.868,Yes,No,High,6,5.9,6,Japan
Female,24,CS,99.21118,8.939748201,89.98,99.41,D,19.882,Yes,Yes,High,3,6.6,7,US
Male,22,CS,42.704,4.122007722,46.48,53.38,D,10.676,No,Yes,Low,4,7.8,8,France
Female,19,CS,88.13118,7.991539763,91.7,94.46,B,18.892,Yes,Yes,High,2,5.4,5,Canada
Female,22,CS,57.82508,6.137931034,64.92,65.86,D,13.172,No,Yes,High,7,6.2,6,Australia
Male,21,CS,60.34851,5.358353511,65.04,66.39,D,13.278,No,Yes,High,2,7.2,7,US
Female,18,Mathematics,55.90912,5.382999045,51.1,56.36,C,11.272,No,Yes,Low,2,5.4,5,France
Male,21,Business,83.32948,7.753317721,95.97,99.32,D,19.864,Yes,No,High,5,5.1,5,Japan
Male,24,Business,94.4937,8.415463042,91.23,99.05,F,19.81,Yes,Yes,High,5,6.8,7,France
Female,24,Mathematics,77.48244,7.211136891,84.04,93.24,F,18.648,Yes,Yes,High,6,8.8,9,Canada
Female,23,CS,52.41294,4.953678474,51.92,54.54,A,10.908,No,Yes,Low,2,8.6,9,France
Female,21,CS,80.20168,7.504482478,88.68,92.08,D,18.416,Yes,Yes,High,9,7,7,France
Female,20,CS,77.15312,6.455766193,74.58,81.73,C,16.346,Yes,Yes,High,2,6.1,6,Canada
Female,19,Business,55.42408,5.221091582,49.97,56.44,B,11.288,No,Yes,Low,1,6.8,7,Japan
Female,23,Engineering,56.781,6.002854424,60.11,63.09,A,12.618,No,Yes,Low,4,8,8,Canada
Male,23,CS,72.38222,8.429141717,79.44,84.46,D,16.892,Yes,Yes,High,2,4.5,5,Canada
Male,23,CS,77.63637,8.579448145,86.11,90.17,B,18.034,Yes,Yes,High,7,7.9,8,Canada
Male,24,Engineering,88.0572,7.457627119,88.93,92.4,A,18.48,Yes,Yes,High,4,7.3,7,Japan
Female,18,Engineering,65.92026,6.126190476,77.07,77.19,A,15.438,Yes,Yes,High,2,5.3,5,Japan
Female,22,Business,68.05951,6.677980853,69.38,76.73,C,15.346,Yes,Yes,High,10,8.4,8,Canada
Female,20,CS,72.08376,7.052763819,76.25,84.21,A,16.842,Yes,Yes,High,5,4.4,4,US
Male,24,Mathematics,71.73423,7.610445205,84.63,88.89,D,17.778,Yes,Yes,High,9,8.6,9,Canada
Male,19,Engineering,52.73553,5.55313093,57.41,58.53,B,11.706,No,Yes,Low,4,5.9,6,Canada
Female,24,Business,83.24943,6.871248025,82.5,86.99,B,17.398,Yes,No,High,1,8.1,8,Canada
Female,18,Mathematics,62.049,5.244722439,65.99,67.08,D,13.416,No,Yes,High,8,4.8,5,Japan
Female,24,Mathematics,66.56078,6.074626866,68.93,69.19,D,13.838,No,Yes,High,8,6.8,7,US
Female,24,CS,47.58487,4.859332732,44.11,53.89,C,10.778,No,Yes,Low,10,4.2,4,Japan
Male,21,CS,76.79914,6.57995029,73.77,79.42,A,15.884,Yes,Yes,High,10,5.4,5,Canada
Male,19,Engineering,46.03214,4.32173913,54.37,54.67,F,10.934,No,Yes,Low,5,8.1,8,US
Male,23,Engineering,83.12854,9.033050047,86.35,95.66,A,19.132,Yes,Yes,High,8,6.3,6,US
Female,19,Engineering,66.86625,6.366849961,75.88,81.05,B,16.21,Yes,Yes,High,1,7.3,7,Canada
Male,19,Mathematics,98.21637,8.932675045,98.45,99.51,C,19.902,Yes,Yes,High,2,8,8,US
Female,21,CS,57.35988,5.793488372,57.2,62.28,D,12.456,No,Yes,Low,4,6.7,7,Australia
Female,22,Engineering,75.33006,7.296264118,81.84,83.98,A,16.796,Yes,Yes,High,3,6.9,7,Australia
Female,24,CS,87.02292,7.655494934,90.95,98.22,F,19.644,Yes,No,High,3,7.8,8,France
Male,20,Business,63.43661,5.715669014,64.83,64.93,C,12.986,No,Yes,Low,9,4.6,5,Australia
Male,23,Mathematics,50.54404,4.375099761,54.35,54.82,F,10.964,No,Yes,Low,9,4.4,4,France
Female,22,Engineering,71.9777,8.001958864,71.74,81.7,B,16.34,Yes,Yes,High,8,7.1,7,Japan
Male,18,CS,65.7729,6.535885167,65.91,68.3,D,13.66,No,Yes,High,7,8.9,9,Canada
Female,24,Business,55.05725,5.888066605,55.71,63.65,B,12.73,No,Yes,Low,8,7.2,7,Japan
Female,23,Engineering,92.40336,8.884135472,96.43,99.68,A,19.936,Yes,Yes,High,4,7.5,8,Japan
Female,20,CS,83.23679,8.632874016,83.71,87.71,A,17.542,Yes,Yes,High,7,7.3,7,Japan
Male,24,Business,66.76873,6.168604651,73.91,74.27,F,14.854,Yes,Yes,High,8,7,7,US
Male,18,Mathematics,43.7325,4.768392371,42.55,52.5,A,10.5,No,Yes,Low,4,5,5,Canada
Female,21,Engineering,51.47712,5.015151515,55.71,59.58,B,11.916,No,Yes,Low,5,8.2,8,US
Male,22,Engineering,57.53684,5.979742173,55.86,64.94,C,12.988,No,No,Low,8,6.9,7,Australia
Male,24,CS,64.91628,6.897959184,69.92,74.36,A,14.872,Yes,No,High,2,8.9,9,Japan
Male,23,Engineering,59.96286,7.253875969,67.67,74.86,D,14.972,Yes,Yes,High,4,4.3,4,France
Male,19,Engineering,48.47304,4.409638554,41.53,51.24,A,10.248,No,Yes,Low,4,5.5,6,Japan
Female,20,CS,78.80487,9.35226179,93.22,97.17,D,19.434,Yes,Yes,High,10,4.5,5,US
Male,24,CS,67.4975,6.80847308,70.8,77.14,A,15.428,Yes,Yes,High,4,8.3,8,Japan
Female,23,CS,49.51129,5.068588469,49.93,50.99,A,10.198,No,No,Low,1,8.1,8,France
Female,19,CS,76.39286,8.373031496,80.29,85.07,C,17.014,Yes,Yes,High,6,7.9,8,Japan
Male,23,Engineering,45.10594,4.430934657,49.58,53.57,F,10.714,No,Yes,Low,3,7.4,7,US
Female,24,Engineering,77.97036,6.702492212,84.71,86.06,D,17.212,Yes,Yes,High,2,4.5,5,US
Female,18,Engineering,76.05258,7.327304048,77.88,85.07,A,17.014,Yes,Yes,High,10,6,6,France
Male,19,CS,84.958,8.885407341,96.78,99.25,F,19.85,Yes,Yes,High,8,7.5,8,Australia
Female,19,Engineering,54.4852,5.459723352,59.83,67.1,C,13.42,No,Yes,High,7,5.8,6,Japan
Female,23,Business,53.95846,5.159603246,53.91,57.22,D,11.444,No,No,Low,7,7.6,8,Japan
Male,21,Engineering,50.82329,5.116213683,53.72,54.59,C,10.918,No,Yes,Low,7,5.4,5,Japan
Male,24,Mathematics,48.87408,4.443615257,46.74,53.59,A,10.718,No,Yes,Low,2,6.7,7,Canada
Male,21,Engineering,83.09736,7.857638889,85.76,90.52,B,18.104,Yes,Yes,High,5,5.8,6,Australia
Male,22,Engineering,80.60234,6.692367601,77.02,85.93,F,17.186,Yes,Yes,High,1,8.6,9,Canada
Male,18,CS,79.9292,8.697183099,92.71,98.8,A,19.76,Yes,Yes,High,2,6.2,6,Australia
Female,21,Engineering,62.8416,5.468671679,57.88,65.46,F,13.092,No,Yes,High,10,5.4,5,US
Female,23,Business,77.89824,8.05,85.74,90.16,D,18.032,Yes,Yes,High,1,4.3,4,Japan
Male,24,Mathematics,48.91175,4.743923611,47.37,54.65,D,10.93,No,Yes,Low,6,4.7,5,US
Male,21,Mathematics,76.53276,9.170520231,89.58,95.19,A,19.038,Yes,Yes,High,9,6.8,7,Japan
Female,22,CS,46.01625,4.86493987,52.22,52.59,F,10.518,No,Yes,Low,8,7.5,8,Japan
Male,20,Engineering,85.00989,8.678640777,79.98,89.39,D,17.878,Yes,Yes,High,6,8.8,9,France
Male,22,Engineering,57.39486,5.724168126,58.1,65.37,B,13.074,No,Yes,High,7,7,7,France
Female,19,Engineering,50.61442,4.635792779,49.12,59.06,D,11.812,No,Yes,Low,3,7.4,7,Japan
Female,24,CS,69.63291,6.834803528,85.2,85.23,F,17.046,Yes,Yes,High,10,7.1,7,France
Female,19,Business,76.40074,8.555054152,89.45,94.79,F,18.958,Yes,Yes,High,2,8.5,9,Japan
Male,21,Mathematics,84.85802,7.096540628,87.96,88.21,A,17.642,Yes,Yes,High,8,5.5,6,France
Female,21,Engineering,53,5,63,65.65,C,13.13,No,Yes,High,5,7,7,US
Male,22,CS,93,7,55,67.68,C,13.536,No,Yes,High,7,8.8,9,Canada
Female,22,CS,67,5,99,59.47,F,11.894,No,Yes,Low,4,4,4,Japan
Male,23,Engineering,71,10,63,91.2,D,18.24,Yes,Yes,High,4,5.4,5,Japan
Male,18,CS,94,7,87,55.35,B,11.07,No,Yes,Low,5,7.8,8,Canada
Male,23,Mathematics,94,9,86,95.16,C,19.032,Yes,No,High,4,6.3,6,Australia
Female,19,Engineering,53,7,65,80.06,D,16.012,Yes,Yes,High,5,4.8,5,Japan
Female,23,Engineering,83,10,57,79.44,A,15.888,Yes,No,High,7,6.9,7,Japan
Female,22,Engineering,57,5,62,91.89,C,18.378,Yes,Yes,High,6,6.6,7,Australia
Male,24,CS,82,7,55,83.38,F,16.676,Yes,Yes,High,7,6.3,6,Australia
Female,23,Mathematics,90,10,68,65.21,C,13.042,No,Yes,High,7,5.7,6,Japan
Female,20,Engineering,56,5,94,67.48,B,13.496,No,Yes,High,9,4.3,4,Australia
Male,18,Mathematics,66,9,63,58.65,B,11.73,No,Yes,Low,2,7,7,France
Male,22,Engineering,63,8,78,73.2,F,14.64,Yes,Yes,High,3,6.6,7,Australia
Female,24,Business,66,9,56,55.51,B,11.102,No,Yes,Low,3,6.9,7,Japan
Female,21,CS,100,7,75,82.65,A,16.53,Yes,Yes,High,6,4,4,Japan
Female,23,Engineering,96,9,69,58.46,A,11.692,No,Yes,Low,1,4.4,4,Australia
Male,22,Business,85,7,91,93.2,D,18.64,Yes,Yes,High,9,4.8,5,Japan
Female,21,Business,90,10,68,85.02,D,17.004,Yes,Yes,High,5,6.2,6,France
Male,21,Business,73,10,74,94.58,B,18.916,Yes,No,High,6,8,8,Japan
Male,19,CS,92,10,88,54.35,B,10.87,No,Yes,Low,7,5.2,5,Japan
Female,19,Mathematics,89,6,55,89.93,D,17.986,Yes,Yes,High,1,8,8,Japan
Female,24,Mathematics,97,7,77,94.04,D,18.808,Yes,Yes,High,3,5.2,5,Australia
Male,22,CS,76,9,69,52.23,C,10.446,No,Yes,Low,9,7.7,8,France
Male,24,Mathematics,63,5,64,99.95,C,19.99,Yes,Yes,High,5,8.4,8,Australia
Female,22,CS,86,5,93,65.03,A,13.006,No,Yes,High,2,8.1,8,Australia
Female,20,Engineering,60,6,94,60.59,C,12.118,No,Yes,Low,3,7.7,8,Australia
Female,18,CS,94,9,53,70.75,D,14.15,Yes,Yes,High,6,4.2,4,Japan
Male,18,Mathematics,56,7,59,50.43,C,10.086,No,Yes,Low,3,5.7,6,France
Male,22,CS,92,5,88,94.3,B,18.86,Yes,Yes,High,1,5,5,US
Female,19,Engineering,97,8,91,63.42,A,12.684,No,Yes,Low,5,6.4,6,Australia
Male,23,Engineering,82,9,84,76.08,A,15.216,Yes,Yes,High,10,5.8,6,France
Male,24,CS,50,8,87,81.18,F,16.236,Yes,Yes,High,7,7.1,7,Australia
Female,20,Engineering,69,5,63,89.55,D,17.91,Yes,Yes,High,5,6.8,7,Japan
Male,18,CS,81,7,79,62.51,A,12.502,No,No,Low,1,6.2,6,Canada
Female,22,Business,75,5,75,85.86,A,17.172,Yes,Yes,High,2,7.8,8,US
Female,19,Mathematics,74,7,86,55.88,F,11.176,No,Yes,Low,2,4.1,4,Japan
Male,19,Business,67,9,91,85.21,D,17.042,Yes,Yes,High,10,8.3,8,US
Male,19,Business,95,6,65,95.96,C,19.192,Yes,Yes,High,4,4,4,Australia
Female,24,CS,59,8,97,54.25,A,10.85,No,No,Low,4,6.3,6,Japan
Male,23,CS,51,8,91,55.84,A,11.168,No,Yes,Low,1,8.4,8,Japan
Female,21,Engineering,97,9,78,77.86,F,15.572,Yes,Yes,High,2,6.1,6,Australia
